[00:30:55] [main/INFO] (FabricLoader/GameProvider) Loading Minecraft 26.2 with Fabric Loader 0.19.5
[00:30:55] [main/INFO] (FabricLoader/Mappings) Mappings not present!
[00:30:55] [main/INFO] (FabricLoader) Loading 51 mods:
	- fabric-api 0.160.0+26.2
	- fabric-api-base 2.0.4+ece063239e
	- fabric-api-lookup-api-v1 2.0.18+11e1c9a39e
	- fabric-biome-api-v1 18.0.6+c7bd5b8e9e
	- fabric-block-api-v1 3.1.0+53515aab9e
	- fabric-block-getter-api-v2 2.0.7+ec56b6019e
	- fabric-client-gametest-api-v1 6.0.2+0f4f1dca9e
	- fabric-command-api-v2 3.1.0+00cb03469e
	- fabric-content-registries-v0 11.3.2+37b1aa249e
	- fabric-convention-tags-v2 4.7.1+1f023a9e9e
	- fabric-crash-report-info-v1 1.0.5+086d547a9e
	- fabric-creative-tab-api-v1 5.0.15+6468574f9e
	- fabric-data-attachment-api-v1 2.2.19+515ac5339e
	- fabric-data-generation-api-v1 25.6.0+c0da0b829e
	- fabric-debug-api-v1 1.0.2+c792624d9e
	- fabric-dimensions-v1 5.1.12+515ac5339e
	- fabric-entity-events-v1 5.0.5+06488ac19e
	- fabric-events-interaction-v0 5.2.8+515ac5339e
	- fabric-game-rule-api-v1 4.0.8+46a6d00c9e
	- fabric-gametest-api-v1 4.0.22+4a7fa0819e
	- fabric-item-api-v1 14.5.0+c68f6cbe9e
	- fabric-key-mapping-api-v1 2.0.5+e2bdee789e
	- fabric-lifecycle-events-v1 4.1.4+29b6eb019e
	- fabric-loot-api-v3 3.0.17+06488ac19e
	- fabric-menu-api-v1 2.0.17+086d547a9e
	- fabric-message-api-v1 7.0.8+bb2ed3f79e
	- fabric-model-loading-api-v1 8.0.17+c80601bb9e
	- fabric-networking-api-v1 6.3.4+2989c6a09e
	- fabric-object-builder-api-v1 24.1.1+6fcd5f039e
	- fabric-particles-v1 5.0.19+d1756aa99e
	- fabric-permission-api-v1 1.0.5+e442d8d09e
	- fabric-recipe-api-v1 9.0.22+11e1c9a39e
	- fabric-registry-sync-v0 7.1.1+c7bd5b8e9e
	- fabric-renderer-api-v1 14.1.4+2b0d8a229e
	- fabric-renderer-indigo 9.1.4+2b0d8a229e
	- fabric-rendering-fluids-v1 6.0.4+06488ac19e
	- fabric-rendering-v1 25.3.3+515ac5339e
	- fabric-resource-conditions-api-v1 6.1.0+10e9a28b9e
	- fabric-resource-loader-v0 3.3.20+4fc5413f9e
	- fabric-resource-loader-v1 2.0.13+9edec1269e
	- fabric-screen-api-v1 5.2.1+5087f8249e
	- fabric-serialization-api-v1 2.0.4+11a26f319e
	- fabric-sound-api-v1 2.0.5+11a26f319e
	- fabric-tag-api-v1 2.1.4+515ac5339e
	- fabric-transfer-api-v1 8.0.13+11dbb7d79e
	- fabric-transitive-access-wideners-v1 8.1.4+67c847259e
	- fabricloader 0.19.5
	- hatek_client 1.0-SNAPSHOT
	- java 25
	- minecraft 26.2
	- mixinextras 0.5.5
[00:30:55] [main/INFO] (FabricLoader/Mixin) SpongePowered MIXIN Subsystem Version=0.8.7 Source=file:/C:/Users/selse/.gradle/caches/modules-2/files-2.1/net.fabricmc/sponge-mixin/0.17.4+mixin.0.8.7/5f66cc9f59b8efaa942155a3d5a30599bf6640dd/sponge-mixin-0.17.4+mixin.0.8.7.jar Service=Knot/Fabric Env=CLIENT
[00:30:58] [main/INFO] (FabricLoader/MixinExtras|Service) Initializing MixinExtras via com.llamalad7.mixinextras.service.MixinExtrasServiceImpl(version=0.5.5).
[00:31:00] [Datafixer Bootstrap #0/INFO] (Minecraft) 295 Datafixer optimizations took 597 milliseconds
[00:31:11] [Render thread/INFO] (Minecraft) Environment: Environment[sessionHost=https://sessionserver.mojang.com, servicesHost=https://api.minecraftservices.com, profilesHost=https://api.mojang.com, name=PROD]
[00:31:11] [Render thread/INFO] (Minecraft) Setting user: Player210
[00:31:11] [Render thread/INFO] (Indigo) [Indigo] Registering Indigo renderer!
[00:31:12] [Render thread/INFO] (Minecraft) Backend library: LWJGL version 3.4.1-snapshot
[00:31:12] [Download-2/ERROR] (Minecraft) Failed to fetch user properties
com.mojang.authlib.exceptions.InvalidCredentialsException: Status: 401
	at knot//com.mojang.authlib.exceptions.MinecraftClientHttpException.toAuthenticationException(MinecraftClientHttpException.java:70)
	at knot//com.mojang.authlib.yggdrasil.YggdrasilUserApiService.fetchProperties(YggdrasilUserApiService.java:173)
	at knot//net.minecraft.client.Minecraft.lambda$new$1(Minecraft.java:438)
	at java.base/java.util.concurrent.CompletableFuture$AsyncSupply.run(CompletableFuture.java:1789)
	at java.base/java.util.concurrent.ThreadPoolExecutor.runWorker(ThreadPoolExecutor.java:1090)
	at java.base/java.util.concurrent.ThreadPoolExecutor$Worker.run(ThreadPoolExecutor.java:614)
	at java.base/java.lang.Thread.run(Thread.java:1474)
Caused by: MinecraftClientHttpException[type=HTTP_ERROR, status=401, response=ErrorResponse[path=/player/attributes, error=null, errorMessage=null, details=null]]
	at knot//com.mojang.authlib.minecraft.client.MinecraftClient.buildHttpException(MinecraftClient.java:170)
	at knot//com.mojang.authlib.minecraft.client.MinecraftClient.readServiceResponse(MinecraftClient.java:147)
	at knot//com.mojang.authlib.minecraft.client.MinecraftClient.getWithEtag(MinecraftClient.java:81)
	at knot//com.mojang.authlib.minecraft.client.MinecraftClient.get(MinecraftClient.java:65)
	at knot//com.mojang.authlib.yggdrasil.YggdrasilUserApiService.fetchProperties(YggdrasilUserApiService.java:123)
	... 5 more
[00:31:13] [Render thread/INFO] (Minecraft) Preferring discrete GPU: NVIDIA GeForce RTX 4060 Laptop GPU
[00:31:13] [Render thread/INFO] (Minecraft) Using graphics backend OpenGL, using drivers: 3.3.0 Core Profile Context 26.8.1.260806
[00:31:13] [Render thread/INFO] (Minecraft) Using graphics device: AMD Radeon(TM) Graphics (ATI Technologies Inc.)
[00:31:13] [Render thread/INFO] (Minecraft) Using graphics device extensions: GL_ARB_multi_draw_indirect, GL_ARB_buffer_storage, GL_ARB_shader_draw_parameters, GL_ARB_base_instance, GL_KHR_debug, GL_ARB_draw_indirect, GL_ARB_clip_control, GL_ARB_vertex_attrib_binding, GL_ARB_direct_state_access, GL_EXT_texture_filter_anisotropic
[00:31:15] [Render thread/INFO] (Minecraft) Reloading ResourceManager: vanilla, fabric-api, fabric-api-base, fabric-api-lookup-api-v1, fabric-biome-api-v1, fabric-block-api-v1, fabric-block-getter-api-v2, fabric-client-gametest-api-v1, fabric-command-api-v2, fabric-content-registries-v0, fabric-convention-tags-v2, fabric-crash-report-info-v1, fabric-creative-tab-api-v1, fabric-data-attachment-api-v1, fabric-data-generation-api-v1, fabric-debug-api-v1, fabric-dimensions-v1, fabric-entity-events-v1, fabric-events-interaction-v0, fabric-game-rule-api-v1, fabric-gametest-api-v1, fabric-item-api-v1, fabric-key-mapping-api-v1, fabric-lifecycle-events-v1, fabric-loot-api-v3, fabric-menu-api-v1, fabric-message-api-v1, fabric-model-loading-api-v1, fabric-networking-api-v1, fabric-object-builder-api-v1, fabric-particles-v1, fabric-permission-api-v1, fabric-recipe-api-v1, fabric-registry-sync-v0, fabric-renderer-api-v1, fabric-renderer-indigo, fabric-rendering-fluids-v1, fabric-rendering-v1, fabric-resource-conditions-api-v1, fabric-resource-loader-v0, fabric-resource-loader-v1, fabric-screen-api-v1, fabric-serialization-api-v1, fabric-sound-api-v1, fabric-tag-api-v1, fabric-transfer-api-v1, fabric-transitive-access-wideners-v1, fabricloader, hatek_client
[00:31:15] [Worker-Main-10/INFO] (Minecraft) Found unifont_pua-17.0.01.hex, loading
[00:31:15] [Worker-Main-11/INFO] (Minecraft) Found unifont_all_no_pua-17.0.01.hex, loading
[00:31:15] [Worker-Main-12/INFO] (Minecraft) Found unifont_jp_patch-17.0.01.hex, loading
[00:31:15] [Download-2/INFO] (Minecraft) Could not authorize you against Realms server: java.lang.RuntimeException: Failed to parse into SignedJWT: FabricMC
[00:31:15] [Download-2/ERROR] (Minecraft) Failed to fetch Realms feature flags
com.mojang.realmsclient.exception.RealmsServiceException: Realms authentication error with message 'java.lang.RuntimeException: Failed to parse into SignedJWT: FabricMC'
	at knot//com.mojang.realmsclient.client.RealmsClient.execute(RealmsClient.java:528)
	at knot//com.mojang.realmsclient.client.RealmsClient.fetchFeatureFlags(RealmsClient.java:187)
	at java.base/java.util.concurrent.CompletableFuture$AsyncSupply.run(CompletableFuture.java:1789)
	at java.base/java.util.concurrent.ThreadPoolExecutor.runWorker(ThreadPoolExecutor.java:1090)
	at java.base/java.util.concurrent.ThreadPoolExecutor$Worker.run(ThreadPoolExecutor.java:614)
	at java.base/java.lang.Thread.run(Thread.java:1474)
[00:31:16] [Render thread/INFO] (Minecraft) OpenAL initialized on device OpenAL Soft on Динамики (MCHOSE V9 PRO)
[00:31:16] [Render thread/INFO] (Minecraft) Sound engine started
[00:31:16] [Render thread/INFO] (Minecraft) Created: 512x256x0 minecraft:textures/atlas/particles.png-atlas
[00:31:16] [Render thread/INFO] (Minecraft) Created: 128x128x0 minecraft:textures/atlas/decorated_pot.png-atlas
[00:31:16] [Render thread/INFO] (Minecraft) Created: 2048x1024x0 minecraft:textures/atlas/armor_trims.png-atlas
[00:31:16] [Render thread/INFO] (Minecraft) Created: 512x256x0 minecraft:textures/atlas/paintings.png-atlas
[00:31:16] [Render thread/INFO] (Minecraft) Created: 1024x512x0 minecraft:textures/atlas/shield_patterns.png-atlas
[00:31:16] [Render thread/INFO] (Minecraft) Created: 2048x2048x4 minecraft:textures/atlas/blocks.png-atlas
[00:31:17] [Render thread/INFO] (Minecraft) Created: 512x512x0 minecraft:textures/atlas/chest.png-atlas
[00:31:17] [Render thread/INFO] (Minecraft) Created: 256x128x0 minecraft:textures/atlas/celestials.png-atlas
[00:31:17] [Render thread/INFO] (Minecraft) Created: 1024x512x0 minecraft:textures/atlas/banner_patterns.png-atlas
[00:31:17] [Render thread/INFO] (Minecraft) Created: 1024x512x0 minecraft:textures/atlas/items.png-atlas
[00:31:17] [Render thread/INFO] (Minecraft) Created: 1024x1024x0 minecraft:textures/atlas/gui.png-atlas
[00:31:17] [Render thread/INFO] (Minecraft) Created: 128x64x0 minecraft:textures/atlas/map_decorations.png-atlas
[00:31:17] [Render thread/INFO] (Minecraft) Created: 512x512x0 minecraft:textures/atlas/shulker_boxes.png-atlas
[00:31:17] [Download-2/INFO] (Minecraft) Could not authorize you against Realms server: java.lang.RuntimeException: Failed to parse into SignedJWT: FabricMC
[00:31:17] [Download-2/ERROR] (Minecraft) Couldn't connect to realms
com.mojang.realmsclient.exception.RealmsServiceException: Realms authentication error with message 'java.lang.RuntimeException: Failed to parse into SignedJWT: FabricMC'
	at knot//com.mojang.realmsclient.client.RealmsClient.execute(RealmsClient.java:528)
	at knot//com.mojang.realmsclient.client.RealmsClient.clientCompatible(RealmsClient.java:308)
	at knot//com.mojang.realmsclient.RealmsAvailability.lambda$check$0(RealmsAvailability.java:48)
	at java.base/java.util.concurrent.CompletableFuture$AsyncSupply.run(CompletableFuture.java:1789)
	at java.base/java.util.concurrent.ThreadPoolExecutor.runWorker(ThreadPoolExecutor.java:1090)
	at java.base/java.util.concurrent.ThreadPoolExecutor$Worker.run(ThreadPoolExecutor.java:614)
	at java.base/java.lang.Thread.run(Thread.java:1474)
[00:31:46] [Render thread/INFO] (Minecraft) Connecting to mc.spookytime.su, 25565
[00:31:47] [Download-1/ERROR] (Minecraft) Failed to retrieve profile key pair
MinecraftClientHttpException[type=HTTP_ERROR, status=401, response=ErrorResponse[path=/player/certificates, error=null, errorMessage=null, details=null]]
	at knot//com.mojang.authlib.minecraft.client.MinecraftClient.buildHttpException(MinecraftClient.java:170)
	at knot//com.mojang.authlib.minecraft.client.MinecraftClient.readServiceResponse(MinecraftClient.java:147)
	at knot//com.mojang.authlib.minecraft.client.MinecraftClient.post(MinecraftClient.java:89)
	at knot//com.mojang.authlib.yggdrasil.YggdrasilUserApiService.getKeyPair(YggdrasilUserApiService.java:62)
	at knot//net.minecraft.client.multiplayer.AccountProfileKeyPairManager.fetchProfileKeyPair(AccountProfileKeyPairManager.java:128)
	at knot//net.minecraft.client.multiplayer.AccountProfileKeyPairManager.lambda$readOrFetchProfileKeyPair$0(AccountProfileKeyPairManager.java:77)
	at java.base/java.util.concurrent.CompletableFuture$AsyncSupply.run(CompletableFuture.java:1789)
	at java.base/java.util.concurrent.ThreadPoolExecutor.runWorker(ThreadPoolExecutor.java:1090)
	at java.base/java.util.concurrent.ThreadPoolExecutor$Worker.run(ThreadPoolExecutor.java:614)
	at java.base/java.lang.Thread.run(Thread.java:1474)
[00:31:50] [Render thread/INFO] (Minecraft) Resizing Dynamic Transforms UBO, capacity limit of 2 reached during a single frame. New capacity will be 4.
[00:31:50] [Render thread/INFO] (Minecraft) [System] [CHAT] ➥ Идёт проверка, пожалуйста, подождите...
[00:31:50] [Render thread/INFO] (Minecraft) Resizing Dynamic Transforms UBO, capacity limit of 4 reached during a single frame. New capacity will be 8.
[00:31:50] [Render thread/INFO] (Minecraft) Resizing Dynamic Transforms UBO, capacity limit of 8 reached during a single frame. New capacity will be 16.
[00:31:52] [Render thread/INFO] (Minecraft) [System] [CHAT] ➥ Идёт проверка, пожалуйста, подождите...
[00:31:54] [Render thread/INFO] (Minecraft) [System] [CHAT] ➥ Идёт проверка, пожалуйста, подождите...
[00:31:54] [Render thread/INFO] (Minecraft) Resizing Chunk Sections UBO, capacity limit of 2 reached during a single frame. New capacity will be 4.
[00:31:56] [Render thread/INFO] (Minecraft) [System] [CHAT] ➥ Идёт проверка, пожалуйста, подождите...
[00:31:58] [Render thread/INFO] (Minecraft) [System] [CHAT] ➥ Идёт проверка, пожалуйста, подождите...
[00:32:00] [Render thread/INFO] (Minecraft) [System] [CHAT] ➥ Идёт проверка, пожалуйста, подождите...
[00:32:00] [Render thread/INFO] (Minecraft) [System] [CHAT] ➥ Идёт проверка, пожалуйста, подождите...
[00:32:00] [Render thread/INFO] (Minecraft) [System] [CHAT] ➥ Вы успешно прошли проверку! :)
[00:32:00] [Render thread/INFO] (Minecraft) [System] [CHAT] [✾] Зарегистрируйтесь ⇝ /reg <Пароль>
[00:32:00] [Netty NIO IO #0/WARN] (fabric-networking-api-v1) Received invalid channel identifier "legacy:minecraft:brand"
[00:32:00] [Netty NIO IO #0/WARN] (fabric-networking-api-v1) Received invalid channel identifier "legacy:mc|brand"
[00:32:00] [Render thread/WARN] (Minecraft) Ignoring player info update for unknown player 23d9c218-6e3a-3006-8ea5-d8175adc3e80 ([UPDATE_GAME_MODE])
[00:32:00] [Render thread/WARN] (Minecraft) Ignoring player info update for unknown player 23d9c218-6e3a-3006-8ea5-d8175adc3e80 ([UPDATE_GAME_MODE])
[00:32:00] [Render thread/WARN] (Minecraft) Ignoring player info update for unknown player 23d9c218-6e3a-3006-8ea5-d8175adc3e80 ([UPDATE_GAME_MODE])
[00:32:00] [Render thread/WARN] (Minecraft) Ignoring player info update for unknown player 23d9c218-6e3a-3006-8ea5-d8175adc3e80 ([UPDATE_GAME_MODE])
[00:32:00] [Render thread/WARN] (Minecraft) Ignoring player info update for unknown player 23d9c218-6e3a-3006-8ea5-d8175adc3e80 ([UPDATE_GAME_MODE])
[00:32:00] [Render thread/WARN] (Minecraft) Ignoring player info update for unknown player 23d9c218-6e3a-3006-8ea5-d8175adc3e80 ([UPDATE_GAME_MODE])
[00:32:00] [Render thread/INFO] (Minecraft) Loaded 0 advancements
[00:32:00] [Render thread/WARN] (Minecraft) Ignoring player info update for unknown player 17afeb8d-c2c8-331a-9ed5-a29ef13529fb ([UPDATE_GAME_MODE])
[00:32:00] [Render thread/WARN] (Minecraft) Ignoring player info update for unknown player 17afeb8d-c2c8-331a-9ed5-a29ef13529fb ([UPDATE_GAME_MODE])
[00:32:01] [Render thread/INFO] (Minecraft) Resizing Chunk Sections UBO, capacity limit of 4 reached during a single frame. New capacity will be 8.
[00:32:01] [Render thread/INFO] (Minecraft) Resizing Chunk Sections UBO, capacity limit of 8 reached during a single frame. New capacity will be 16.
[00:32:01] [Render thread/INFO] (Minecraft) Resizing Chunk Sections UBO, capacity limit of 16 reached during a single frame. New capacity will be 32.
[00:32:04] [Render thread/INFO] (Minecraft) [System] [CHAT] [✾] Зарегистрируйтесь ⇝ /reg <Пароль>
[00:32:04] [Render thread/WARN] (Minecraft) Ignoring player info update for unknown player 073b0f32-7f72-3b75-811d-c45e0d12ab0b ([UPDATE_GAME_MODE])
[00:32:04] [Render thread/WARN] (Minecraft) Ignoring player info update for unknown player 073b0f32-7f72-3b75-811d-c45e0d12ab0b ([UPDATE_GAME_MODE])
[00:32:06] [Render thread/INFO] (Minecraft) [System] [CHAT] [✾] Успешная регистрация! Приятной игры!
[00:32:06] [Render thread/WARN] (Minecraft) Ignoring player info update for unknown player 6e44ad1c-6f05-31e4-9dc0-e20e77631845 ([UPDATE_GAME_MODE])
[00:32:06] [Render thread/WARN] (Minecraft) Ignoring player info update for unknown player 6e44ad1c-6f05-31e4-9dc0-e20e77631845 ([UPDATE_GAME_MODE])
[00:32:06] [Render thread/WARN] (Minecraft) Ignoring player info update for unknown player 6e44ad1c-6f05-31e4-9dc0-e20e77631845 ([UPDATE_GAME_MODE])
[00:32:06] [Render thread/WARN] (Minecraft) Ignoring player info update for unknown player 6e44ad1c-6f05-31e4-9dc0-e20e77631845 ([UPDATE_GAME_MODE])
[00:32:08] [Netty NIO IO #0/WARN] (fabric-networking-api-v1) Received invalid channel identifier "legacy:minecraft:brand"
[00:32:08] [Netty NIO IO #0/WARN] (fabric-networking-api-v1) Received invalid channel identifier "legacy:mc|brand"
[00:32:08] [Render thread/WARN] (Minecraft) Ignoring player info update for unknown player 23d9c218-6e3a-3006-8ea5-d8175adc3e80 ([UPDATE_GAME_MODE])
[00:32:08] [Render thread/WARN] (Minecraft) Ignoring player info update for unknown player 23d9c218-6e3a-3006-8ea5-d8175adc3e80 ([UPDATE_GAME_MODE])
[00:32:08] [Render thread/WARN] (Minecraft) Ignoring player info update for unknown player 23d9c218-6e3a-3006-8ea5-d8175adc3e80 ([UPDATE_GAME_MODE])
[00:32:08] [Render thread/WARN] (Minecraft) Ignoring player info update for unknown player 23d9c218-6e3a-3006-8ea5-d8175adc3e80 ([UPDATE_GAME_MODE])
[00:32:08] [Render thread/WARN] (Minecraft) Ignoring player info update for unknown player 23d9c218-6e3a-3006-8ea5-d8175adc3e80 ([UPDATE_GAME_MODE])
[00:32:08] [Render thread/WARN] (Minecraft) Ignoring player info update for unknown player 23d9c218-6e3a-3006-8ea5-d8175adc3e80 ([UPDATE_GAME_MODE])
[00:32:08] [Render thread/INFO] (Minecraft) Loaded 0 advancements
[00:32:09] [Render thread/WARN] (Minecraft) Ignoring player info update for unknown player 5aedc927-fb88-3111-9a2b-68a1e69feb2f ([UPDATE_GAME_MODE])
[00:32:09] [Render thread/WARN] (Minecraft) Ignoring player info update for unknown player 5aedc927-fb88-3111-9a2b-68a1e69feb2f ([UPDATE_GAME_MODE])
[00:32:09] [Render thread/WARN] (Minecraft) Ignoring player info update for unknown player 5aedc927-fb88-3111-9a2b-68a1e69feb2f ([UPDATE_GAME_MODE])
[00:32:09] [Render thread/WARN] (Minecraft) Ignoring player info update for unknown player 5aedc927-fb88-3111-9a2b-68a1e69feb2f ([UPDATE_GAME_MODE])
[00:32:09] [Render thread/WARN] (Minecraft) Ignoring player info update for unknown player 5aedc927-fb88-3111-9a2b-68a1e69feb2f ([UPDATE_GAME_MODE])
[00:32:09] [Render thread/WARN] (Minecraft) Ignoring player info update for unknown player 5aedc927-fb88-3111-9a2b-68a1e69feb2f ([UPDATE_GAME_MODE])
[00:32:09] [Render thread/WARN] (Minecraft) Ignoring player info update for unknown player 5aedc927-fb88-3111-9a2b-68a1e69feb2f ([UPDATE_GAME_MODE])
[00:32:09] [Render thread/WARN] (Minecraft) Ignoring player info update for unknown player 5aedc927-fb88-3111-9a2b-68a1e69feb2f ([UPDATE_GAME_MODE])
[00:32:09] [Render thread/WARN] (Minecraft) Ignoring player info update for unknown player 15f301e4-c657-37fd-9c21-2975268b326d ([UPDATE_GAME_MODE])
[00:32:09] [Render thread/WARN] (Minecraft) Ignoring player info update for unknown player 15f301e4-c657-37fd-9c21-2975268b326d ([UPDATE_GAME_MODE])
[00:32:09] [Render thread/WARN] (Minecraft) Ignoring player info update for unknown player 15f301e4-c657-37fd-9c21-2975268b326d ([UPDATE_GAME_MODE])
[00:32:09] [Render thread/WARN] (Minecraft) Ignoring player info update for unknown player 15f301e4-c657-37fd-9c21-2975268b326d ([UPDATE_GAME_MODE])
[00:32:09] [Render thread/WARN] (Minecraft) Ignoring player info update for unknown player 68399587-68fb-3d81-a9e4-627eb56c26e6 ([UPDATE_GAME_MODE])
[00:32:09] [Render thread/WARN] (Minecraft) Ignoring player info update for unknown player 68399587-68fb-3d81-a9e4-627eb56c26e6 ([UPDATE_GAME_MODE])
[00:32:09] [Render thread/INFO] (Minecraft) Resizing Chunk Sections UBO, capacity limit of 32 reached during a single frame. New capacity will be 64.
[00:32:09] [Render thread/WARN] (Minecraft) Ignoring player info update for unknown player 68399587-68fb-3d81-a9e4-627eb56c26e6 ([UPDATE_GAME_MODE])
[00:32:09] [Render thread/WARN] (Minecraft) Ignoring player info update for unknown player 68399587-68fb-3d81-a9e4-627eb56c26e6 ([UPDATE_GAME_MODE])
[00:32:09] [Render thread/WARN] (Minecraft) Ignoring player info update for unknown player 68399587-68fb-3d81-a9e4-627eb56c26e6 ([UPDATE_GAME_MODE])
[00:32:09] [Render thread/WARN] (Minecraft) Ignoring player info update for unknown player 68399587-68fb-3d81-a9e4-627eb56c26e6 ([UPDATE_GAME_MODE])
[00:32:09] [Render thread/WARN] (Minecraft) Ignoring player info update for unknown player 68399587-68fb-3d81-a9e4-627eb56c26e6 ([UPDATE_GAME_MODE])
[00:32:09] [Render thread/WARN] (Minecraft) Ignoring player info update for unknown player 68399587-68fb-3d81-a9e4-627eb56c26e6 ([UPDATE_GAME_MODE])
[00:32:10] [Render thread/INFO] (Minecraft) Resizing Chunk Sections UBO, capacity limit of 64 reached during a single frame. New capacity will be 128.
[00:32:11] [Render thread/WARN] (Minecraft) Ignoring player info update for unknown player 20798f8a-3258-3177-81eb-8137af21fea7 ([UPDATE_GAME_MODE])
[00:32:11] [Render thread/WARN] (Minecraft) Ignoring player info update for unknown player 20798f8a-3258-3177-81eb-8137af21fea7 ([UPDATE_GAME_MODE])
[00:32:11] [Render thread/WARN] (Minecraft) Ignoring player info update for unknown player 20798f8a-3258-3177-81eb-8137af21fea7 ([UPDATE_GAME_MODE])
[00:32:11] [Render thread/WARN] (Minecraft) Ignoring player info update for unknown player 20798f8a-3258-3177-81eb-8137af21fea7 ([UPDATE_GAME_MODE])
[00:32:11] [Render thread/WARN] (Minecraft) Ignoring player info update for unknown player 20798f8a-3258-3177-81eb-8137af21fea7 ([UPDATE_GAME_MODE])
[00:32:11] [Render thread/WARN] (Minecraft) Ignoring player info update for unknown player 20798f8a-3258-3177-81eb-8137af21fea7 ([UPDATE_GAME_MODE])
[00:32:11] [Render thread/WARN] (Minecraft) Ignoring player info update for unknown player 20798f8a-3258-3177-81eb-8137af21fea7 ([UPDATE_GAME_MODE])
[00:32:11] [Render thread/WARN] (Minecraft) Ignoring player info update for unknown player 20798f8a-3258-3177-81eb-8137af21fea7 ([UPDATE_GAME_MODE])
[00:32:11] [Render thread/WARN] (Minecraft) Ignoring player info update for unknown player 640aac6e-403b-3f72-8ec6-7d9ddae13ca8 ([UPDATE_GAME_MODE])
[00:32:11] [Render thread/WARN] (Minecraft) Ignoring player info update for unknown player 640aac6e-403b-3f72-8ec6-7d9ddae13ca8 ([UPDATE_GAME_MODE])
[00:32:11] [Render thread/WARN] (Minecraft) Ignoring player info update for unknown player 640aac6e-403b-3f72-8ec6-7d9ddae13ca8 ([UPDATE_GAME_MODE])
[00:32:11] [Render thread/WARN] (Minecraft) Ignoring player info update for unknown player 640aac6e-403b-3f72-8ec6-7d9ddae13ca8 ([UPDATE_GAME_MODE])
[00:32:11] [Render thread/WARN] (Minecraft) Ignoring player info update for unknown player 640aac6e-403b-3f72-8ec6-7d9ddae13ca8 ([UPDATE_GAME_MODE])
[00:32:11] [Render thread/WARN] (Minecraft) Ignoring player info update for unknown player 640aac6e-403b-3f72-8ec6-7d9ddae13ca8 ([UPDATE_GAME_MODE])
[00:32:11] [Render thread/WARN] (Minecraft) Ignoring player info update for unknown player 640aac6e-403b-3f72-8ec6-7d9ddae13ca8 ([UPDATE_GAME_MODE])
[00:32:11] [Render thread/WARN] (Minecraft) Ignoring player info update for unknown player 640aac6e-403b-3f72-8ec6-7d9ddae13ca8 ([UPDATE_GAME_MODE])
[00:32:12] [Render thread/INFO] (Minecraft) Resizing Chunk Sections UBO, capacity limit of 128 reached during a single frame. New capacity will be 256.
[00:32:12] [Render thread/WARN] (Minecraft) Ignoring player info update for unknown player b2be5017-5e73-387f-8f46-d9bc9bc4d2a2 ([UPDATE_GAME_MODE])
[00:32:12] [Render thread/WARN] (Minecraft) Ignoring player info update for unknown player b2be5017-5e73-387f-8f46-d9bc9bc4d2a2 ([UPDATE_GAME_MODE])
[00:32:12] [Render thread/WARN] (Minecraft) Ignoring player info update for unknown player b2be5017-5e73-387f-8f46-d9bc9bc4d2a2 ([UPDATE_GAME_MODE])
[00:32:12] [Render thread/WARN] (Minecraft) Ignoring player info update for unknown player b2be5017-5e73-387f-8f46-d9bc9bc4d2a2 ([UPDATE_GAME_MODE])
[00:32:12] [Render thread/WARN] (Minecraft) Ignoring player info update for unknown player b2be5017-5e73-387f-8f46-d9bc9bc4d2a2 ([UPDATE_GAME_MODE])
[00:32:12] [Render thread/WARN] (Minecraft) Ignoring player info update for unknown player b2be5017-5e73-387f-8f46-d9bc9bc4d2a2 ([UPDATE_GAME_MODE])
[00:32:12] [Render thread/WARN] (Minecraft) Ignoring player info update for unknown player b2be5017-5e73-387f-8f46-d9bc9bc4d2a2 ([UPDATE_GAME_MODE])
[00:32:12] [Render thread/WARN] (Minecraft) Ignoring player info update for unknown player b2be5017-5e73-387f-8f46-d9bc9bc4d2a2 ([UPDATE_GAME_MODE])
[00:32:14] [Render thread/INFO] (Minecraft) Resizing Chunk Sections UBO, capacity limit of 256 reached during a single frame. New capacity will be 512.
[00:32:16] [Render thread/WARN] (Minecraft) Ignoring player info update for unknown player 1a9eea99-5f24-3174-b46a-ab11252e7d84 ([UPDATE_GAME_MODE])
[00:32:16] [Render thread/WARN] (Minecraft) Ignoring player info update for unknown player 1a9eea99-5f24-3174-b46a-ab11252e7d84 ([UPDATE_GAME_MODE])
[00:32:16] [Render thread/WARN] (Minecraft) Ignoring player info update for unknown player 1a9eea99-5f24-3174-b46a-ab11252e7d84 ([UPDATE_GAME_MODE])
[00:32:16] [Render thread/WARN] (Minecraft) Ignoring player info update for unknown player 1a9eea99-5f24-3174-b46a-ab11252e7d84 ([UPDATE_GAME_MODE])
[00:32:16] [Render thread/WARN] (Minecraft) Ignoring player info update for unknown player 1a9eea99-5f24-3174-b46a-ab11252e7d84 ([UPDATE_GAME_MODE])
[00:32:16] [Render thread/WARN] (Minecraft) Ignoring player info update for unknown player 1a9eea99-5f24-3174-b46a-ab11252e7d84 ([UPDATE_GAME_MODE])
[00:32:16] [Render thread/WARN] (Minecraft) Ignoring player info update for unknown player 1a9eea99-5f24-3174-b46a-ab11252e7d84 ([UPDATE_GAME_MODE])
[00:32:16] [Render thread/WARN] (Minecraft) Ignoring player info update for unknown player 1a9eea99-5f24-3174-b46a-ab11252e7d84 ([UPDATE_GAME_MODE])
[00:32:17] [Render thread/INFO] (Minecraft) Loaded 0 advancements
[00:32:17] [Render thread/WARN] (Minecraft) Ignoring player info update for unknown player 2fda961d-3982-3e65-b8cd-e5eb26eeb319 ([UPDATE_GAME_MODE])
[00:32:17] [Render thread/WARN] (Minecraft) Ignoring player info update for unknown player 2fda961d-3982-3e65-b8cd-e5eb26eeb319 ([UPDATE_GAME_MODE])
[00:32:19] [Render thread/WARN] (Minecraft) Ignoring player info update for unknown player 0eb85ddd-7c4d-3005-be6c-8a634b84f849 ([UPDATE_GAME_MODE])
[00:32:19] [Render thread/WARN] (Minecraft) Ignoring player info update for unknown player 0eb85ddd-7c4d-3005-be6c-8a634b84f849 ([UPDATE_GAME_MODE])
[00:32:19] [Render thread/WARN] (Minecraft) Ignoring player info update for unknown player 0eb85ddd-7c4d-3005-be6c-8a634b84f849 ([UPDATE_GAME_MODE])
[00:32:19] [Render thread/WARN] (Minecraft) Ignoring player info update for unknown player 0eb85ddd-7c4d-3005-be6c-8a634b84f849 ([UPDATE_GAME_MODE])
[00:32:22] [Render thread/WARN] (Minecraft) Ignoring player info update for unknown player 231e5ef6-89d7-3488-bc14-1b4e20b2ac3b ([UPDATE_GAME_MODE])
[00:32:22] [Render thread/WARN] (Minecraft) Ignoring player info update for unknown player 231e5ef6-89d7-3488-bc14-1b4e20b2ac3b ([UPDATE_GAME_MODE])
[00:32:22] [Render thread/WARN] (Minecraft) Ignoring player info update for unknown player 231e5ef6-89d7-3488-bc14-1b4e20b2ac3b ([UPDATE_GAME_MODE])
[00:32:22] [Render thread/WARN] (Minecraft) Ignoring player info update for unknown player 231e5ef6-89d7-3488-bc14-1b4e20b2ac3b ([UPDATE_GAME_MODE])
[00:32:26] [Render thread/INFO] (Minecraft) [System] [CHAT] Ⓖ [Игрок] kotak288 ⇨ спек
[00:32:28] [Render thread/WARN] (Minecraft) Ignoring player info update for unknown player a5396f9d-9501-315a-a9e0-87d5d972816c ([UPDATE_GAME_MODE])
[00:32:28] [Render thread/WARN] (Minecraft) Ignoring player info update for unknown player a5396f9d-9501-315a-a9e0-87d5d972816c ([UPDATE_GAME_MODE])
[00:32:37] [Render thread/INFO] (Minecraft) [System] [CHAT] ╔
[00:32:37] [Render thread/INFO] (Minecraft) [System] [CHAT] ╠ Подписывайтесь на наш ТГ - telegram.me/spookytimenet
[00:32:37] [Render thread/INFO] (Minecraft) [System] [CHAT] ╚
[00:32:38] [Render thread/WARN] (Minecraft) Ignoring player info update for unknown player e0b3473d-096f-3db8-a212-8990319f5666 ([UPDATE_GAME_MODE])
[00:32:38] [Render thread/WARN] (Minecraft) Ignoring player info update for unknown player e0b3473d-096f-3db8-a212-8990319f5666 ([UPDATE_GAME_MODE])
[00:32:45] [Render thread/WARN] (Minecraft) Ignoring player info update for unknown player 12488b02-52f0-3c45-a373-edf276a6554a ([UPDATE_GAME_MODE])
[00:32:45] [Render thread/WARN] (Minecraft) Ignoring player info update for unknown player 12488b02-52f0-3c45-a373-edf276a6554a ([UPDATE_GAME_MODE])
[00:32:48] [Render thread/WARN] (Minecraft) Ignoring player info update for unknown player 9b6282d7-54f6-32b7-be72-1a2df5542a5c ([UPDATE_GAME_MODE])
[00:32:48] [Render thread/WARN] (Minecraft) Ignoring player info update for unknown player 9b6282d7-54f6-32b7-be72-1a2df5542a5c ([UPDATE_GAME_MODE])
[00:32:48] [Render thread/WARN] (Minecraft) Ignoring player info update for unknown player 9b6282d7-54f6-32b7-be72-1a2df5542a5c ([UPDATE_GAME_MODE])
[00:32:48] [Render thread/WARN] (Minecraft) Ignoring player info update for unknown player 9b6282d7-54f6-32b7-be72-1a2df5542a5c ([UPDATE_GAME_MODE])
[00:32:51] [Render thread/WARN] (Minecraft) Ignoring player info update for unknown player 4b192c6f-ff04-3d0c-904c-75c5388f3347 ([UPDATE_GAME_MODE])
[00:32:51] [Render thread/WARN] (Minecraft) Ignoring player info update for unknown player 4b192c6f-ff04-3d0c-904c-75c5388f3347 ([UPDATE_GAME_MODE])
[00:32:51] [Render thread/WARN] (Minecraft) Ignoring player info update for unknown player 4b192c6f-ff04-3d0c-904c-75c5388f3347 ([UPDATE_GAME_MODE])
[00:32:51] [Render thread/WARN] (Minecraft) Ignoring player info update for unknown player 4b192c6f-ff04-3d0c-904c-75c5388f3347 ([UPDATE_GAME_MODE])
[00:33:00] [Render thread/WARN] (Minecraft) Ignoring player info update for unknown player 2c884ea7-1b5d-342a-96ba-89c16d34fcda ([UPDATE_GAME_MODE])
[00:33:00] [Render thread/WARN] (Minecraft) Ignoring player info update for unknown player 2c884ea7-1b5d-342a-96ba-89c16d34fcda ([UPDATE_GAME_MODE])
[00:33:04] [Render thread/WARN] (Minecraft) Ignoring player info update for unknown player cca385e1-b625-336b-bf1e-2727e7f7b702 ([UPDATE_GAME_MODE])
[00:33:04] [Render thread/WARN] (Minecraft) Ignoring player info update for unknown player cca385e1-b625-336b-bf1e-2727e7f7b702 ([UPDATE_GAME_MODE])
[00:33:07] [Render thread/INFO] (Minecraft) [System] [CHAT] Ⓖ [ɢᴏᴅ] HeldyYT ⇨ -ez я ансофт
[00:33:18] [Render thread/INFO] (Minecraft) [System] [CHAT] Ⓛ [ʟᴇɢᴇɴᴅ] sigm3399 ⇨ тк я тожк
[00:33:20] [Render thread/WARN] (Minecraft) Ignoring player info update for unknown player afaba3bc-fcdc-3040-bc17-4078d89effb4 ([UPDATE_GAME_MODE])
[00:33:20] [Render thread/WARN] (Minecraft) Ignoring player info update for unknown player afaba3bc-fcdc-3040-bc17-4078d89effb4 ([UPDATE_GAME_MODE])
[00:33:22] [Render thread/INFO] (Minecraft) [System] [CHAT] Ⓖ [Игрок] Fergekreal1 ⇨ ezz get Sadnes freak ds 999boish
[00:33:29] [Render thread/WARN] (Minecraft) Ignoring player info update for unknown player 408d69c8-88c1-35f6-97b6-10357779efd4 ([UPDATE_GAME_MODE])
[00:33:29] [Render thread/WARN] (Minecraft) Ignoring player info update for unknown player 408d69c8-88c1-35f6-97b6-10357779efd4 ([UPDATE_GAME_MODE])
[00:33:33] [Render thread/WARN] (Minecraft) Ignoring player info update for unknown player 408d69c8-88c1-35f6-97b6-10357779efd4 ([UPDATE_GAME_MODE])
[00:33:33] [Render thread/WARN] (Minecraft) Ignoring player info update for unknown player 408d69c8-88c1-35f6-97b6-10357779efd4 ([UPDATE_GAME_MODE])
[00:33:33] [Render thread/WARN] (Minecraft) Ignoring player info update for unknown player 408d69c8-88c1-35f6-97b6-10357779efd4 ([UPDATE_GAME_MODE])
[00:33:33] [Render thread/WARN] (Minecraft) Ignoring player info update for unknown player 408d69c8-88c1-35f6-97b6-10357779efd4 ([UPDATE_GAME_MODE])
[00:33:34] [Render thread/WARN] (Minecraft) Ignoring player info update for unknown player c1954ffb-c1e7-3e47-a6f5-cfe1bd63973e ([UPDATE_GAME_MODE])
[00:33:34] [Render thread/WARN] (Minecraft) Ignoring player info update for unknown player c1954ffb-c1e7-3e47-a6f5-cfe1bd63973e ([UPDATE_GAME_MODE])
[00:33:34] [Render thread/WARN] (Minecraft) Ignoring player info update for unknown player c1954ffb-c1e7-3e47-a6f5-cfe1bd63973e ([UPDATE_GAME_MODE])
[00:33:34] [Render thread/WARN] (Minecraft) Ignoring player info update for unknown player c1954ffb-c1e7-3e47-a6f5-cfe1bd63973e ([UPDATE_GAME_MODE])
[00:33:42] [Render thread/INFO] (Minecraft) [System] [CHAT] Ⓛ [ᴋɴɪɢʜᴛ] nnnigersBOSS ⇨ soft niwii
[00:33:43] [Render thread/WARN] (Minecraft) Ignoring player info update for unknown player fc487c23-ad07-3ba3-b6f3-70812380c248 ([UPDATE_GAME_MODE])
[00:33:43] [Render thread/WARN] (Minecraft) Ignoring player info update for unknown player fc487c23-ad07-3ba3-b6f3-70812380c248 ([UPDATE_GAME_MODE])
[00:33:43] [Render thread/WARN] (Minecraft) Ignoring player info update for unknown player fc487c23-ad07-3ba3-b6f3-70812380c248 ([UPDATE_GAME_MODE])
[00:33:43] [Render thread/WARN] (Minecraft) Ignoring player info update for unknown player fc487c23-ad07-3ba3-b6f3-70812380c248 ([UPDATE_GAME_MODE])
[00:33:43] [Render thread/WARN] (Minecraft) Ignoring player info update for unknown player a8db1b30-be3c-3676-9fba-390c67af4231 ([UPDATE_GAME_MODE])
[00:33:43] [Render thread/WARN] (Minecraft) Ignoring player info update for unknown player a8db1b30-be3c-3676-9fba-390c67af4231 ([UPDATE_GAME_MODE])
[00:33:43] [Render thread/WARN] (Minecraft) Ignoring player info update for unknown player a8db1b30-be3c-3676-9fba-390c67af4231 ([UPDATE_GAME_MODE])
[00:33:43] [Render thread/WARN] (Minecraft) Ignoring player info update for unknown player a8db1b30-be3c-3676-9fba-390c67af4231 ([UPDATE_GAME_MODE])
[00:33:43] [Render thread/WARN] (Minecraft) Ignoring player info update for unknown player b9c2f0e0-0ce2-323d-b58c-d5a31c20ab57 ([UPDATE_GAME_MODE])
[00:33:43] [Render thread/WARN] (Minecraft) Ignoring player info update for unknown player b9c2f0e0-0ce2-323d-b58c-d5a31c20ab57 ([UPDATE_GAME_MODE])
[00:33:43] [Render thread/WARN] (Minecraft) Ignoring player info update for unknown player b9c2f0e0-0ce2-323d-b58c-d5a31c20ab57 ([UPDATE_GAME_MODE])
[00:33:43] [Render thread/WARN] (Minecraft) Ignoring player info update for unknown player b9c2f0e0-0ce2-323d-b58c-d5a31c20ab57 ([UPDATE_GAME_MODE])
[00:33:44] [Render thread/WARN] (Minecraft) Ignoring player info update for unknown player 6e75b003-84ee-3a0d-9bc7-1056c94a3ca2 ([UPDATE_GAME_MODE])
[00:33:44] [Render thread/WARN] (Minecraft) Ignoring player info update for unknown player 6e75b003-84ee-3a0d-9bc7-1056c94a3ca2 ([UPDATE_GAME_MODE])
[00:33:44] [Render thread/WARN] (Minecraft) Ignoring player info update for unknown player 6e75b003-84ee-3a0d-9bc7-1056c94a3ca2 ([UPDATE_GAME_MODE])
[00:33:44] [Render thread/WARN] (Minecraft) Ignoring player info update for unknown player 6e75b003-84ee-3a0d-9bc7-1056c94a3ca2 ([UPDATE_GAME_MODE])
[00:33:45] [Render thread/WARN] (Minecraft) Ignoring player info update for unknown player 740f886c-cbc0-38d9-ba70-026d90c967da ([UPDATE_GAME_MODE])
[00:33:45] [Render thread/WARN] (Minecraft) Ignoring player info update for unknown player 740f886c-cbc0-38d9-ba70-026d90c967da ([UPDATE_GAME_MODE])
[00:33:45] [Render thread/WARN] (Minecraft) Ignoring player info update for unknown player 740f886c-cbc0-38d9-ba70-026d90c967da ([UPDATE_GAME_MODE])
[00:33:45] [Render thread/WARN] (Minecraft) Ignoring player info update for unknown player 740f886c-cbc0-38d9-ba70-026d90c967da ([UPDATE_GAME_MODE])
[00:33:51] [Render thread/WARN] (Minecraft) Ignoring player info update for unknown player e7735573-f8c7-32bf-9c08-63e1aa55f1d0 ([UPDATE_GAME_MODE])
[00:33:51] [Render thread/WARN] (Minecraft) Ignoring player info update for unknown player e7735573-f8c7-32bf-9c08-63e1aa55f1d0 ([UPDATE_GAME_MODE])
[00:33:51] [Render thread/WARN] (Minecraft) Ignoring player info update for unknown player e7735573-f8c7-32bf-9c08-63e1aa55f1d0 ([UPDATE_GAME_MODE])
[00:33:51] [Render thread/WARN] (Minecraft) Ignoring player info update for unknown player e7735573-f8c7-32bf-9c08-63e1aa55f1d0 ([UPDATE_GAME_MODE])
[00:33:54] [Render thread/WARN] (Minecraft) Ignoring player info update for unknown player 831d5de2-fcd4-32b6-a939-37b90c65aaa7 ([UPDATE_GAME_MODE])
[00:33:54] [Render thread/WARN] (Minecraft) Ignoring player info update for unknown player 831d5de2-fcd4-32b6-a939-37b90c65aaa7 ([UPDATE_GAME_MODE])
[00:33:54] [Render thread/WARN] (Minecraft) Ignoring player info update for unknown player 831d5de2-fcd4-32b6-a939-37b90c65aaa7 ([UPDATE_GAME_MODE])
[00:33:54] [Render thread/WARN] (Minecraft) Ignoring player info update for unknown player 831d5de2-fcd4-32b6-a939-37b90c65aaa7 ([UPDATE_GAME_MODE])
[00:33:57] [Render thread/WARN] (Minecraft) Ignoring player info update for unknown player 611794f4-32b5-3be8-bb20-88138ab2e657 ([UPDATE_GAME_MODE])
[00:33:57] [Render thread/WARN] (Minecraft) Ignoring player info update for unknown player 611794f4-32b5-3be8-bb20-88138ab2e657 ([UPDATE_GAME_MODE])
[00:33:57] [Render thread/WARN] (Minecraft) Ignoring player info update for unknown player 611794f4-32b5-3be8-bb20-88138ab2e657 ([UPDATE_GAME_MODE])
[00:33:57] [Render thread/WARN] (Minecraft) Ignoring player info update for unknown player 611794f4-32b5-3be8-bb20-88138ab2e657 ([UPDATE_GAME_MODE])
[00:34:03] [Render thread/INFO] (Minecraft) [System] [CHAT] Ⓛ [ɢᴏᴅ] barbos5123 PVPEZ ⇨ ez
[00:34:04] [Render thread/WARN] (Minecraft) Ignoring player info update for unknown player 5e25f0e2-b965-3a44-b444-e991cdcd369c ([UPDATE_GAME_MODE])
[00:34:04] [Render thread/WARN] (Minecraft) Ignoring player info update for unknown player 5e25f0e2-b965-3a44-b444-e991cdcd369c ([UPDATE_GAME_MODE])
[00:34:04] [Render thread/WARN] (Minecraft) Ignoring player info update for unknown player 5e25f0e2-b965-3a44-b444-e991cdcd369c ([UPDATE_GAME_MODE])
[00:34:04] [Render thread/WARN] (Minecraft) Ignoring player info update for unknown player 5e25f0e2-b965-3a44-b444-e991cdcd369c ([UPDATE_GAME_MODE])
[00:34:07] [Render thread/INFO] (Minecraft) [System] [CHAT] ╔
[00:34:07] [Render thread/INFO] (Minecraft) [System] [CHAT] ╠ Подключайся к нашим сообществам /links
[00:34:07] [Render thread/INFO] (Minecraft) [System] [CHAT] ╚
[00:34:18] [Render thread/WARN] (Minecraft) Ignoring player info update for unknown player 86ed4312-d002-3a4c-9588-85e8857fba40 ([UPDATE_GAME_MODE])
[00:34:18] [Render thread/WARN] (Minecraft) Ignoring player info update for unknown player 86ed4312-d002-3a4c-9588-85e8857fba40 ([UPDATE_GAME_MODE])
[00:34:18] [Render thread/WARN] (Minecraft) Ignoring player info update for unknown player 86ed4312-d002-3a4c-9588-85e8857fba40 ([UPDATE_GAME_MODE])
[00:34:18] [Render thread/WARN] (Minecraft) Ignoring player info update for unknown player 86ed4312-d002-3a4c-9588-85e8857fba40 ([UPDATE_GAME_MODE])
[00:34:19] [Render thread/WARN] (Minecraft) Ignoring player info update for unknown player 6c4155b9-b747-370a-bdc4-e46ff0ed1150 ([UPDATE_GAME_MODE])
[00:34:19] [Render thread/WARN] (Minecraft) Ignoring player info update for unknown player 6c4155b9-b747-370a-bdc4-e46ff0ed1150 ([UPDATE_GAME_MODE])
[00:34:22] [Render thread/WARN] (Minecraft) Ignoring player info update for unknown player 9ee1abe0-6a6b-33fd-a6df-9e79ac214213 ([UPDATE_GAME_MODE])
[00:34:22] [Render thread/WARN] (Minecraft) Ignoring player info update for unknown player 9ee1abe0-6a6b-33fd-a6df-9e79ac214213 ([UPDATE_GAME_MODE])
[00:34:22] [Render thread/WARN] (Minecraft) Ignoring player info update for unknown player 3bc61d71-fb06-350b-9457-9198a9152035 ([UPDATE_GAME_MODE])
[00:34:22] [Render thread/WARN] (Minecraft) Ignoring player info update for unknown player 3bc61d71-fb06-350b-9457-9198a9152035 ([UPDATE_GAME_MODE])
[00:34:26] [Render thread/WARN] (Minecraft) Ignoring player info update for unknown player 5b1a1db9-7f47-37c6-b89d-f91409be8327 ([UPDATE_GAME_MODE])
[00:34:26] [Render thread/WARN] (Minecraft) Ignoring player info update for unknown player 5b1a1db9-7f47-37c6-b89d-f91409be8327 ([UPDATE_GAME_MODE])
[00:34:26] [Render thread/WARN] (Minecraft) Ignoring player info update for unknown player 5b1a1db9-7f47-37c6-b89d-f91409be8327 ([UPDATE_GAME_MODE])
[00:34:26] [Render thread/WARN] (Minecraft) Ignoring player info update for unknown player 5b1a1db9-7f47-37c6-b89d-f91409be8327 ([UPDATE_GAME_MODE])
[00:34:27] [Render thread/WARN] (Minecraft) Ignoring player info update for unknown player cbffd9d2-4055-373d-8a81-bfcf2022aa81 ([UPDATE_GAME_MODE])
[00:34:27] [Render thread/WARN] (Minecraft) Ignoring player info update for unknown player cbffd9d2-4055-373d-8a81-bfcf2022aa81 ([UPDATE_GAME_MODE])
[00:34:27] [Render thread/WARN] (Minecraft) Ignoring player info update for unknown player cbffd9d2-4055-373d-8a81-bfcf2022aa81 ([UPDATE_GAME_MODE])
[00:34:27] [Render thread/WARN] (Minecraft) Ignoring player info update for unknown player cbffd9d2-4055-373d-8a81-bfcf2022aa81 ([UPDATE_GAME_MODE])
[00:34:33] [Render thread/WARN] (Minecraft) Ignoring player info update for unknown player 743feef4-31d0-3060-ae49-c2927ac64d07 ([UPDATE_GAME_MODE])
[00:34:33] [Render thread/WARN] (Minecraft) Ignoring player info update for unknown player 743feef4-31d0-3060-ae49-c2927ac64d07 ([UPDATE_GAME_MODE])
[00:34:33] [Render thread/WARN] (Minecraft) Ignoring player info update for unknown player 743feef4-31d0-3060-ae49-c2927ac64d07 ([UPDATE_GAME_MODE])
[00:34:33] [Render thread/WARN] (Minecraft) Ignoring player info update for unknown player 743feef4-31d0-3060-ae49-c2927ac64d07 ([UPDATE_GAME_MODE])
[00:34:35] [Render thread/INFO] (Minecraft) [System] [CHAT] Ⓖ [ʀᴇᴄʀᴜɪᴛ] tochka_2 ⇨ ez TWJTiYaj by zorik and euphori
[00:34:42] [Render thread/INFO] (Minecraft) [System] [CHAT] Ⓖ [ɢᴏᴅ] Pisynidthe ⇨ спек Pisynidthe
[00:34:44] [Render thread/WARN] (Minecraft) Ignoring player info update for unknown player 3a15dfef-a405-3113-ab7e-f9763727cc66 ([UPDATE_GAME_MODE])
[00:34:44] [Render thread/WARN] (Minecraft) Ignoring player info update for unknown player 3a15dfef-a405-3113-ab7e-f9763727cc66 ([UPDATE_GAME_MODE])
[00:34:44] [Render thread/WARN] (Minecraft) Ignoring player info update for unknown player 3a15dfef-a405-3113-ab7e-f9763727cc66 ([UPDATE_GAME_MODE])
[00:34:44] [Render thread/WARN] (Minecraft) Ignoring player info update for unknown player 3a15dfef-a405-3113-ab7e-f9763727cc66 ([UPDATE_GAME_MODE])
[00:34:49] [Render thread/INFO] (Minecraft) [System] [CHAT] Ⓖ [ɢᴏᴅ] Pisynidthe ⇨ спек Pisynidthe
[00:34:51] [Render thread/WARN] (Minecraft) Ignoring player info update for unknown player 3ee94131-8e0f-3f3f-8656-900e7cf83a29 ([UPDATE_GAME_MODE])
[00:34:51] [Render thread/WARN] (Minecraft) Ignoring player info update for unknown player 3ee94131-8e0f-3f3f-8656-900e7cf83a29 ([UPDATE_GAME_MODE])
[00:34:51] [Render thread/WARN] (Minecraft) Ignoring player info update for unknown player 3ee94131-8e0f-3f3f-8656-900e7cf83a29 ([UPDATE_GAME_MODE])
[00:34:51] [Render thread/WARN] (Minecraft) Ignoring player info update for unknown player 3ee94131-8e0f-3f3f-8656-900e7cf83a29 ([UPDATE_GAME_MODE])
[00:34:51] [Render thread/WARN] (Minecraft) Ignoring player info update for unknown player 325a2831-5255-3601-b47a-97bbae94a4c1 ([UPDATE_GAME_MODE])
[00:34:51] [Render thread/WARN] (Minecraft) Ignoring player info update for unknown player 325a2831-5255-3601-b47a-97bbae94a4c1 ([UPDATE_GAME_MODE])
[00:34:51] [Render thread/WARN] (Minecraft) Ignoring player info update for unknown player 325a2831-5255-3601-b47a-97bbae94a4c1 ([UPDATE_GAME_MODE])
[00:34:51] [Render thread/WARN] (Minecraft) Ignoring player info update for unknown player 325a2831-5255-3601-b47a-97bbae94a4c1 ([UPDATE_GAME_MODE])
[00:34:52] [Render thread/WARN] (Minecraft) Ignoring player info update for unknown player 4298c236-834e-38b6-81ef-1327c922760e ([UPDATE_GAME_MODE])
[00:34:52] [Render thread/WARN] (Minecraft) Ignoring player info update for unknown player 4298c236-834e-38b6-81ef-1327c922760e ([UPDATE_GAME_MODE])
[00:34:53] [Render thread/INFO] (Minecraft) [System] [CHAT] Ⓖ [Игрок] q0zrtt ⇨ -ezz by #спящий
[00:34:54] [Render thread/WARN] (Minecraft) Ignoring player info update for unknown player 0883a92a-02eb-372f-831c-b576390fee8c ([UPDATE_GAME_MODE])
[00:34:54] [Render thread/WARN] (Minecraft) Ignoring player info update for unknown player 0883a92a-02eb-372f-831c-b576390fee8c ([UPDATE_GAME_MODE])
[00:34:54] [Render thread/WARN] (Minecraft) Ignoring player info update for unknown player 0883a92a-02eb-372f-831c-b576390fee8c ([UPDATE_GAME_MODE])
[00:34:54] [Render thread/WARN] (Minecraft) Ignoring player info update for unknown player 0883a92a-02eb-372f-831c-b576390fee8c ([UPDATE_GAME_MODE])
[00:35:04] [Render thread/WARN] (Minecraft) Ignoring player info update for unknown player bd50069d-d4a9-3713-8d56-a4f5586df28d ([UPDATE_GAME_MODE])
[00:35:04] [Render thread/WARN] (Minecraft) Ignoring player info update for unknown player bd50069d-d4a9-3713-8d56-a4f5586df28d ([UPDATE_GAME_MODE])
[00:35:04] [Render thread/WARN] (Minecraft) Ignoring player info update for unknown player bd50069d-d4a9-3713-8d56-a4f5586df28d ([UPDATE_GAME_MODE])
[00:35:04] [Render thread/WARN] (Minecraft) Ignoring player info update for unknown player bd50069d-d4a9-3713-8d56-a4f5586df28d ([UPDATE_GAME_MODE])
[00:35:09] [Render thread/WARN] (Minecraft) Ignoring player info update for unknown player f756fb03-6b33-3723-87dc-b648eeaf1882 ([UPDATE_GAME_MODE])
[00:35:09] [Render thread/WARN] (Minecraft) Ignoring player info update for unknown player f756fb03-6b33-3723-87dc-b648eeaf1882 ([UPDATE_GAME_MODE])
[00:35:10] [Render thread/WARN] (Minecraft) Ignoring player info update for unknown player da872036-43bd-3b58-bfce-a4feaf5f3a70 ([UPDATE_GAME_MODE])
[00:35:10] [Render thread/WARN] (Minecraft) Ignoring player info update for unknown player da872036-43bd-3b58-bfce-a4feaf5f3a70 ([UPDATE_GAME_MODE])
[00:35:14] [Render thread/WARN] (Minecraft) Ignoring player info update for unknown player e92f36fd-b170-3499-8708-39e74e3f3a05 ([UPDATE_GAME_MODE])
[00:35:14] [Render thread/WARN] (Minecraft) Ignoring player info update for unknown player e92f36fd-b170-3499-8708-39e74e3f3a05 ([UPDATE_GAME_MODE])
[00:35:16] [Render thread/WARN] (Minecraft) Ignoring player info update for unknown player 4840c2c0-a0db-38d4-ad56-fd4f97095cc0 ([UPDATE_GAME_MODE])
[00:35:16] [Render thread/WARN] (Minecraft) Ignoring player info update for unknown player 4840c2c0-a0db-38d4-ad56-fd4f97095cc0 ([UPDATE_GAME_MODE])
[00:35:16] [Render thread/WARN] (Minecraft) Ignoring player info update for unknown player 4840c2c0-a0db-38d4-ad56-fd4f97095cc0 ([UPDATE_GAME_MODE])
[00:35:16] [Render thread/WARN] (Minecraft) Ignoring player info update for unknown player 4840c2c0-a0db-38d4-ad56-fd4f97095cc0 ([UPDATE_GAME_MODE])
[00:35:20] [Render thread/WARN] (Minecraft) Ignoring player info update for unknown player 794f6166-c41a-31f4-84a6-96c353d97c1a ([UPDATE_GAME_MODE])
[00:35:20] [Render thread/WARN] (Minecraft) Ignoring player info update for unknown player 794f6166-c41a-31f4-84a6-96c353d97c1a ([UPDATE_GAME_MODE])
[00:35:21] [Render thread/INFO] (Minecraft) [System] [CHAT] Ⓛ [Игрок] Kkebebo ⇨ ez
[00:35:26] [Render thread/WARN] (Minecraft) Ignoring player info update for unknown player 09b0fb98-f4f5-3c15-955d-7a0388136bb2 ([UPDATE_GAME_MODE])
[00:35:26] [Render thread/WARN] (Minecraft) Ignoring player info update for unknown player 09b0fb98-f4f5-3c15-955d-7a0388136bb2 ([UPDATE_GAME_MODE])
[00:35:26] [Render thread/WARN] (Minecraft) Ignoring player info update for unknown player 09b0fb98-f4f5-3c15-955d-7a0388136bb2 ([UPDATE_GAME_MODE])
[00:35:26] [Render thread/WARN] (Minecraft) Ignoring player info update for unknown player 09b0fb98-f4f5-3c15-955d-7a0388136bb2 ([UPDATE_GAME_MODE])
[00:35:27] [Render thread/WARN] (Minecraft) Ignoring player info update for unknown player 2c99e107-ed1c-34ab-aed0-14ee41e19407 ([UPDATE_GAME_MODE])
[00:35:27] [Render thread/WARN] (Minecraft) Ignoring player info update for unknown player 2c99e107-ed1c-34ab-aed0-14ee41e19407 ([UPDATE_GAME_MODE])
[00:35:27] [Render thread/WARN] (Minecraft) Ignoring player info update for unknown player 2c99e107-ed1c-34ab-aed0-14ee41e19407 ([UPDATE_GAME_MODE])
[00:35:27] [Render thread/WARN] (Minecraft) Ignoring player info update for unknown player 2c99e107-ed1c-34ab-aed0-14ee41e19407 ([UPDATE_GAME_MODE])
[00:35:30] [Render thread/WARN] (Minecraft) Ignoring player info update for unknown player f6383f90-64cc-38e3-b084-d95824d2490e ([UPDATE_GAME_MODE])
[00:35:30] [Render thread/WARN] (Minecraft) Ignoring player info update for unknown player f6383f90-64cc-38e3-b084-d95824d2490e ([UPDATE_GAME_MODE])
[00:35:37] [Render thread/INFO] (Minecraft) [System] [CHAT] ╔
[00:35:37] [Render thread/INFO] (Minecraft) [System] [CHAT] ╠ Мы есть в ВК - vk.com/spookytimenet
[00:35:37] [Render thread/INFO] (Minecraft) [System] [CHAT] ╚
[00:35:38] [Render thread/WARN] (Minecraft) Ignoring player info update for unknown player ee427e61-0297-3fe8-9b72-73d7dc2ade47 ([UPDATE_GAME_MODE])
[00:35:38] [Render thread/WARN] (Minecraft) Ignoring player info update for unknown player ee427e61-0297-3fe8-9b72-73d7dc2ade47 ([UPDATE_GAME_MODE])
[00:35:40] [Render thread/WARN] (Minecraft) Ignoring player info update for unknown player 0b1903b9-6ab4-3b6a-865a-1936c7006382 ([UPDATE_GAME_MODE])
[00:35:40] [Render thread/WARN] (Minecraft) Ignoring player info update for unknown player 0b1903b9-6ab4-3b6a-865a-1936c7006382 ([UPDATE_GAME_MODE])
[00:35:40] [Render thread/WARN] (Minecraft) Ignoring player info update for unknown player 0b1903b9-6ab4-3b6a-865a-1936c7006382 ([UPDATE_GAME_MODE])
[00:35:40] [Render thread/WARN] (Minecraft) Ignoring player info update for unknown player 0b1903b9-6ab4-3b6a-865a-1936c7006382 ([UPDATE_GAME_MODE])
[00:35:43] [Render thread/INFO] (Minecraft) [System] [CHAT] Ⓛ [Игрок] Galaktika_stee67 ⇨ саднесс говно?
[00:35:53] [Render thread/WARN] (Minecraft) Ignoring player info update for unknown player 6d99e094-ce1b-300a-bef9-5900d7fa7e53 ([UPDATE_GAME_MODE])
[00:35:53] [Render thread/WARN] (Minecraft) Ignoring player info update for unknown player 6d99e094-ce1b-300a-bef9-5900d7fa7e53 ([UPDATE_GAME_MODE])
[00:35:53] [Render thread/WARN] (Minecraft) Ignoring player info update for unknown player 6d99e094-ce1b-300a-bef9-5900d7fa7e53 ([UPDATE_GAME_MODE])
[00:35:53] [Render thread/WARN] (Minecraft) Ignoring player info update for unknown player 6d99e094-ce1b-300a-bef9-5900d7fa7e53 ([UPDATE_GAME_MODE])
[00:35:54] [Render thread/INFO] (Minecraft) [System] [CHAT] Ⓖ [Игрок] q0zrtt ⇨ -ezz by #спящий
[00:35:57] [Render thread/WARN] (Minecraft) Ignoring player info update for unknown player 6d99e094-ce1b-300a-bef9-5900d7fa7e53 ([UPDATE_GAME_MODE])
[00:35:57] [Render thread/WARN] (Minecraft) Ignoring player info update for unknown player 6d99e094-ce1b-300a-bef9-5900d7fa7e53 ([UPDATE_GAME_MODE])
[00:35:57] [Render thread/WARN] (Minecraft) Ignoring player info update for unknown player 6d99e094-ce1b-300a-bef9-5900d7fa7e53 ([UPDATE_GAME_MODE])
[00:35:57] [Render thread/WARN] (Minecraft) Ignoring player info update for unknown player 6d99e094-ce1b-300a-bef9-5900d7fa7e53 ([UPDATE_GAME_MODE])
[00:35:58] [Render thread/WARN] (Minecraft) Ignoring player info update for unknown player ca72997e-a561-343a-b170-3cb9999a81f7 ([UPDATE_GAME_MODE])
[00:35:58] [Render thread/WARN] (Minecraft) Ignoring player info update for unknown player ca72997e-a561-343a-b170-3cb9999a81f7 ([UPDATE_GAME_MODE])
[00:35:58] [Render thread/WARN] (Minecraft) Ignoring player info update for unknown player ca72997e-a561-343a-b170-3cb9999a81f7 ([UPDATE_GAME_MODE])
[00:35:58] [Render thread/WARN] (Minecraft) Ignoring player info update for unknown player ca72997e-a561-343a-b170-3cb9999a81f7 ([UPDATE_GAME_MODE])
[00:36:02] [Render thread/INFO] (Minecraft) [System] [CHAT] Ⓖ [ʀᴇᴄʀᴜɪᴛ] tochka_2 ⇨ ez saidgei567 by zorik and euphori
[00:36:02] [Render thread/WARN] (Minecraft) Ignoring player info update for unknown player 065e47c2-1bf9-3124-9881-f3d19c796dbc ([UPDATE_GAME_MODE])
[00:36:02] [Render thread/WARN] (Minecraft) Ignoring player info update for unknown player 065e47c2-1bf9-3124-9881-f3d19c796dbc ([UPDATE_GAME_MODE])
[00:36:02] [Render thread/WARN] (Minecraft) Ignoring player info update for unknown player 065e47c2-1bf9-3124-9881-f3d19c796dbc ([UPDATE_GAME_MODE])
[00:36:02] [Render thread/WARN] (Minecraft) Ignoring player info update for unknown player 065e47c2-1bf9-3124-9881-f3d19c796dbc ([UPDATE_GAME_MODE])
[00:36:04] [Render thread/WARN] (Minecraft) Ignoring player info update for unknown player b7ec1c58-25e2-3bb2-8a9f-c1c6c88d693a ([UPDATE_GAME_MODE])
[00:36:04] [Render thread/WARN] (Minecraft) Ignoring player info update for unknown player b7ec1c58-25e2-3bb2-8a9f-c1c6c88d693a ([UPDATE_GAME_MODE])
[00:36:04] [Render thread/WARN] (Minecraft) Ignoring player info update for unknown player b7ec1c58-25e2-3bb2-8a9f-c1c6c88d693a ([UPDATE_GAME_MODE])
[00:36:04] [Render thread/WARN] (Minecraft) Ignoring player info update for unknown player b7ec1c58-25e2-3bb2-8a9f-c1c6c88d693a ([UPDATE_GAME_MODE])
[00:36:07] [Render thread/WARN] (Minecraft) Ignoring player info update for unknown player 26b0673f-b376-3b05-88f4-9de57e2ab5db ([UPDATE_GAME_MODE])
[00:36:07] [Render thread/WARN] (Minecraft) Ignoring player info update for unknown player 26b0673f-b376-3b05-88f4-9de57e2ab5db ([UPDATE_GAME_MODE])
[00:36:07] [Render thread/WARN] (Minecraft) Ignoring player info update for unknown player 26b0673f-b376-3b05-88f4-9de57e2ab5db ([UPDATE_GAME_MODE])
[00:36:07] [Render thread/WARN] (Minecraft) Ignoring player info update for unknown player 26b0673f-b376-3b05-88f4-9de57e2ab5db ([UPDATE_GAME_MODE])
[00:36:09] [Render thread/WARN] (Minecraft) Ignoring player info update for unknown player bef0fe66-a873-3138-89a6-ac99bf7a9219 ([UPDATE_GAME_MODE])
[00:36:09] [Render thread/WARN] (Minecraft) Ignoring player info update for unknown player bef0fe66-a873-3138-89a6-ac99bf7a9219 ([UPDATE_GAME_MODE])
[00:36:09] [Render thread/WARN] (Minecraft) Ignoring player info update for unknown player bef0fe66-a873-3138-89a6-ac99bf7a9219 ([UPDATE_GAME_MODE])
[00:36:09] [Render thread/WARN] (Minecraft) Ignoring player info update for unknown player bef0fe66-a873-3138-89a6-ac99bf7a9219 ([UPDATE_GAME_MODE])
[00:36:10] [Render thread/WARN] (Minecraft) Ignoring player info update for unknown player abfa0252-8230-3eaa-a6fb-47569618993d ([UPDATE_GAME_MODE])
[00:36:10] [Render thread/WARN] (Minecraft) Ignoring player info update for unknown player abfa0252-8230-3eaa-a6fb-47569618993d ([UPDATE_GAME_MODE])
[00:36:13] [Render thread/WARN] (Minecraft) Ignoring player info update for unknown player 60e14e5e-b7a7-366d-a56c-9ad953742a3d ([UPDATE_GAME_MODE])
[00:36:13] [Render thread/WARN] (Minecraft) Ignoring player info update for unknown player 60e14e5e-b7a7-366d-a56c-9ad953742a3d ([UPDATE_GAME_MODE])
[00:36:13] [Render thread/WARN] (Minecraft) Ignoring player info update for unknown player 60e14e5e-b7a7-366d-a56c-9ad953742a3d ([UPDATE_GAME_MODE])
[00:36:13] [Render thread/WARN] (Minecraft) Ignoring player info update for unknown player 60e14e5e-b7a7-366d-a56c-9ad953742a3d ([UPDATE_GAME_MODE])
[00:36:20] [Render thread/WARN] (Minecraft) Ignoring player info update for unknown player 821de0f1-f7cd-32d2-8ff1-d38aef5405a9 ([UPDATE_GAME_MODE])
[00:36:20] [Render thread/WARN] (Minecraft) Ignoring player info update for unknown player 821de0f1-f7cd-32d2-8ff1-d38aef5405a9 ([UPDATE_GAME_MODE])
[00:36:22] [Render thread/INFO] (Minecraft) [System] [CHAT] Ⓛ [Игрок] saidgei567 ⇨ spec tochka_2
[00:36:29] [Render thread/INFO] (Minecraft) [System] [CHAT] Ⓛ [Игрок] saidgei567 ⇨ софт ебаный
[00:36:30] [Render thread/WARN] (Minecraft) Ignoring player info update for unknown player 20912df3-5975-3fef-bedd-bb63aaf9bfb2 ([UPDATE_GAME_MODE])
[00:36:30] [Render thread/WARN] (Minecraft) Ignoring player info update for unknown player 20912df3-5975-3fef-bedd-bb63aaf9bfb2 ([UPDATE_GAME_MODE])
[00:36:30] [Render thread/WARN] (Minecraft) Ignoring player info update for unknown player 20912df3-5975-3fef-bedd-bb63aaf9bfb2 ([UPDATE_GAME_MODE])
[00:36:30] [Render thread/WARN] (Minecraft) Ignoring player info update for unknown player 20912df3-5975-3fef-bedd-bb63aaf9bfb2 ([UPDATE_GAME_MODE])
[00:36:31] [Render thread/WARN] (Minecraft) Ignoring player info update for unknown player 50e327e2-183d-3123-96f3-21029951a1fc ([UPDATE_GAME_MODE])
[00:36:31] [Render thread/WARN] (Minecraft) Ignoring player info update for unknown player 50e327e2-183d-3123-96f3-21029951a1fc ([UPDATE_GAME_MODE])
[00:36:31] [Render thread/WARN] (Minecraft) Ignoring player info update for unknown player 50e327e2-183d-3123-96f3-21029951a1fc ([UPDATE_GAME_MODE])
[00:36:31] [Render thread/WARN] (Minecraft) Ignoring player info update for unknown player 50e327e2-183d-3123-96f3-21029951a1fc ([UPDATE_GAME_MODE])
[00:36:31] [Render thread/WARN] (Minecraft) Ignoring player info update for unknown player 0ba54eb5-0d9b-3c3a-a6ac-b5bf81197cdb ([UPDATE_GAME_MODE])
[00:36:31] [Render thread/WARN] (Minecraft) Ignoring player info update for unknown player 0ba54eb5-0d9b-3c3a-a6ac-b5bf81197cdb ([UPDATE_GAME_MODE])
[00:36:31] [Render thread/WARN] (Minecraft) Ignoring player info update for unknown player 0ba54eb5-0d9b-3c3a-a6ac-b5bf81197cdb ([UPDATE_GAME_MODE])
[00:36:31] [Render thread/WARN] (Minecraft) Ignoring player info update for unknown player 0ba54eb5-0d9b-3c3a-a6ac-b5bf81197cdb ([UPDATE_GAME_MODE])
[00:36:38] [Render thread/WARN] (Minecraft) Ignoring player info update for unknown player b262b60c-792e-3c48-953b-0e5896b9117c ([UPDATE_GAME_MODE])
[00:36:38] [Render thread/WARN] (Minecraft) Ignoring player info update for unknown player b262b60c-792e-3c48-953b-0e5896b9117c ([UPDATE_GAME_MODE])
[00:36:38] [Render thread/WARN] (Minecraft) Ignoring player info update for unknown player b262b60c-792e-3c48-953b-0e5896b9117c ([UPDATE_GAME_MODE])
[00:36:38] [Render thread/WARN] (Minecraft) Ignoring player info update for unknown player b262b60c-792e-3c48-953b-0e5896b9117c ([UPDATE_GAME_MODE])
[00:36:38] [Render thread/WARN] (Minecraft) Ignoring player info update for unknown player cfd4fd2f-b846-35c4-9a23-61746dd19775 ([UPDATE_GAME_MODE])
[00:36:38] [Render thread/WARN] (Minecraft) Ignoring player info update for unknown player cfd4fd2f-b846-35c4-9a23-61746dd19775 ([UPDATE_GAME_MODE])
[00:36:38] [Render thread/WARN] (Minecraft) Ignoring player info update for unknown player cfd4fd2f-b846-35c4-9a23-61746dd19775 ([UPDATE_GAME_MODE])
[00:36:38] [Render thread/WARN] (Minecraft) Ignoring player info update for unknown player cfd4fd2f-b846-35c4-9a23-61746dd19775 ([UPDATE_GAME_MODE])
[00:36:38] [Render thread/WARN] (Minecraft) Ignoring player info update for unknown player f84ebac7-929a-301a-b215-79a2e872e2a8 ([UPDATE_GAME_MODE])
[00:36:38] [Render thread/WARN] (Minecraft) Ignoring player info update for unknown player f84ebac7-929a-301a-b215-79a2e872e2a8 ([UPDATE_GAME_MODE])
[00:36:38] [Render thread/WARN] (Minecraft) Ignoring player info update for unknown player f84ebac7-929a-301a-b215-79a2e872e2a8 ([UPDATE_GAME_MODE])
[00:36:38] [Render thread/WARN] (Minecraft) Ignoring player info update for unknown player f84ebac7-929a-301a-b215-79a2e872e2a8 ([UPDATE_GAME_MODE])
[00:36:44] [Render thread/WARN] (Minecraft) Ignoring player info update for unknown player fa3eb75a-01cd-366e-98e1-b46307655b72 ([UPDATE_GAME_MODE])
[00:36:44] [Render thread/WARN] (Minecraft) Ignoring player info update for unknown player fa3eb75a-01cd-366e-98e1-b46307655b72 ([UPDATE_GAME_MODE])
[00:36:44] [Render thread/WARN] (Minecraft) Ignoring player info update for unknown player fa3eb75a-01cd-366e-98e1-b46307655b72 ([UPDATE_GAME_MODE])
[00:36:44] [Render thread/WARN] (Minecraft) Ignoring player info update for unknown player fa3eb75a-01cd-366e-98e1-b46307655b72 ([UPDATE_GAME_MODE])
[00:36:45] [Render thread/INFO] (Minecraft) [System] [CHAT] Ⓖ [ɢᴏᴅ] Rulo_Skinov BABY ⇨ -еззз
[00:36:48] [Render thread/INFO] (Minecraft) [System] [CHAT] Ⓛ [ʟᴇɢᴇɴᴅ] ytochka092 ⇨ spek h1ghsoon
[00:36:56] [Render thread/WARN] (Minecraft) Ignoring player info update for unknown player 1dac239f-82b3-3674-ab5f-549b9b13a338 ([UPDATE_GAME_MODE])
[00:36:56] [Render thread/WARN] (Minecraft) Ignoring player info update for unknown player 1dac239f-82b3-3674-ab5f-549b9b13a338 ([UPDATE_GAME_MODE])
[00:36:57] [Render thread/WARN] (Minecraft) Ignoring player info update for unknown player 0aafb46b-3494-3e3c-9471-403609a62f68 ([UPDATE_GAME_MODE])
[00:36:57] [Render thread/WARN] (Minecraft) Ignoring player info update for unknown player 0aafb46b-3494-3e3c-9471-403609a62f68 ([UPDATE_GAME_MODE])
[00:36:57] [Render thread/WARN] (Minecraft) Ignoring player info update for unknown player 0aafb46b-3494-3e3c-9471-403609a62f68 ([UPDATE_GAME_MODE])
[00:36:57] [Render thread/WARN] (Minecraft) Ignoring player info update for unknown player 0aafb46b-3494-3e3c-9471-403609a62f68 ([UPDATE_GAME_MODE])
[00:36:57] [Render thread/WARN] (Minecraft) Ignoring player info update for unknown player b72ea620-7638-3104-b35e-344509d68d66 ([UPDATE_GAME_MODE])
[00:36:57] [Render thread/WARN] (Minecraft) Ignoring player info update for unknown player b72ea620-7638-3104-b35e-344509d68d66 ([UPDATE_GAME_MODE])
[00:36:57] [Render thread/WARN] (Minecraft) Ignoring player info update for unknown player b72ea620-7638-3104-b35e-344509d68d66 ([UPDATE_GAME_MODE])
[00:36:57] [Render thread/WARN] (Minecraft) Ignoring player info update for unknown player b72ea620-7638-3104-b35e-344509d68d66 ([UPDATE_GAME_MODE])
[00:37:05] [Render thread/WARN] (Minecraft) Ignoring player info update for unknown player 1065cfd9-878a-3975-8785-9e4ad57a8ce3 ([UPDATE_GAME_MODE])
[00:37:05] [Render thread/WARN] (Minecraft) Ignoring player info update for unknown player 1065cfd9-878a-3975-8785-9e4ad57a8ce3 ([UPDATE_GAME_MODE])
[00:37:05] [Render thread/WARN] (Minecraft) Ignoring player info update for unknown player 1065cfd9-878a-3975-8785-9e4ad57a8ce3 ([UPDATE_GAME_MODE])
[00:37:05] [Render thread/WARN] (Minecraft) Ignoring player info update for unknown player 1065cfd9-878a-3975-8785-9e4ad57a8ce3 ([UPDATE_GAME_MODE])
[00:37:07] [Render thread/INFO] (Minecraft) [System] [CHAT] ╔
[00:37:07] [Render thread/INFO] (Minecraft) [System] [CHAT] ╠          ! ГОЛОСОВОЙ ЧАТ !
[00:37:07] [Render thread/INFO] (Minecraft) [System] [CHAT] ╠ Теперь на сервере можно говорить!
[00:37:07] [Render thread/INFO] (Minecraft) [System] [CHAT] ╠ Подробная информация /voice
[00:37:07] [Render thread/INFO] (Minecraft) [System] [CHAT] ╚
[00:37:07] [Render thread/WARN] (Minecraft) Ignoring player info update for unknown player 89d60a84-6abd-3b4f-900f-b0f9e055d1da ([UPDATE_GAME_MODE])
[00:37:07] [Render thread/WARN] (Minecraft) Ignoring player info update for unknown player 89d60a84-6abd-3b4f-900f-b0f9e055d1da ([UPDATE_GAME_MODE])
[00:37:07] [Render thread/WARN] (Minecraft) Ignoring player info update for unknown player 89d60a84-6abd-3b4f-900f-b0f9e055d1da ([UPDATE_GAME_MODE])
[00:37:07] [Render thread/WARN] (Minecraft) Ignoring player info update for unknown player 89d60a84-6abd-3b4f-900f-b0f9e055d1da ([UPDATE_GAME_MODE])
[00:37:07] [Render thread/WARN] (Minecraft) Ignoring player info update for unknown player 50e327e2-183d-3123-96f3-21029951a1fc ([UPDATE_GAME_MODE])
[00:37:07] [Render thread/WARN] (Minecraft) Ignoring player info update for unknown player 50e327e2-183d-3123-96f3-21029951a1fc ([UPDATE_GAME_MODE])
[00:37:07] [Render thread/WARN] (Minecraft) Ignoring player info update for unknown player 50e327e2-183d-3123-96f3-21029951a1fc ([UPDATE_GAME_MODE])
[00:37:07] [Render thread/WARN] (Minecraft) Ignoring player info update for unknown player 50e327e2-183d-3123-96f3-21029951a1fc ([UPDATE_GAME_MODE])
[00:37:08] [Render thread/WARN] (Minecraft) Ignoring player info update for unknown player 02835bb6-3a8d-3801-a0c3-6a9913630475 ([UPDATE_GAME_MODE])
[00:37:08] [Render thread/WARN] (Minecraft) Ignoring player info update for unknown player 02835bb6-3a8d-3801-a0c3-6a9913630475 ([UPDATE_GAME_MODE])
[00:37:08] [Render thread/WARN] (Minecraft) Ignoring player info update for unknown player 02835bb6-3a8d-3801-a0c3-6a9913630475 ([UPDATE_GAME_MODE])
[00:37:08] [Render thread/WARN] (Minecraft) Ignoring player info update for unknown player 02835bb6-3a8d-3801-a0c3-6a9913630475 ([UPDATE_GAME_MODE])
[00:37:12] [Render thread/INFO] (Minecraft) [System] [CHAT] Ⓖ [ɢᴏᴅ] Rulo_Skinov BABY ⇨ -еззз лив
[00:37:16] [Render thread/WARN] (Minecraft) Ignoring player info update for unknown player 7e59292a-8e28-3465-b08d-2dc234921f86 ([UPDATE_GAME_MODE])
[00:37:16] [Render thread/WARN] (Minecraft) Ignoring player info update for unknown player 7e59292a-8e28-3465-b08d-2dc234921f86 ([UPDATE_GAME_MODE])
[00:37:16] [Render thread/WARN] (Minecraft) Ignoring player info update for unknown player 7e59292a-8e28-3465-b08d-2dc234921f86 ([UPDATE_GAME_MODE])
[00:37:16] [Render thread/WARN] (Minecraft) Ignoring player info update for unknown player 7e59292a-8e28-3465-b08d-2dc234921f86 ([UPDATE_GAME_MODE])
[00:37:17] [Render thread/WARN] (Minecraft) Ignoring player info update for unknown player b262b60c-792e-3c48-953b-0e5896b9117c ([UPDATE_GAME_MODE])
[00:37:17] [Render thread/WARN] (Minecraft) Ignoring player info update for unknown player b262b60c-792e-3c48-953b-0e5896b9117c ([UPDATE_GAME_MODE])
[00:37:17] [Render thread/WARN] (Minecraft) Ignoring player info update for unknown player b262b60c-792e-3c48-953b-0e5896b9117c ([UPDATE_GAME_MODE])
[00:37:17] [Render thread/WARN] (Minecraft) Ignoring player info update for unknown player b262b60c-792e-3c48-953b-0e5896b9117c ([UPDATE_GAME_MODE])
[00:37:20] [Render thread/INFO] (Minecraft) [System] [CHAT] Ⓖ [Игрок] q0zrtt ⇨ -ezz by #спящий
[00:37:20] [Render thread/WARN] (Minecraft) Ignoring player info update for unknown player 122d6143-524f-36e1-a470-710b3d77e661 ([UPDATE_GAME_MODE])
[00:37:20] [Render thread/WARN] (Minecraft) Ignoring player info update for unknown player 122d6143-524f-36e1-a470-710b3d77e661 ([UPDATE_GAME_MODE])
[00:37:20] [Render thread/WARN] (Minecraft) Ignoring player info update for unknown player 122d6143-524f-36e1-a470-710b3d77e661 ([UPDATE_GAME_MODE])
[00:37:20] [Render thread/WARN] (Minecraft) Ignoring player info update for unknown player 122d6143-524f-36e1-a470-710b3d77e661 ([UPDATE_GAME_MODE])
[00:37:25] [Render thread/WARN] (Minecraft) Ignoring player info update for unknown player 95c025c5-9acf-37c9-a164-767e91093f5e ([UPDATE_GAME_MODE])
[00:37:25] [Render thread/WARN] (Minecraft) Ignoring player info update for unknown player 95c025c5-9acf-37c9-a164-767e91093f5e ([UPDATE_GAME_MODE])
[00:37:25] [Render thread/WARN] (Minecraft) Ignoring player info update for unknown player 95c025c5-9acf-37c9-a164-767e91093f5e ([UPDATE_GAME_MODE])
[00:37:25] [Render thread/WARN] (Minecraft) Ignoring player info update for unknown player 95c025c5-9acf-37c9-a164-767e91093f5e ([UPDATE_GAME_MODE])
[00:37:28] [Render thread/INFO] (Minecraft) [System] [CHAT] Ⓛ [Игрок] pidor_eggw3 ⇨ софт ебаный
[00:37:30] [Render thread/WARN] (Minecraft) Ignoring player info update for unknown player b28d7234-b94c-3a99-b9e5-f273dff62494 ([UPDATE_GAME_MODE])
[00:37:30] [Render thread/WARN] (Minecraft) Ignoring player info update for unknown player b28d7234-b94c-3a99-b9e5-f273dff62494 ([UPDATE_GAME_MODE])
[00:37:30] [Render thread/WARN] (Minecraft) Ignoring player info update for unknown player b28d7234-b94c-3a99-b9e5-f273dff62494 ([UPDATE_GAME_MODE])
[00:37:30] [Render thread/WARN] (Minecraft) Ignoring player info update for unknown player b28d7234-b94c-3a99-b9e5-f273dff62494 ([UPDATE_GAME_MODE])
[00:37:30] [Render thread/WARN] (Minecraft) Ignoring player info update for unknown player 87eda9b6-480f-355b-81d9-34e1ab0b6948 ([UPDATE_GAME_MODE])
[00:37:30] [Render thread/WARN] (Minecraft) Ignoring player info update for unknown player 87eda9b6-480f-355b-81d9-34e1ab0b6948 ([UPDATE_GAME_MODE])
[00:37:30] [Render thread/WARN] (Minecraft) Ignoring player info update for unknown player 87eda9b6-480f-355b-81d9-34e1ab0b6948 ([UPDATE_GAME_MODE])
[00:37:30] [Render thread/WARN] (Minecraft) Ignoring player info update for unknown player 87eda9b6-480f-355b-81d9-34e1ab0b6948 ([UPDATE_GAME_MODE])
[00:37:32] [Render thread/WARN] (Minecraft) Ignoring player info update for unknown player bef0fe66-a873-3138-89a6-ac99bf7a9219 ([UPDATE_GAME_MODE])
[00:37:32] [Render thread/WARN] (Minecraft) Ignoring player info update for unknown player bef0fe66-a873-3138-89a6-ac99bf7a9219 ([UPDATE_GAME_MODE])
[00:37:32] [Render thread/WARN] (Minecraft) Ignoring player info update for unknown player bef0fe66-a873-3138-89a6-ac99bf7a9219 ([UPDATE_GAME_MODE])
[00:37:32] [Render thread/WARN] (Minecraft) Ignoring player info update for unknown player bef0fe66-a873-3138-89a6-ac99bf7a9219 ([UPDATE_GAME_MODE])
[00:37:32] [Render thread/INFO] (Minecraft) [System] [CHAT] Ⓛ [Игрок] pidor_eggw3 ⇨ заткнись
[00:37:43] [Render thread/INFO] (Minecraft) [System] [CHAT] Ⓖ [Игрок] Fergekreal1 ⇨ ezz get Sadnes freak ds 999boish
[00:37:43] [Render thread/WARN] (Minecraft) Ignoring player info update for unknown player e19595ae-bef6-37e7-b43a-a19aba22df15 ([UPDATE_GAME_MODE])
[00:37:43] [Render thread/WARN] (Minecraft) Ignoring player info update for unknown player e19595ae-bef6-37e7-b43a-a19aba22df15 ([UPDATE_GAME_MODE])
[00:37:46] [Render thread/WARN] (Minecraft) Ignoring player info update for unknown player 2185cc83-1bda-390c-ad87-5bd51dd3a54b ([UPDATE_GAME_MODE])
[00:37:46] [Render thread/WARN] (Minecraft) Ignoring player info update for unknown player 2185cc83-1bda-390c-ad87-5bd51dd3a54b ([UPDATE_GAME_MODE])
[00:37:51] [Render thread/INFO] (Minecraft) [System] [CHAT] Ⓖ [ɢᴏᴅ] Rulo_Skinov BABY ⇨ - езз султан
[00:37:57] [Render thread/WARN] (Minecraft) Ignoring player info update for unknown player 8b7f5aa7-013d-3904-b24c-c77250749636 ([UPDATE_GAME_MODE])
[00:37:57] [Render thread/WARN] (Minecraft) Ignoring player info update for unknown player 8b7f5aa7-013d-3904-b24c-c77250749636 ([UPDATE_GAME_MODE])
[00:37:57] [Render thread/WARN] (Minecraft) Ignoring player info update for unknown player b0bb4801-976f-3538-899f-9b2a9f4e8fe6 ([UPDATE_GAME_MODE])
[00:37:57] [Render thread/WARN] (Minecraft) Ignoring player info update for unknown player b0bb4801-976f-3538-899f-9b2a9f4e8fe6 ([UPDATE_GAME_MODE])
[00:37:57] [Render thread/WARN] (Minecraft) Ignoring player info update for unknown player b0bb4801-976f-3538-899f-9b2a9f4e8fe6 ([UPDATE_GAME_MODE])
[00:37:57] [Render thread/WARN] (Minecraft) Ignoring player info update for unknown player b0bb4801-976f-3538-899f-9b2a9f4e8fe6 ([UPDATE_GAME_MODE])
[00:38:00] [Render thread/INFO] (Minecraft) [System] [CHAT] Ⓖ [Игрок] q0zrtt ⇨ -ezz by #спящий
[00:38:04] [Render thread/WARN] (Minecraft) Ignoring player info update for unknown player b1974258-801f-34ac-8f3d-120868cb47d2 ([UPDATE_GAME_MODE])
[00:38:04] [Render thread/WARN] (Minecraft) Ignoring player info update for unknown player b1974258-801f-34ac-8f3d-120868cb47d2 ([UPDATE_GAME_MODE])
[00:38:04] [Render thread/WARN] (Minecraft) Ignoring player info update for unknown player b1974258-801f-34ac-8f3d-120868cb47d2 ([UPDATE_GAME_MODE])
[00:38:04] [Render thread/WARN] (Minecraft) Ignoring player info update for unknown player b1974258-801f-34ac-8f3d-120868cb47d2 ([UPDATE_GAME_MODE])
[00:38:04] [Render thread/WARN] (Minecraft) Ignoring player info update for unknown player d4b495c3-016d-3c56-ae6e-d07ca067a2af ([UPDATE_GAME_MODE])
[00:38:04] [Render thread/WARN] (Minecraft) Ignoring player info update for unknown player d4b495c3-016d-3c56-ae6e-d07ca067a2af ([UPDATE_GAME_MODE])
[00:38:04] [Render thread/WARN] (Minecraft) Ignoring player info update for unknown player d4b495c3-016d-3c56-ae6e-d07ca067a2af ([UPDATE_GAME_MODE])
[00:38:04] [Render thread/WARN] (Minecraft) Ignoring player info update for unknown player d4b495c3-016d-3c56-ae6e-d07ca067a2af ([UPDATE_GAME_MODE])
[00:38:08] [Render thread/WARN] (Minecraft) Ignoring player info update for unknown player f4ea9e6c-f17f-3dea-bea4-7643197c4819 ([UPDATE_GAME_MODE])
[00:38:08] [Render thread/WARN] (Minecraft) Ignoring player info update for unknown player f4ea9e6c-f17f-3dea-bea4-7643197c4819 ([UPDATE_GAME_MODE])
[00:38:08] [Render thread/WARN] (Minecraft) Ignoring player info update for unknown player f4ea9e6c-f17f-3dea-bea4-7643197c4819 ([UPDATE_GAME_MODE])
[00:38:08] [Render thread/WARN] (Minecraft) Ignoring player info update for unknown player f4ea9e6c-f17f-3dea-bea4-7643197c4819 ([UPDATE_GAME_MODE])
[00:38:08] [Render thread/WARN] (Minecraft) Ignoring player info update for unknown player 51d7c171-dea7-378c-99a0-c0d8e5ad989f ([UPDATE_GAME_MODE])
[00:38:08] [Render thread/WARN] (Minecraft) Ignoring player info update for unknown player 51d7c171-dea7-378c-99a0-c0d8e5ad989f ([UPDATE_GAME_MODE])
[00:38:08] [Render thread/WARN] (Minecraft) Ignoring player info update for unknown player 51d7c171-dea7-378c-99a0-c0d8e5ad989f ([UPDATE_GAME_MODE])
[00:38:08] [Render thread/WARN] (Minecraft) Ignoring player info update for unknown player 51d7c171-dea7-378c-99a0-c0d8e5ad989f ([UPDATE_GAME_MODE])
[00:38:11] [Render thread/WARN] (Minecraft) Ignoring player info update for unknown player d592b72c-107a-3b55-9c6e-04606cbf63cd ([UPDATE_GAME_MODE])
[00:38:11] [Render thread/WARN] (Minecraft) Ignoring player info update for unknown player d592b72c-107a-3b55-9c6e-04606cbf63cd ([UPDATE_GAME_MODE])
[00:38:12] [Render thread/WARN] (Minecraft) Ignoring player info update for unknown player f8db6abe-b1a1-3be2-a379-ceefa5892f99 ([UPDATE_GAME_MODE])
[00:38:12] [Render thread/WARN] (Minecraft) Ignoring player info update for unknown player f8db6abe-b1a1-3be2-a379-ceefa5892f99 ([UPDATE_GAME_MODE])
[00:38:15] [Render thread/WARN] (Minecraft) Ignoring player info update for unknown player f380c97d-8f5f-3796-849e-9c515b6c8533 ([UPDATE_GAME_MODE])
[00:38:15] [Render thread/WARN] (Minecraft) Ignoring player info update for unknown player f380c97d-8f5f-3796-849e-9c515b6c8533 ([UPDATE_GAME_MODE])
[00:38:15] [Render thread/WARN] (Minecraft) Ignoring player info update for unknown player f380c97d-8f5f-3796-849e-9c515b6c8533 ([UPDATE_GAME_MODE])
[00:38:15] [Render thread/WARN] (Minecraft) Ignoring player info update for unknown player f380c97d-8f5f-3796-849e-9c515b6c8533 ([UPDATE_GAME_MODE])
[00:38:17] [Render thread/WARN] (Minecraft) Ignoring player info update for unknown player 2886e073-6a64-3a03-a22b-5f8882f05776 ([UPDATE_GAME_MODE])
[00:38:17] [Render thread/WARN] (Minecraft) Ignoring player info update for unknown player 2886e073-6a64-3a03-a22b-5f8882f05776 ([UPDATE_GAME_MODE])
[00:38:17] [Render thread/WARN] (Minecraft) Ignoring player info update for unknown player 2886e073-6a64-3a03-a22b-5f8882f05776 ([UPDATE_GAME_MODE])
[00:38:17] [Render thread/WARN] (Minecraft) Ignoring player info update for unknown player 2886e073-6a64-3a03-a22b-5f8882f05776 ([UPDATE_GAME_MODE])
[00:38:23] [Render thread/WARN] (Minecraft) Ignoring player info update for unknown player bacb18f3-1d0c-34e7-a40c-0bf9b68078d6 ([UPDATE_GAME_MODE])
[00:38:23] [Render thread/WARN] (Minecraft) Ignoring player info update for unknown player bacb18f3-1d0c-34e7-a40c-0bf9b68078d6 ([UPDATE_GAME_MODE])
[00:38:23] [Render thread/WARN] (Minecraft) Ignoring player info update for unknown player bacb18f3-1d0c-34e7-a40c-0bf9b68078d6 ([UPDATE_GAME_MODE])
[00:38:23] [Render thread/WARN] (Minecraft) Ignoring player info update for unknown player bacb18f3-1d0c-34e7-a40c-0bf9b68078d6 ([UPDATE_GAME_MODE])
[00:38:29] [Render thread/WARN] (Minecraft) Ignoring player info update for unknown player 9d39492d-f554-395b-90a8-927263b14554 ([UPDATE_GAME_MODE])
[00:38:29] [Render thread/WARN] (Minecraft) Ignoring player info update for unknown player 9d39492d-f554-395b-90a8-927263b14554 ([UPDATE_GAME_MODE])
[00:38:29] [Render thread/WARN] (Minecraft) Ignoring player info update for unknown player 9d39492d-f554-395b-90a8-927263b14554 ([UPDATE_GAME_MODE])
[00:38:29] [Render thread/WARN] (Minecraft) Ignoring player info update for unknown player 9d39492d-f554-395b-90a8-927263b14554 ([UPDATE_GAME_MODE])
[00:38:32] [Render thread/WARN] (Minecraft) Ignoring player info update for unknown player 7808cfd4-2aa0-30c1-81a8-1bf2b304c309 ([UPDATE_GAME_MODE])
[00:38:32] [Render thread/WARN] (Minecraft) Ignoring player info update for unknown player 7808cfd4-2aa0-30c1-81a8-1bf2b304c309 ([UPDATE_GAME_MODE])
[00:38:32] [Render thread/WARN] (Minecraft) Ignoring player info update for unknown player 7808cfd4-2aa0-30c1-81a8-1bf2b304c309 ([UPDATE_GAME_MODE])
[00:38:32] [Render thread/WARN] (Minecraft) Ignoring player info update for unknown player 7808cfd4-2aa0-30c1-81a8-1bf2b304c309 ([UPDATE_GAME_MODE])
[00:38:37] [Render thread/INFO] (Minecraft) [System] [CHAT] ╔
[00:38:37] [Render thread/INFO] (Minecraft) [System] [CHAT] ╠ Подписывайтесь на наш ТТ - tiktok.com/@spookytime_tt
[00:38:37] [Render thread/INFO] (Minecraft) [System] [CHAT] ╚
[00:38:37] [Render thread/WARN] (Minecraft) Ignoring player info update for unknown player 7e59292a-8e28-3465-b08d-2dc234921f86 ([UPDATE_GAME_MODE])
[00:38:37] [Render thread/WARN] (Minecraft) Ignoring player info update for unknown player 7e59292a-8e28-3465-b08d-2dc234921f86 ([UPDATE_GAME_MODE])
[00:38:37] [Render thread/WARN] (Minecraft) Ignoring player info update for unknown player 7e59292a-8e28-3465-b08d-2dc234921f86 ([UPDATE_GAME_MODE])
[00:38:37] [Render thread/WARN] (Minecraft) Ignoring player info update for unknown player 7e59292a-8e28-3465-b08d-2dc234921f86 ([UPDATE_GAME_MODE])
[00:38:42] [Render thread/WARN] (Minecraft) Ignoring player info update for unknown player 35b2bc1e-9810-3f64-9d01-36f389007805 ([UPDATE_GAME_MODE])
[00:38:42] [Render thread/WARN] (Minecraft) Ignoring player info update for unknown player 35b2bc1e-9810-3f64-9d01-36f389007805 ([UPDATE_GAME_MODE])
[00:38:42] [Render thread/WARN] (Minecraft) Ignoring player info update for unknown player 35b2bc1e-9810-3f64-9d01-36f389007805 ([UPDATE_GAME_MODE])
[00:38:42] [Render thread/WARN] (Minecraft) Ignoring player info update for unknown player 35b2bc1e-9810-3f64-9d01-36f389007805 ([UPDATE_GAME_MODE])
[00:38:43] [Render thread/WARN] (Minecraft) Ignoring player info update for unknown player bd0ecf70-d736-36d2-b750-4820a4201989 ([UPDATE_GAME_MODE])
[00:38:43] [Render thread/WARN] (Minecraft) Ignoring player info update for unknown player bd0ecf70-d736-36d2-b750-4820a4201989 ([UPDATE_GAME_MODE])
[00:38:44] [Render thread/WARN] (Minecraft) Ignoring player info update for unknown player d4b495c3-016d-3c56-ae6e-d07ca067a2af ([UPDATE_GAME_MODE])
[00:38:44] [Render thread/WARN] (Minecraft) Ignoring player info update for unknown player d4b495c3-016d-3c56-ae6e-d07ca067a2af ([UPDATE_GAME_MODE])
[00:38:44] [Render thread/WARN] (Minecraft) Ignoring player info update for unknown player d4b495c3-016d-3c56-ae6e-d07ca067a2af ([UPDATE_GAME_MODE])
[00:38:44] [Render thread/WARN] (Minecraft) Ignoring player info update for unknown player d4b495c3-016d-3c56-ae6e-d07ca067a2af ([UPDATE_GAME_MODE])
[00:38:48] [Render thread/WARN] (Minecraft) Ignoring player info update for unknown player 0287c6d8-8635-3b75-92af-e7dbc04a5315 ([UPDATE_GAME_MODE])
[00:38:48] [Render thread/WARN] (Minecraft) Ignoring player info update for unknown player 0287c6d8-8635-3b75-92af-e7dbc04a5315 ([UPDATE_GAME_MODE])
[00:38:50] [Render thread/INFO] (Minecraft) [System] [CHAT] Ⓛ [Игрок] ColdShade454 ⇨ да
[00:38:51] [Render thread/WARN] (Minecraft) Ignoring player info update for unknown player 9a5d1d38-3306-3198-bb51-8043759b5429 ([UPDATE_GAME_MODE])
[00:38:51] [Render thread/WARN] (Minecraft) Ignoring player info update for unknown player 9a5d1d38-3306-3198-bb51-8043759b5429 ([UPDATE_GAME_MODE])
[00:38:51] [Render thread/WARN] (Minecraft) Ignoring player info update for unknown player 9a5d1d38-3306-3198-bb51-8043759b5429 ([UPDATE_GAME_MODE])
[00:38:51] [Render thread/WARN] (Minecraft) Ignoring player info update for unknown player 9a5d1d38-3306-3198-bb51-8043759b5429 ([UPDATE_GAME_MODE])
[00:38:53] [Render thread/WARN] (Minecraft) Ignoring player info update for unknown player bd4fda1c-a16e-3e0a-ac4c-fa8310de64b0 ([UPDATE_GAME_MODE])
[00:38:53] [Render thread/WARN] (Minecraft) Ignoring player info update for unknown player bd4fda1c-a16e-3e0a-ac4c-fa8310de64b0 ([UPDATE_GAME_MODE])
[00:38:53] [Render thread/WARN] (Minecraft) Ignoring player info update for unknown player bd4fda1c-a16e-3e0a-ac4c-fa8310de64b0 ([UPDATE_GAME_MODE])
[00:38:53] [Render thread/WARN] (Minecraft) Ignoring player info update for unknown player bd4fda1c-a16e-3e0a-ac4c-fa8310de64b0 ([UPDATE_GAME_MODE])
[00:38:56] [Render thread/WARN] (Minecraft) Ignoring player info update for unknown player 3c9d516f-8868-32a7-befe-576435d97ce2 ([UPDATE_GAME_MODE])
[00:38:56] [Render thread/WARN] (Minecraft) Ignoring player info update for unknown player 3c9d516f-8868-32a7-befe-576435d97ce2 ([UPDATE_GAME_MODE])
[00:38:56] [Render thread/WARN] (Minecraft) Ignoring player info update for unknown player 3c9d516f-8868-32a7-befe-576435d97ce2 ([UPDATE_GAME_MODE])
[00:38:56] [Render thread/WARN] (Minecraft) Ignoring player info update for unknown player 3c9d516f-8868-32a7-befe-576435d97ce2 ([UPDATE_GAME_MODE])
[00:38:56] [Render thread/WARN] (Minecraft) Ignoring player info update for unknown player d4b495c3-016d-3c56-ae6e-d07ca067a2af ([UPDATE_GAME_MODE])
[00:38:56] [Render thread/WARN] (Minecraft) Ignoring player info update for unknown player d4b495c3-016d-3c56-ae6e-d07ca067a2af ([UPDATE_GAME_MODE])
[00:38:56] [Render thread/WARN] (Minecraft) Ignoring player info update for unknown player d4b495c3-016d-3c56-ae6e-d07ca067a2af ([UPDATE_GAME_MODE])
[00:38:56] [Render thread/WARN] (Minecraft) Ignoring player info update for unknown player d4b495c3-016d-3c56-ae6e-d07ca067a2af ([UPDATE_GAME_MODE])
[00:38:57] [Render thread/WARN] (Minecraft) Ignoring player info update for unknown player dceb76a5-b47a-345d-9f90-4d0bf0156d30 ([UPDATE_GAME_MODE])
[00:38:57] [Render thread/WARN] (Minecraft) Ignoring player info update for unknown player dceb76a5-b47a-345d-9f90-4d0bf0156d30 ([UPDATE_GAME_MODE])
[00:38:57] [Render thread/WARN] (Minecraft) Ignoring player info update for unknown player dceb76a5-b47a-345d-9f90-4d0bf0156d30 ([UPDATE_GAME_MODE])
[00:38:57] [Render thread/WARN] (Minecraft) Ignoring player info update for unknown player dceb76a5-b47a-345d-9f90-4d0bf0156d30 ([UPDATE_GAME_MODE])
[00:38:58] [Render thread/INFO] (Minecraft) [System] [CHAT] Ⓛ [Игрок] ColdShade454 ⇨ м
[00:38:59] [Render thread/WARN] (Minecraft) Ignoring player info update for unknown player d3cd09df-9b39-3387-9a59-71f968e1690a ([UPDATE_GAME_MODE])
[00:38:59] [Render thread/WARN] (Minecraft) Ignoring player info update for unknown player d3cd09df-9b39-3387-9a59-71f968e1690a ([UPDATE_GAME_MODE])
[00:39:02] [Render thread/WARN] (Minecraft) Ignoring player info update for unknown player a5396f9d-9501-315a-a9e0-87d5d972816c ([UPDATE_GAME_MODE])
[00:39:02] [Render thread/WARN] (Minecraft) Ignoring player info update for unknown player a5396f9d-9501-315a-a9e0-87d5d972816c ([UPDATE_GAME_MODE])
[00:39:02] [Render thread/WARN] (Minecraft) Ignoring player info update for unknown player a5396f9d-9501-315a-a9e0-87d5d972816c ([UPDATE_GAME_MODE])
[00:39:02] [Render thread/WARN] (Minecraft) Ignoring player info update for unknown player a5396f9d-9501-315a-a9e0-87d5d972816c ([UPDATE_GAME_MODE])
[00:39:03] [Render thread/WARN] (Minecraft) Ignoring player info update for unknown player 9c3af5c1-b109-3676-821a-32306c64119d ([UPDATE_GAME_MODE])
[00:39:03] [Render thread/WARN] (Minecraft) Ignoring player info update for unknown player 9c3af5c1-b109-3676-821a-32306c64119d ([UPDATE_GAME_MODE])
[00:39:03] [Render thread/WARN] (Minecraft) Ignoring player info update for unknown player 9c3af5c1-b109-3676-821a-32306c64119d ([UPDATE_GAME_MODE])
[00:39:03] [Render thread/WARN] (Minecraft) Ignoring player info update for unknown player 9c3af5c1-b109-3676-821a-32306c64119d ([UPDATE_GAME_MODE])
[00:39:05] [Render thread/WARN] (Minecraft) Ignoring player info update for unknown player 26c27778-9b1f-30e8-af37-297ec5186615 ([UPDATE_GAME_MODE])
[00:39:05] [Render thread/WARN] (Minecraft) Ignoring player info update for unknown player 26c27778-9b1f-30e8-af37-297ec5186615 ([UPDATE_GAME_MODE])
[00:39:06] [Render thread/WARN] (Minecraft) Ignoring player info update for unknown player 3d924e16-c09a-3733-9a98-5a5f67a1ce63 ([UPDATE_GAME_MODE])
[00:39:06] [Render thread/WARN] (Minecraft) Ignoring player info update for unknown player 3d924e16-c09a-3733-9a98-5a5f67a1ce63 ([UPDATE_GAME_MODE])
[00:39:07] [Render thread/INFO] (Minecraft) [System] [CHAT] Вы были кикнуты с сервера 1duels: \n[AntiAFK] Недопустимо стоять в афк столько времени
[00:39:07] [Netty NIO IO #0/WARN] (fabric-networking-api-v1) Received invalid channel identifier "legacy:minecraft:brand"
[00:39:07] [Netty NIO IO #0/WARN] (fabric-networking-api-v1) Received invalid channel identifier "legacy:mc|brand"
[00:39:07] [Render thread/WARN] (Minecraft) Ignoring player info update for unknown player 23d9c218-6e3a-3006-8ea5-d8175adc3e80 ([UPDATE_GAME_MODE])
[00:39:07] [Render thread/WARN] (Minecraft) Ignoring player info update for unknown player 23d9c218-6e3a-3006-8ea5-d8175adc3e80 ([UPDATE_GAME_MODE])
[00:39:07] [Render thread/WARN] (Minecraft) Ignoring player info update for unknown player 23d9c218-6e3a-3006-8ea5-d8175adc3e80 ([UPDATE_GAME_MODE])
[00:39:07] [Render thread/WARN] (Minecraft) Ignoring player info update for unknown player 23d9c218-6e3a-3006-8ea5-d8175adc3e80 ([UPDATE_GAME_MODE])
[00:39:07] [Render thread/WARN] (Minecraft) Ignoring player info update for unknown player 23d9c218-6e3a-3006-8ea5-d8175adc3e80 ([UPDATE_GAME_MODE])
[00:39:07] [Render thread/WARN] (Minecraft) Ignoring player info update for unknown player 23d9c218-6e3a-3006-8ea5-d8175adc3e80 ([UPDATE_GAME_MODE])
[00:39:08] [Render thread/INFO] (Minecraft) Loaded 0 advancements
[00:39:08] [Render thread/WARN] (Minecraft) Ignoring player info update for unknown player 9c4d4b77-5a85-3481-a1c1-248983928781 ([UPDATE_GAME_MODE])
[00:39:08] [Render thread/WARN] (Minecraft) Ignoring player info update for unknown player 9c4d4b77-5a85-3481-a1c1-248983928781 ([UPDATE_GAME_MODE])
[00:39:08] [Render thread/WARN] (Minecraft) Ignoring player info update for unknown player 9c4d4b77-5a85-3481-a1c1-248983928781 ([UPDATE_GAME_MODE])
[00:39:08] [Render thread/WARN] (Minecraft) Ignoring player info update for unknown player 9c4d4b77-5a85-3481-a1c1-248983928781 ([UPDATE_GAME_MODE])
[00:39:08] [Render thread/WARN] (Minecraft) Ignoring player info update for unknown player 9c4d4b77-5a85-3481-a1c1-248983928781 ([UPDATE_GAME_MODE])
[00:39:08] [Render thread/WARN] (Minecraft) Ignoring player info update for unknown player 9c4d4b77-5a85-3481-a1c1-248983928781 ([UPDATE_GAME_MODE])
[00:39:08] [Render thread/WARN] (Minecraft) Ignoring player info update for unknown player 9c4d4b77-5a85-3481-a1c1-248983928781 ([UPDATE_GAME_MODE])
[00:39:08] [Render thread/WARN] (Minecraft) Ignoring player info update for unknown player 9c4d4b77-5a85-3481-a1c1-248983928781 ([UPDATE_GAME_MODE])
[00:39:08] [Render thread/WARN] (Minecraft) Ignoring player info update for unknown player 75831ff3-8135-3455-8fb1-7207b335197a ([UPDATE_GAME_MODE])
[00:39:08] [Render thread/WARN] (Minecraft) Ignoring player info update for unknown player 75831ff3-8135-3455-8fb1-7207b335197a ([UPDATE_GAME_MODE])
[00:39:08] [Render thread/WARN] (Minecraft) Ignoring player info update for unknown player 75831ff3-8135-3455-8fb1-7207b335197a ([UPDATE_GAME_MODE])
[00:39:08] [Render thread/WARN] (Minecraft) Ignoring player info update for unknown player 75831ff3-8135-3455-8fb1-7207b335197a ([UPDATE_GAME_MODE])
[00:39:08] [Render thread/WARN] (Minecraft) Ignoring player info update for unknown player 75831ff3-8135-3455-8fb1-7207b335197a ([UPDATE_GAME_MODE])
[00:39:08] [Render thread/WARN] (Minecraft) Ignoring player info update for unknown player 75831ff3-8135-3455-8fb1-7207b335197a ([UPDATE_GAME_MODE])
[00:39:08] [Render thread/WARN] (Minecraft) Ignoring player info update for unknown player 75831ff3-8135-3455-8fb1-7207b335197a ([UPDATE_GAME_MODE])
[00:39:08] [Render thread/WARN] (Minecraft) Ignoring player info update for unknown player 75831ff3-8135-3455-8fb1-7207b335197a ([UPDATE_GAME_MODE])
[00:39:12] [Render thread/WARN] (Minecraft) Ignoring player info update for unknown player d7112fca-f267-32aa-a19c-edb4e0937dfc ([UPDATE_GAME_MODE])
[00:39:12] [Render thread/WARN] (Minecraft) Ignoring player info update for unknown player d7112fca-f267-32aa-a19c-edb4e0937dfc ([UPDATE_GAME_MODE])
[00:39:20] [Render thread/INFO] (Minecraft) [System] [CHAT] 
[00:39:20] [Render thread/INFO] (Minecraft) [System] [CHAT]  ⚡ Наши сообщества и соц. сети /links
[00:39:20] [Render thread/INFO] (Minecraft) [System] [CHAT] 
[00:39:20] [Render thread/WARN] (Minecraft) Ignoring player info update for unknown player cb2b57e6-3402-3c5c-bb91-208e1791b7fa ([UPDATE_GAME_MODE])
[00:39:20] [Render thread/WARN] (Minecraft) Ignoring player info update for unknown player cb2b57e6-3402-3c5c-bb91-208e1791b7fa ([UPDATE_GAME_MODE])
[00:39:20] [Render thread/WARN] (Minecraft) Ignoring player info update for unknown player cb2b57e6-3402-3c5c-bb91-208e1791b7fa ([UPDATE_GAME_MODE])
[00:39:20] [Render thread/WARN] (Minecraft) Ignoring player info update for unknown player cb2b57e6-3402-3c5c-bb91-208e1791b7fa ([UPDATE_GAME_MODE])
[00:39:20] [Render thread/WARN] (Minecraft) Ignoring player info update for unknown player cb2b57e6-3402-3c5c-bb91-208e1791b7fa ([UPDATE_GAME_MODE])
[00:39:20] [Render thread/WARN] (Minecraft) Ignoring player info update for unknown player cb2b57e6-3402-3c5c-bb91-208e1791b7fa ([UPDATE_GAME_MODE])
[00:39:20] [Render thread/WARN] (Minecraft) Ignoring player info update for unknown player cb2b57e6-3402-3c5c-bb91-208e1791b7fa ([UPDATE_GAME_MODE])
[00:39:20] [Render thread/WARN] (Minecraft) Ignoring player info update for unknown player cb2b57e6-3402-3c5c-bb91-208e1791b7fa ([UPDATE_GAME_MODE])
[00:39:24] [Render thread/WARN] (Minecraft) Ignoring player info update for unknown player 41cda721-f96c-3c72-81b6-0ea2e6f60a15 ([UPDATE_GAME_MODE])
[00:39:24] [Render thread/WARN] (Minecraft) Ignoring player info update for unknown player 41cda721-f96c-3c72-81b6-0ea2e6f60a15 ([UPDATE_GAME_MODE])
[00:39:24] [Render thread/WARN] (Minecraft) Ignoring player info update for unknown player 41cda721-f96c-3c72-81b6-0ea2e6f60a15 ([UPDATE_GAME_MODE])
[00:39:24] [Render thread/WARN] (Minecraft) Ignoring player info update for unknown player 41cda721-f96c-3c72-81b6-0ea2e6f60a15 ([UPDATE_GAME_MODE])
[00:39:24] [Render thread/WARN] (Minecraft) Ignoring player info update for unknown player 31ccb2a3-7b3c-302f-99cc-d37e33c2a1b3 ([UPDATE_GAME_MODE])
[00:39:24] [Render thread/WARN] (Minecraft) Ignoring player info update for unknown player 31ccb2a3-7b3c-302f-99cc-d37e33c2a1b3 ([UPDATE_GAME_MODE])
[00:39:24] [Render thread/WARN] (Minecraft) Ignoring player info update for unknown player 31ccb2a3-7b3c-302f-99cc-d37e33c2a1b3 ([UPDATE_GAME_MODE])
[00:39:24] [Render thread/WARN] (Minecraft) Ignoring player info update for unknown player 31ccb2a3-7b3c-302f-99cc-d37e33c2a1b3 ([UPDATE_GAME_MODE])
[00:39:24] [Render thread/WARN] (Minecraft) Ignoring player info update for unknown player 31ccb2a3-7b3c-302f-99cc-d37e33c2a1b3 ([UPDATE_GAME_MODE])
[00:39:24] [Render thread/WARN] (Minecraft) Ignoring player info update for unknown player 31ccb2a3-7b3c-302f-99cc-d37e33c2a1b3 ([UPDATE_GAME_MODE])
[00:39:24] [Render thread/WARN] (Minecraft) Ignoring player info update for unknown player 31ccb2a3-7b3c-302f-99cc-d37e33c2a1b3 ([UPDATE_GAME_MODE])
[00:39:24] [Render thread/WARN] (Minecraft) Ignoring player info update for unknown player 31ccb2a3-7b3c-302f-99cc-d37e33c2a1b3 ([UPDATE_GAME_MODE])
[00:39:26] [Render thread/WARN] (Minecraft) Ignoring player info update for unknown player 86e226f2-049e-3aea-ba21-32e76d7a0497 ([UPDATE_GAME_MODE])
[00:39:26] [Render thread/WARN] (Minecraft) Ignoring player info update for unknown player 86e226f2-049e-3aea-ba21-32e76d7a0497 ([UPDATE_GAME_MODE])
[00:39:26] [Render thread/WARN] (Minecraft) Ignoring player info update for unknown player 86e226f2-049e-3aea-ba21-32e76d7a0497 ([UPDATE_GAME_MODE])
[00:39:26] [Render thread/WARN] (Minecraft) Ignoring player info update for unknown player 86e226f2-049e-3aea-ba21-32e76d7a0497 ([UPDATE_GAME_MODE])
[00:39:26] [Render thread/WARN] (Minecraft) Ignoring player info update for unknown player 86e226f2-049e-3aea-ba21-32e76d7a0497 ([UPDATE_GAME_MODE])
[00:39:26] [Render thread/WARN] (Minecraft) Ignoring player info update for unknown player 86e226f2-049e-3aea-ba21-32e76d7a0497 ([UPDATE_GAME_MODE])
[00:39:26] [Render thread/WARN] (Minecraft) Ignoring player info update for unknown player 86e226f2-049e-3aea-ba21-32e76d7a0497 ([UPDATE_GAME_MODE])
[00:39:26] [Render thread/WARN] (Minecraft) Ignoring player info update for unknown player 86e226f2-049e-3aea-ba21-32e76d7a0497 ([UPDATE_GAME_MODE])
[00:39:27] [Render thread/WARN] (Minecraft) Ignoring player info update for unknown player 20bea285-687e-380f-88e1-ae9fd630b9ad ([UPDATE_GAME_MODE])
[00:39:27] [Render thread/WARN] (Minecraft) Ignoring player info update for unknown player 20bea285-687e-380f-88e1-ae9fd630b9ad ([UPDATE_GAME_MODE])
[00:39:27] [Render thread/WARN] (Minecraft) Ignoring player info update for unknown player 20bea285-687e-380f-88e1-ae9fd630b9ad ([UPDATE_GAME_MODE])
[00:39:27] [Render thread/WARN] (Minecraft) Ignoring player info update for unknown player 20bea285-687e-380f-88e1-ae9fd630b9ad ([UPDATE_GAME_MODE])
[00:39:27] [Render thread/WARN] (Minecraft) Ignoring player info update for unknown player 20bea285-687e-380f-88e1-ae9fd630b9ad ([UPDATE_GAME_MODE])
[00:39:27] [Render thread/WARN] (Minecraft) Ignoring player info update for unknown player 20bea285-687e-380f-88e1-ae9fd630b9ad ([UPDATE_GAME_MODE])
[00:39:27] [Render thread/WARN] (Minecraft) Ignoring player info update for unknown player 20bea285-687e-380f-88e1-ae9fd630b9ad ([UPDATE_GAME_MODE])
[00:39:27] [Render thread/WARN] (Minecraft) Ignoring player info update for unknown player 20bea285-687e-380f-88e1-ae9fd630b9ad ([UPDATE_GAME_MODE])
[00:39:34] [Render thread/WARN] (Minecraft) Ignoring player info update for unknown player a6bbcd55-17e5-3b3b-a56d-d693826a0d31 ([UPDATE_GAME_MODE])
[00:39:34] [Render thread/WARN] (Minecraft) Ignoring player info update for unknown player a6bbcd55-17e5-3b3b-a56d-d693826a0d31 ([UPDATE_GAME_MODE])
[00:39:34] [Render thread/WARN] (Minecraft) Ignoring player info update for unknown player a6bbcd55-17e5-3b3b-a56d-d693826a0d31 ([UPDATE_GAME_MODE])
[00:39:34] [Render thread/WARN] (Minecraft) Ignoring player info update for unknown player a6bbcd55-17e5-3b3b-a56d-d693826a0d31 ([UPDATE_GAME_MODE])
[00:39:34] [Render thread/WARN] (Minecraft) Ignoring player info update for unknown player a6bbcd55-17e5-3b3b-a56d-d693826a0d31 ([UPDATE_GAME_MODE])
[00:39:34] [Render thread/WARN] (Minecraft) Ignoring player info update for unknown player a6bbcd55-17e5-3b3b-a56d-d693826a0d31 ([UPDATE_GAME_MODE])
[00:39:34] [Render thread/WARN] (Minecraft) Ignoring player info update for unknown player a6bbcd55-17e5-3b3b-a56d-d693826a0d31 ([UPDATE_GAME_MODE])
[00:39:34] [Render thread/WARN] (Minecraft) Ignoring player info update for unknown player a6bbcd55-17e5-3b3b-a56d-d693826a0d31 ([UPDATE_GAME_MODE])
[00:39:35] [Render thread/INFO] (Minecraft) [System] [CHAT] 
[00:39:35] [Render thread/INFO] (Minecraft) [System] [CHAT]  ⚡ Вы играете на SpookyTime! play.spookytime.su
[00:39:35] [Render thread/INFO] (Minecraft) [System] [CHAT] 
[00:39:36] [Render thread/WARN] (Minecraft) Ignoring player info update for unknown player 7caeb6e8-446a-3e87-845d-eb97d4aec96f ([UPDATE_GAME_MODE])
[00:39:36] [Render thread/WARN] (Minecraft) Ignoring player info update for unknown player 7caeb6e8-446a-3e87-845d-eb97d4aec96f ([UPDATE_GAME_MODE])
[00:39:36] [Render thread/WARN] (Minecraft) Ignoring player info update for unknown player 7caeb6e8-446a-3e87-845d-eb97d4aec96f ([UPDATE_GAME_MODE])
[00:39:36] [Render thread/WARN] (Minecraft) Ignoring player info update for unknown player 7caeb6e8-446a-3e87-845d-eb97d4aec96f ([UPDATE_GAME_MODE])
[00:39:36] [Render thread/WARN] (Minecraft) Ignoring player info update for unknown player 7caeb6e8-446a-3e87-845d-eb97d4aec96f ([UPDATE_GAME_MODE])
[00:39:36] [Render thread/WARN] (Minecraft) Ignoring player info update for unknown player 7caeb6e8-446a-3e87-845d-eb97d4aec96f ([UPDATE_GAME_MODE])
[00:39:36] [Render thread/WARN] (Minecraft) Ignoring player info update for unknown player 7caeb6e8-446a-3e87-845d-eb97d4aec96f ([UPDATE_GAME_MODE])
[00:39:36] [Render thread/WARN] (Minecraft) Ignoring player info update for unknown player 7caeb6e8-446a-3e87-845d-eb97d4aec96f ([UPDATE_GAME_MODE])
[00:39:39] [Render thread/WARN] (Minecraft) Ignoring player info update for unknown player bd566c15-d9d0-334b-9e3d-17e87e454d9c ([UPDATE_GAME_MODE])
[00:39:39] [Render thread/WARN] (Minecraft) Ignoring player info update for unknown player bd566c15-d9d0-334b-9e3d-17e87e454d9c ([UPDATE_GAME_MODE])
[00:39:50] [Render thread/INFO] (Minecraft) [System] [CHAT] 
[00:39:50] [Render thread/INFO] (Minecraft) [System] [CHAT]  ⚡ Наш ТГ бот t.me/spookytimebot
[00:39:50] [Render thread/INFO] (Minecraft) [System] [CHAT] 
[00:39:54] [Render thread/WARN] (Minecraft) Ignoring player info update for unknown player 1d9d22a5-b0ec-3c52-ac47-5288457a0667 ([UPDATE_GAME_MODE])
[00:39:54] [Render thread/WARN] (Minecraft) Ignoring player info update for unknown player 1d9d22a5-b0ec-3c52-ac47-5288457a0667 ([UPDATE_GAME_MODE])
[00:39:54] [Render thread/WARN] (Minecraft) Ignoring player info update for unknown player 1d9d22a5-b0ec-3c52-ac47-5288457a0667 ([UPDATE_GAME_MODE])
[00:39:54] [Render thread/WARN] (Minecraft) Ignoring player info update for unknown player 1d9d22a5-b0ec-3c52-ac47-5288457a0667 ([UPDATE_GAME_MODE])
[00:39:54] [Render thread/WARN] (Minecraft) Ignoring player info update for unknown player 1d9d22a5-b0ec-3c52-ac47-5288457a0667 ([UPDATE_GAME_MODE])
[00:39:54] [Render thread/WARN] (Minecraft) Ignoring player info update for unknown player 1d9d22a5-b0ec-3c52-ac47-5288457a0667 ([UPDATE_GAME_MODE])
[00:39:54] [Render thread/WARN] (Minecraft) Ignoring player info update for unknown player 1d9d22a5-b0ec-3c52-ac47-5288457a0667 ([UPDATE_GAME_MODE])
[00:39:54] [Render thread/WARN] (Minecraft) Ignoring player info update for unknown player 1d9d22a5-b0ec-3c52-ac47-5288457a0667 ([UPDATE_GAME_MODE])
[00:40:05] [Render thread/WARN] (Minecraft) Ignoring player info update for unknown player 8a96813d-e67e-3682-908e-6d3aa0491243 ([UPDATE_GAME_MODE])
[00:40:05] [Render thread/WARN] (Minecraft) Ignoring player info update for unknown player 8a96813d-e67e-3682-908e-6d3aa0491243 ([UPDATE_GAME_MODE])
[00:40:05] [Render thread/WARN] (Minecraft) Ignoring player info update for unknown player 8a96813d-e67e-3682-908e-6d3aa0491243 ([UPDATE_GAME_MODE])
[00:40:05] [Render thread/WARN] (Minecraft) Ignoring player info update for unknown player 8a96813d-e67e-3682-908e-6d3aa0491243 ([UPDATE_GAME_MODE])
[00:40:05] [Render thread/WARN] (Minecraft) Ignoring player info update for unknown player 8a96813d-e67e-3682-908e-6d3aa0491243 ([UPDATE_GAME_MODE])
[00:40:05] [Render thread/WARN] (Minecraft) Ignoring player info update for unknown player 8a96813d-e67e-3682-908e-6d3aa0491243 ([UPDATE_GAME_MODE])
[00:40:05] [Render thread/WARN] (Minecraft) Ignoring player info update for unknown player 8a96813d-e67e-3682-908e-6d3aa0491243 ([UPDATE_GAME_MODE])
[00:40:05] [Render thread/WARN] (Minecraft) Ignoring player info update for unknown player 8a96813d-e67e-3682-908e-6d3aa0491243 ([UPDATE_GAME_MODE])
[00:40:05] [Render thread/INFO] (Minecraft) [System] [CHAT] 
[00:40:05] [Render thread/INFO] (Minecraft) [System] [CHAT]  ⚡ Наш Телеграм Канал t.me/spookytimenet
[00:40:05] [Render thread/INFO] (Minecraft) [System] [CHAT] 
[00:40:07] [Render thread/WARN] (Minecraft) Ignoring player info update for unknown player f39d8756-f2cf-3506-a420-20e1d79b3136 ([UPDATE_GAME_MODE])
[00:40:07] [Render thread/WARN] (Minecraft) Ignoring player info update for unknown player f39d8756-f2cf-3506-a420-20e1d79b3136 ([UPDATE_GAME_MODE])
[00:40:08] [Render thread/WARN] (Minecraft) Ignoring player info update for unknown player 1272bb33-ed0c-3cdf-a3e1-ada6b73c514f ([UPDATE_GAME_MODE])
[00:40:08] [Render thread/WARN] (Minecraft) Ignoring player info update for unknown player 1272bb33-ed0c-3cdf-a3e1-ada6b73c514f ([UPDATE_GAME_MODE])
[00:40:08] [Render thread/WARN] (Minecraft) Ignoring player info update for unknown player 1272bb33-ed0c-3cdf-a3e1-ada6b73c514f ([UPDATE_GAME_MODE])
[00:40:08] [Render thread/WARN] (Minecraft) Ignoring player info update for unknown player 1272bb33-ed0c-3cdf-a3e1-ada6b73c514f ([UPDATE_GAME_MODE])
[00:40:08] [Render thread/WARN] (Minecraft) Ignoring player info update for unknown player 1272bb33-ed0c-3cdf-a3e1-ada6b73c514f ([UPDATE_GAME_MODE])
[00:40:08] [Render thread/WARN] (Minecraft) Ignoring player info update for unknown player 1272bb33-ed0c-3cdf-a3e1-ada6b73c514f ([UPDATE_GAME_MODE])
[00:40:08] [Render thread/WARN] (Minecraft) Ignoring player info update for unknown player 1272bb33-ed0c-3cdf-a3e1-ada6b73c514f ([UPDATE_GAME_MODE])
[00:40:08] [Render thread/WARN] (Minecraft) Ignoring player info update for unknown player 1272bb33-ed0c-3cdf-a3e1-ada6b73c514f ([UPDATE_GAME_MODE])
[00:40:11] [Render thread/WARN] (Minecraft) Ignoring player info update for unknown player b59d9852-c404-3912-992a-d6ca54135ad6 ([UPDATE_GAME_MODE])
[00:40:11] [Render thread/WARN] (Minecraft) Ignoring player info update for unknown player b59d9852-c404-3912-992a-d6ca54135ad6 ([UPDATE_GAME_MODE])
[00:40:11] [Render thread/WARN] (Minecraft) Ignoring player info update for unknown player 2fba7f68-c944-32c6-b8ca-36f0f1015fb1 ([UPDATE_GAME_MODE])
[00:40:11] [Render thread/WARN] (Minecraft) Ignoring player info update for unknown player 2fba7f68-c944-32c6-b8ca-36f0f1015fb1 ([UPDATE_GAME_MODE])
[00:40:11] [Render thread/WARN] (Minecraft) Ignoring player info update for unknown player 2fba7f68-c944-32c6-b8ca-36f0f1015fb1 ([UPDATE_GAME_MODE])
[00:40:11] [Render thread/WARN] (Minecraft) Ignoring player info update for unknown player 2fba7f68-c944-32c6-b8ca-36f0f1015fb1 ([UPDATE_GAME_MODE])
[00:40:16] [Render thread/WARN] (Minecraft) Ignoring player info update for unknown player da9d6716-4f73-3582-ac3e-c0b8cbb66d3b ([UPDATE_GAME_MODE])
[00:40:16] [Render thread/WARN] (Minecraft) Ignoring player info update for unknown player da9d6716-4f73-3582-ac3e-c0b8cbb66d3b ([UPDATE_GAME_MODE])
[00:40:16] [Render thread/WARN] (Minecraft) Ignoring player info update for unknown player da9d6716-4f73-3582-ac3e-c0b8cbb66d3b ([UPDATE_GAME_MODE])
[00:40:16] [Render thread/WARN] (Minecraft) Ignoring player info update for unknown player da9d6716-4f73-3582-ac3e-c0b8cbb66d3b ([UPDATE_GAME_MODE])
[00:40:16] [Render thread/WARN] (Minecraft) Ignoring player info update for unknown player da9d6716-4f73-3582-ac3e-c0b8cbb66d3b ([UPDATE_GAME_MODE])
[00:40:16] [Render thread/WARN] (Minecraft) Ignoring player info update for unknown player da9d6716-4f73-3582-ac3e-c0b8cbb66d3b ([UPDATE_GAME_MODE])
[00:40:16] [Render thread/WARN] (Minecraft) Ignoring player info update for unknown player da9d6716-4f73-3582-ac3e-c0b8cbb66d3b ([UPDATE_GAME_MODE])
[00:40:16] [Render thread/WARN] (Minecraft) Ignoring player info update for unknown player da9d6716-4f73-3582-ac3e-c0b8cbb66d3b ([UPDATE_GAME_MODE])
[00:40:20] [Render thread/INFO] (Minecraft) [System] [CHAT] 
[00:40:20] [Render thread/INFO] (Minecraft) [System] [CHAT]  ⚡ Наш ДС сервер discord.gg/spookytime
[00:40:20] [Render thread/INFO] (Minecraft) [System] [CHAT] 
[00:40:22] [Render thread/WARN] (Minecraft) Ignoring player info update for unknown player 34246105-6e31-3614-a256-5e6d45dabd82 ([UPDATE_GAME_MODE])
[00:40:22] [Render thread/WARN] (Minecraft) Ignoring player info update for unknown player 34246105-6e31-3614-a256-5e6d45dabd82 ([UPDATE_GAME_MODE])
[00:40:22] [Render thread/WARN] (Minecraft) Ignoring player info update for unknown player 34246105-6e31-3614-a256-5e6d45dabd82 ([UPDATE_GAME_MODE])
[00:40:22] [Render thread/WARN] (Minecraft) Ignoring player info update for unknown player 34246105-6e31-3614-a256-5e6d45dabd82 ([UPDATE_GAME_MODE])
[00:40:22] [Render thread/WARN] (Minecraft) Ignoring player info update for unknown player 34246105-6e31-3614-a256-5e6d45dabd82 ([UPDATE_GAME_MODE])
[00:40:22] [Render thread/WARN] (Minecraft) Ignoring player info update for unknown player 34246105-6e31-3614-a256-5e6d45dabd82 ([UPDATE_GAME_MODE])
[00:40:22] [Render thread/WARN] (Minecraft) Ignoring player info update for unknown player 34246105-6e31-3614-a256-5e6d45dabd82 ([UPDATE_GAME_MODE])
[00:40:22] [Render thread/WARN] (Minecraft) Ignoring player info update for unknown player 34246105-6e31-3614-a256-5e6d45dabd82 ([UPDATE_GAME_MODE])
[00:40:23] [Render thread/WARN] (Minecraft) Ignoring player info update for unknown player f4ea9e6c-f17f-3dea-bea4-7643197c4819 ([UPDATE_GAME_MODE])
[00:40:23] [Render thread/WARN] (Minecraft) Ignoring player info update for unknown player f4ea9e6c-f17f-3dea-bea4-7643197c4819 ([UPDATE_GAME_MODE])
[00:40:23] [Render thread/WARN] (Minecraft) Ignoring player info update for unknown player ce8deacd-cf48-3253-be91-fb840071a93e ([UPDATE_GAME_MODE])
[00:40:23] [Render thread/WARN] (Minecraft) Ignoring player info update for unknown player ce8deacd-cf48-3253-be91-fb840071a93e ([UPDATE_GAME_MODE])
[00:40:23] [Render thread/WARN] (Minecraft) Ignoring player info update for unknown player ce8deacd-cf48-3253-be91-fb840071a93e ([UPDATE_GAME_MODE])
[00:40:23] [Render thread/WARN] (Minecraft) Ignoring player info update for unknown player ce8deacd-cf48-3253-be91-fb840071a93e ([UPDATE_GAME_MODE])
[00:40:23] [Render thread/WARN] (Minecraft) Ignoring player info update for unknown player ce8deacd-cf48-3253-be91-fb840071a93e ([UPDATE_GAME_MODE])
[00:40:23] [Render thread/WARN] (Minecraft) Ignoring player info update for unknown player ce8deacd-cf48-3253-be91-fb840071a93e ([UPDATE_GAME_MODE])
[00:40:23] [Render thread/WARN] (Minecraft) Ignoring player info update for unknown player ce8deacd-cf48-3253-be91-fb840071a93e ([UPDATE_GAME_MODE])
[00:40:23] [Render thread/WARN] (Minecraft) Ignoring player info update for unknown player ce8deacd-cf48-3253-be91-fb840071a93e ([UPDATE_GAME_MODE])
[00:40:25] [Render thread/WARN] (Minecraft) Ignoring player info update for unknown player e51d096a-f866-3774-a7ac-2f7e6fe420f4 ([UPDATE_GAME_MODE])
[00:40:25] [Render thread/WARN] (Minecraft) Ignoring player info update for unknown player e51d096a-f866-3774-a7ac-2f7e6fe420f4 ([UPDATE_GAME_MODE])
[00:40:25] [Render thread/WARN] (Minecraft) Ignoring player info update for unknown player e51d096a-f866-3774-a7ac-2f7e6fe420f4 ([UPDATE_GAME_MODE])
[00:40:25] [Render thread/WARN] (Minecraft) Ignoring player info update for unknown player e51d096a-f866-3774-a7ac-2f7e6fe420f4 ([UPDATE_GAME_MODE])
[00:40:26] [Render thread/WARN] (Minecraft) Ignoring player info update for unknown player eefdd260-c6c3-306d-848c-378b08aade82 ([UPDATE_GAME_MODE])
[00:40:26] [Render thread/WARN] (Minecraft) Ignoring player info update for unknown player eefdd260-c6c3-306d-848c-378b08aade82 ([UPDATE_GAME_MODE])
[00:40:26] [Render thread/WARN] (Minecraft) Ignoring player info update for unknown player eefdd260-c6c3-306d-848c-378b08aade82 ([UPDATE_GAME_MODE])
[00:40:26] [Render thread/WARN] (Minecraft) Ignoring player info update for unknown player eefdd260-c6c3-306d-848c-378b08aade82 ([UPDATE_GAME_MODE])
[00:40:26] [Render thread/WARN] (Minecraft) Ignoring player info update for unknown player eefdd260-c6c3-306d-848c-378b08aade82 ([UPDATE_GAME_MODE])
[00:40:26] [Render thread/WARN] (Minecraft) Ignoring player info update for unknown player eefdd260-c6c3-306d-848c-378b08aade82 ([UPDATE_GAME_MODE])
[00:40:26] [Render thread/WARN] (Minecraft) Ignoring player info update for unknown player eefdd260-c6c3-306d-848c-378b08aade82 ([UPDATE_GAME_MODE])
[00:40:26] [Render thread/WARN] (Minecraft) Ignoring player info update for unknown player eefdd260-c6c3-306d-848c-378b08aade82 ([UPDATE_GAME_MODE])
[00:40:31] [Render thread/WARN] (Minecraft) Ignoring player info update for unknown player 8ac98932-cccb-3c5d-afd3-e77e1d675c17 ([UPDATE_GAME_MODE])
[00:40:31] [Render thread/WARN] (Minecraft) Ignoring player info update for unknown player 8ac98932-cccb-3c5d-afd3-e77e1d675c17 ([UPDATE_GAME_MODE])
[00:40:31] [Render thread/WARN] (Minecraft) Ignoring player info update for unknown player 565e1d94-ccd9-3556-a00d-0bcde4cd6868 ([UPDATE_GAME_MODE])
[00:40:31] [Render thread/WARN] (Minecraft) Ignoring player info update for unknown player 565e1d94-ccd9-3556-a00d-0bcde4cd6868 ([UPDATE_GAME_MODE])
[00:40:31] [Render thread/WARN] (Minecraft) Ignoring player info update for unknown player 565e1d94-ccd9-3556-a00d-0bcde4cd6868 ([UPDATE_GAME_MODE])
[00:40:31] [Render thread/WARN] (Minecraft) Ignoring player info update for unknown player 565e1d94-ccd9-3556-a00d-0bcde4cd6868 ([UPDATE_GAME_MODE])
[00:40:31] [Render thread/WARN] (Minecraft) Ignoring player info update for unknown player 565e1d94-ccd9-3556-a00d-0bcde4cd6868 ([UPDATE_GAME_MODE])
[00:40:31] [Render thread/WARN] (Minecraft) Ignoring player info update for unknown player 565e1d94-ccd9-3556-a00d-0bcde4cd6868 ([UPDATE_GAME_MODE])
[00:40:31] [Render thread/WARN] (Minecraft) Ignoring player info update for unknown player 565e1d94-ccd9-3556-a00d-0bcde4cd6868 ([UPDATE_GAME_MODE])
[00:40:31] [Render thread/WARN] (Minecraft) Ignoring player info update for unknown player 565e1d94-ccd9-3556-a00d-0bcde4cd6868 ([UPDATE_GAME_MODE])
[00:40:32] [Render thread/WARN] (Minecraft) Ignoring player info update for unknown player 8454fd0c-3619-3e9f-8f77-e328f279b716 ([UPDATE_GAME_MODE])
[00:40:32] [Render thread/WARN] (Minecraft) Ignoring player info update for unknown player 8454fd0c-3619-3e9f-8f77-e328f279b716 ([UPDATE_GAME_MODE])
[00:40:32] [Render thread/WARN] (Minecraft) Ignoring player info update for unknown player 8454fd0c-3619-3e9f-8f77-e328f279b716 ([UPDATE_GAME_MODE])
[00:40:32] [Render thread/WARN] (Minecraft) Ignoring player info update for unknown player 8454fd0c-3619-3e9f-8f77-e328f279b716 ([UPDATE_GAME_MODE])
[00:40:34] [Render thread/WARN] (Minecraft) Ignoring player info update for unknown player fc85e54f-dc39-30db-b21c-cb5dd82726c2 ([UPDATE_GAME_MODE])
[00:40:34] [Render thread/WARN] (Minecraft) Ignoring player info update for unknown player fc85e54f-dc39-30db-b21c-cb5dd82726c2 ([UPDATE_GAME_MODE])
[00:40:34] [Render thread/WARN] (Minecraft) Ignoring player info update for unknown player fc85e54f-dc39-30db-b21c-cb5dd82726c2 ([UPDATE_GAME_MODE])
[00:40:34] [Render thread/WARN] (Minecraft) Ignoring player info update for unknown player fc85e54f-dc39-30db-b21c-cb5dd82726c2 ([UPDATE_GAME_MODE])
[00:40:34] [Render thread/WARN] (Minecraft) Ignoring player info update for unknown player fc85e54f-dc39-30db-b21c-cb5dd82726c2 ([UPDATE_GAME_MODE])
[00:40:34] [Render thread/WARN] (Minecraft) Ignoring player info update for unknown player fc85e54f-dc39-30db-b21c-cb5dd82726c2 ([UPDATE_GAME_MODE])
[00:40:34] [Render thread/WARN] (Minecraft) Ignoring player info update for unknown player fc85e54f-dc39-30db-b21c-cb5dd82726c2 ([UPDATE_GAME_MODE])
[00:40:34] [Render thread/WARN] (Minecraft) Ignoring player info update for unknown player fc85e54f-dc39-30db-b21c-cb5dd82726c2 ([UPDATE_GAME_MODE])
[00:40:35] [Render thread/INFO] (Minecraft) [System] [CHAT] 
[00:40:35] [Render thread/INFO] (Minecraft) [System] [CHAT]  ⚡ Наш ТикТок tiktok.com/@spookytime_tt
[00:40:35] [Render thread/INFO] (Minecraft) [System] [CHAT] 
[00:40:36] [Render thread/WARN] (Minecraft) Ignoring player info update for unknown player 4cb47e9c-2d9f-3397-9c06-2899f5f89201 ([UPDATE_GAME_MODE])
[00:40:36] [Render thread/WARN] (Minecraft) Ignoring player info update for unknown player 4cb47e9c-2d9f-3397-9c06-2899f5f89201 ([UPDATE_GAME_MODE])
[00:40:36] [Render thread/WARN] (Minecraft) Ignoring player info update for unknown player f2bd5bb4-8f24-346f-91c0-7a548d0b6de5 ([UPDATE_GAME_MODE])
[00:40:36] [Render thread/WARN] (Minecraft) Ignoring player info update for unknown player f2bd5bb4-8f24-346f-91c0-7a548d0b6de5 ([UPDATE_GAME_MODE])
[00:40:36] [Render thread/WARN] (Minecraft) Ignoring player info update for unknown player f2bd5bb4-8f24-346f-91c0-7a548d0b6de5 ([UPDATE_GAME_MODE])
[00:40:36] [Render thread/WARN] (Minecraft) Ignoring player info update for unknown player f2bd5bb4-8f24-346f-91c0-7a548d0b6de5 ([UPDATE_GAME_MODE])
[00:40:36] [Render thread/WARN] (Minecraft) Ignoring player info update for unknown player f2bd5bb4-8f24-346f-91c0-7a548d0b6de5 ([UPDATE_GAME_MODE])
[00:40:36] [Render thread/WARN] (Minecraft) Ignoring player info update for unknown player f2bd5bb4-8f24-346f-91c0-7a548d0b6de5 ([UPDATE_GAME_MODE])
[00:40:36] [Render thread/WARN] (Minecraft) Ignoring player info update for unknown player f2bd5bb4-8f24-346f-91c0-7a548d0b6de5 ([UPDATE_GAME_MODE])
[00:40:36] [Render thread/WARN] (Minecraft) Ignoring player info update for unknown player f2bd5bb4-8f24-346f-91c0-7a548d0b6de5 ([UPDATE_GAME_MODE])
[00:40:39] [Render thread/WARN] (Minecraft) Ignoring player info update for unknown player 4d5252ec-c254-3b38-9d0a-cff45e2c7148 ([UPDATE_GAME_MODE])
[00:40:39] [Render thread/WARN] (Minecraft) Ignoring player info update for unknown player 4d5252ec-c254-3b38-9d0a-cff45e2c7148 ([UPDATE_GAME_MODE])
[00:40:39] [Render thread/WARN] (Minecraft) Ignoring player info update for unknown player 4d5252ec-c254-3b38-9d0a-cff45e2c7148 ([UPDATE_GAME_MODE])
[00:40:39] [Render thread/WARN] (Minecraft) Ignoring player info update for unknown player 4d5252ec-c254-3b38-9d0a-cff45e2c7148 ([UPDATE_GAME_MODE])
[00:40:39] [Render thread/WARN] (Minecraft) Ignoring player info update for unknown player 4d5252ec-c254-3b38-9d0a-cff45e2c7148 ([UPDATE_GAME_MODE])
[00:40:39] [Render thread/WARN] (Minecraft) Ignoring player info update for unknown player 4d5252ec-c254-3b38-9d0a-cff45e2c7148 ([UPDATE_GAME_MODE])
[00:40:39] [Render thread/WARN] (Minecraft) Ignoring player info update for unknown player 4d5252ec-c254-3b38-9d0a-cff45e2c7148 ([UPDATE_GAME_MODE])
[00:40:39] [Render thread/WARN] (Minecraft) Ignoring player info update for unknown player 4d5252ec-c254-3b38-9d0a-cff45e2c7148 ([UPDATE_GAME_MODE])
[00:40:40] [Render thread/WARN] (Minecraft) Ignoring player info update for unknown player 3189e6ed-3ee2-3f64-81fb-281f7f84c8fe ([UPDATE_GAME_MODE])
[00:40:40] [Render thread/WARN] (Minecraft) Ignoring player info update for unknown player 3189e6ed-3ee2-3f64-81fb-281f7f84c8fe ([UPDATE_GAME_MODE])
[00:40:40] [Render thread/WARN] (Minecraft) Ignoring player info update for unknown player 3189e6ed-3ee2-3f64-81fb-281f7f84c8fe ([UPDATE_GAME_MODE])
[00:40:40] [Render thread/WARN] (Minecraft) Ignoring player info update for unknown player 3189e6ed-3ee2-3f64-81fb-281f7f84c8fe ([UPDATE_GAME_MODE])
[00:40:41] [Render thread/WARN] (Minecraft) Ignoring player info update for unknown player 3189e6ed-3ee2-3f64-81fb-281f7f84c8fe ([UPDATE_GAME_MODE])
[00:40:41] [Render thread/WARN] (Minecraft) Ignoring player info update for unknown player 3189e6ed-3ee2-3f64-81fb-281f7f84c8fe ([UPDATE_GAME_MODE])
[00:40:41] [Render thread/WARN] (Minecraft) Ignoring player info update for unknown player 3189e6ed-3ee2-3f64-81fb-281f7f84c8fe ([UPDATE_GAME_MODE])
[00:40:41] [Render thread/WARN] (Minecraft) Ignoring player info update for unknown player 3189e6ed-3ee2-3f64-81fb-281f7f84c8fe ([UPDATE_GAME_MODE])
[00:40:41] [Render thread/WARN] (Minecraft) Ignoring player info update for unknown player 66547269-e26e-3833-ac58-7453a92695d3 ([UPDATE_GAME_MODE])
[00:40:41] [Render thread/WARN] (Minecraft) Ignoring player info update for unknown player 66547269-e26e-3833-ac58-7453a92695d3 ([UPDATE_GAME_MODE])
[00:40:43] [Render thread/WARN] (Minecraft) Ignoring player info update for unknown player 5923e7a5-3d71-34ef-b17b-118065a6d15a ([UPDATE_GAME_MODE])
[00:40:43] [Render thread/WARN] (Minecraft) Ignoring player info update for unknown player 5923e7a5-3d71-34ef-b17b-118065a6d15a ([UPDATE_GAME_MODE])
[00:40:43] [Render thread/WARN] (Minecraft) Ignoring player info update for unknown player 5923e7a5-3d71-34ef-b17b-118065a6d15a ([UPDATE_GAME_MODE])
[00:40:43] [Render thread/WARN] (Minecraft) Ignoring player info update for unknown player 5923e7a5-3d71-34ef-b17b-118065a6d15a ([UPDATE_GAME_MODE])
[00:40:43] [Render thread/WARN] (Minecraft) Ignoring player info update for unknown player 5923e7a5-3d71-34ef-b17b-118065a6d15a ([UPDATE_GAME_MODE])
[00:40:43] [Render thread/WARN] (Minecraft) Ignoring player info update for unknown player 5923e7a5-3d71-34ef-b17b-118065a6d15a ([UPDATE_GAME_MODE])
[00:40:43] [Render thread/WARN] (Minecraft) Ignoring player info update for unknown player 5923e7a5-3d71-34ef-b17b-118065a6d15a ([UPDATE_GAME_MODE])
[00:40:43] [Render thread/WARN] (Minecraft) Ignoring player info update for unknown player 5923e7a5-3d71-34ef-b17b-118065a6d15a ([UPDATE_GAME_MODE])
[00:40:46] [Render thread/WARN] (Minecraft) Ignoring player info update for unknown player 22bc7e49-b200-39b0-90e9-c47073cd06a9 ([UPDATE_GAME_MODE])
[00:40:46] [Render thread/WARN] (Minecraft) Ignoring player info update for unknown player 22bc7e49-b200-39b0-90e9-c47073cd06a9 ([UPDATE_GAME_MODE])
[00:40:46] [Render thread/WARN] (Minecraft) Ignoring player info update for unknown player 22bc7e49-b200-39b0-90e9-c47073cd06a9 ([UPDATE_GAME_MODE])
[00:40:46] [Render thread/WARN] (Minecraft) Ignoring player info update for unknown player 22bc7e49-b200-39b0-90e9-c47073cd06a9 ([UPDATE_GAME_MODE])
[00:40:46] [Render thread/WARN] (Minecraft) Ignoring player info update for unknown player 22bc7e49-b200-39b0-90e9-c47073cd06a9 ([UPDATE_GAME_MODE])
[00:40:46] [Render thread/WARN] (Minecraft) Ignoring player info update for unknown player 22bc7e49-b200-39b0-90e9-c47073cd06a9 ([UPDATE_GAME_MODE])
[00:40:46] [Render thread/WARN] (Minecraft) Ignoring player info update for unknown player 22bc7e49-b200-39b0-90e9-c47073cd06a9 ([UPDATE_GAME_MODE])
[00:40:46] [Render thread/WARN] (Minecraft) Ignoring player info update for unknown player 22bc7e49-b200-39b0-90e9-c47073cd06a9 ([UPDATE_GAME_MODE])
[00:40:46] [Render thread/WARN] (Minecraft) Ignoring player info update for unknown player 878a2ced-65d8-391e-a547-376c0be6dd3c ([UPDATE_GAME_MODE])
[00:40:46] [Render thread/WARN] (Minecraft) Ignoring player info update for unknown player 878a2ced-65d8-391e-a547-376c0be6dd3c ([UPDATE_GAME_MODE])
[00:40:46] [Render thread/WARN] (Minecraft) Ignoring player info update for unknown player 878a2ced-65d8-391e-a547-376c0be6dd3c ([UPDATE_GAME_MODE])
[00:40:46] [Render thread/WARN] (Minecraft) Ignoring player info update for unknown player 878a2ced-65d8-391e-a547-376c0be6dd3c ([UPDATE_GAME_MODE])
[00:40:46] [Render thread/WARN] (Minecraft) Ignoring player info update for unknown player 878a2ced-65d8-391e-a547-376c0be6dd3c ([UPDATE_GAME_MODE])
[00:40:46] [Render thread/WARN] (Minecraft) Ignoring player info update for unknown player 878a2ced-65d8-391e-a547-376c0be6dd3c ([UPDATE_GAME_MODE])
[00:40:46] [Render thread/WARN] (Minecraft) Ignoring player info update for unknown player 878a2ced-65d8-391e-a547-376c0be6dd3c ([UPDATE_GAME_MODE])
[00:40:46] [Render thread/WARN] (Minecraft) Ignoring player info update for unknown player 878a2ced-65d8-391e-a547-376c0be6dd3c ([UPDATE_GAME_MODE])
[00:40:50] [Render thread/WARN] (Minecraft) Ignoring player info update for unknown player dd2724fe-2668-377d-bb46-abfe374716ec ([UPDATE_GAME_MODE])
[00:40:50] [Render thread/WARN] (Minecraft) Ignoring player info update for unknown player dd2724fe-2668-377d-bb46-abfe374716ec ([UPDATE_GAME_MODE])
[00:40:50] [Render thread/WARN] (Minecraft) Ignoring player info update for unknown player dd2724fe-2668-377d-bb46-abfe374716ec ([UPDATE_GAME_MODE])
[00:40:50] [Render thread/WARN] (Minecraft) Ignoring player info update for unknown player dd2724fe-2668-377d-bb46-abfe374716ec ([UPDATE_GAME_MODE])
[00:40:50] [Render thread/WARN] (Minecraft) Ignoring player info update for unknown player dd2724fe-2668-377d-bb46-abfe374716ec ([UPDATE_GAME_MODE])
[00:40:50] [Render thread/WARN] (Minecraft) Ignoring player info update for unknown player dd2724fe-2668-377d-bb46-abfe374716ec ([UPDATE_GAME_MODE])
[00:40:50] [Render thread/WARN] (Minecraft) Ignoring player info update for unknown player dd2724fe-2668-377d-bb46-abfe374716ec ([UPDATE_GAME_MODE])
[00:40:50] [Render thread/WARN] (Minecraft) Ignoring player info update for unknown player dd2724fe-2668-377d-bb46-abfe374716ec ([UPDATE_GAME_MODE])
[00:40:50] [Render thread/INFO] (Minecraft) [System] [CHAT] 
[00:40:50] [Render thread/INFO] (Minecraft) [System] [CHAT]  ⚡ Проблема/Вопрос? vk.com/kol_kola
[00:40:50] [Render thread/INFO] (Minecraft) [System] [CHAT] 
[00:40:50] [Render thread/WARN] (Minecraft) Ignoring player info update for unknown player c5b45793-5a9c-36c0-b493-88901dff2bc6 ([UPDATE_GAME_MODE])
[00:40:50] [Render thread/WARN] (Minecraft) Ignoring player info update for unknown player c5b45793-5a9c-36c0-b493-88901dff2bc6 ([UPDATE_GAME_MODE])
[00:40:50] [Render thread/WARN] (Minecraft) Ignoring player info update for unknown player c5b45793-5a9c-36c0-b493-88901dff2bc6 ([UPDATE_GAME_MODE])
[00:40:50] [Render thread/WARN] (Minecraft) Ignoring player info update for unknown player c5b45793-5a9c-36c0-b493-88901dff2bc6 ([UPDATE_GAME_MODE])
[00:40:51] [Render thread/WARN] (Minecraft) Ignoring player info update for unknown player 39761e94-559f-3c1e-bada-535ef582d474 ([UPDATE_GAME_MODE])
[00:40:51] [Render thread/WARN] (Minecraft) Ignoring player info update for unknown player 39761e94-559f-3c1e-bada-535ef582d474 ([UPDATE_GAME_MODE])
[00:40:51] [Render thread/WARN] (Minecraft) Ignoring player info update for unknown player 39761e94-559f-3c1e-bada-535ef582d474 ([UPDATE_GAME_MODE])
[00:40:51] [Render thread/WARN] (Minecraft) Ignoring player info update for unknown player 39761e94-559f-3c1e-bada-535ef582d474 ([UPDATE_GAME_MODE])
[00:40:52] [Render thread/WARN] (Minecraft) Ignoring player info update for unknown player 50f8831d-ecdd-344d-94a8-c9047f7f50dd ([UPDATE_GAME_MODE])
[00:40:52] [Render thread/WARN] (Minecraft) Ignoring player info update for unknown player 50f8831d-ecdd-344d-94a8-c9047f7f50dd ([UPDATE_GAME_MODE])
[00:40:52] [Render thread/WARN] (Minecraft) Ignoring player info update for unknown player 50f8831d-ecdd-344d-94a8-c9047f7f50dd ([UPDATE_GAME_MODE])
[00:40:52] [Render thread/WARN] (Minecraft) Ignoring player info update for unknown player 50f8831d-ecdd-344d-94a8-c9047f7f50dd ([UPDATE_GAME_MODE])
[00:40:52] [Render thread/WARN] (Minecraft) Ignoring player info update for unknown player 50f8831d-ecdd-344d-94a8-c9047f7f50dd ([UPDATE_GAME_MODE])
[00:40:52] [Render thread/WARN] (Minecraft) Ignoring player info update for unknown player 50f8831d-ecdd-344d-94a8-c9047f7f50dd ([UPDATE_GAME_MODE])
[00:40:52] [Render thread/WARN] (Minecraft) Ignoring player info update for unknown player 50f8831d-ecdd-344d-94a8-c9047f7f50dd ([UPDATE_GAME_MODE])
[00:40:52] [Render thread/WARN] (Minecraft) Ignoring player info update for unknown player 50f8831d-ecdd-344d-94a8-c9047f7f50dd ([UPDATE_GAME_MODE])
[00:40:54] [Render thread/WARN] (Minecraft) Ignoring player info update for unknown player 020e2804-794f-3d01-9109-84bef36ecbc6 ([UPDATE_GAME_MODE])
[00:40:54] [Render thread/WARN] (Minecraft) Ignoring player info update for unknown player 020e2804-794f-3d01-9109-84bef36ecbc6 ([UPDATE_GAME_MODE])
[00:40:54] [Render thread/WARN] (Minecraft) Ignoring player info update for unknown player 020e2804-794f-3d01-9109-84bef36ecbc6 ([UPDATE_GAME_MODE])
[00:40:54] [Render thread/WARN] (Minecraft) Ignoring player info update for unknown player 020e2804-794f-3d01-9109-84bef36ecbc6 ([UPDATE_GAME_MODE])
[00:40:54] [Render thread/WARN] (Minecraft) Ignoring player info update for unknown player 020e2804-794f-3d01-9109-84bef36ecbc6 ([UPDATE_GAME_MODE])
[00:40:54] [Render thread/WARN] (Minecraft) Ignoring player info update for unknown player 020e2804-794f-3d01-9109-84bef36ecbc6 ([UPDATE_GAME_MODE])
[00:40:54] [Render thread/WARN] (Minecraft) Ignoring player info update for unknown player 020e2804-794f-3d01-9109-84bef36ecbc6 ([UPDATE_GAME_MODE])
[00:40:54] [Render thread/WARN] (Minecraft) Ignoring player info update for unknown player 020e2804-794f-3d01-9109-84bef36ecbc6 ([UPDATE_GAME_MODE])
[00:40:56] [Render thread/WARN] (Minecraft) Ignoring player info update for unknown player f7bb5d54-db45-3ae9-8b8a-f6687972126c ([UPDATE_GAME_MODE])
[00:40:56] [Render thread/WARN] (Minecraft) Ignoring player info update for unknown player f7bb5d54-db45-3ae9-8b8a-f6687972126c ([UPDATE_GAME_MODE])
[00:40:56] [Render thread/WARN] (Minecraft) Ignoring player info update for unknown player f7bb5d54-db45-3ae9-8b8a-f6687972126c ([UPDATE_GAME_MODE])
[00:40:56] [Render thread/WARN] (Minecraft) Ignoring player info update for unknown player f7bb5d54-db45-3ae9-8b8a-f6687972126c ([UPDATE_GAME_MODE])
[00:40:56] [Render thread/WARN] (Minecraft) Ignoring player info update for unknown player f7bb5d54-db45-3ae9-8b8a-f6687972126c ([UPDATE_GAME_MODE])
[00:40:56] [Render thread/WARN] (Minecraft) Ignoring player info update for unknown player f7bb5d54-db45-3ae9-8b8a-f6687972126c ([UPDATE_GAME_MODE])
[00:40:56] [Render thread/WARN] (Minecraft) Ignoring player info update for unknown player f7bb5d54-db45-3ae9-8b8a-f6687972126c ([UPDATE_GAME_MODE])
[00:40:56] [Render thread/WARN] (Minecraft) Ignoring player info update for unknown player f7bb5d54-db45-3ae9-8b8a-f6687972126c ([UPDATE_GAME_MODE])
[00:41:05] [Render thread/INFO] (Minecraft) [System] [CHAT] 
[00:41:05] [Render thread/INFO] (Minecraft) [System] [CHAT]  ⚡ Наш Сайт shop.Spookytime.net
[00:41:05] [Render thread/INFO] (Minecraft) [System] [CHAT] 
[00:41:06] [Render thread/WARN] (Minecraft) Ignoring player info update for unknown player cf50386b-661d-340f-bafe-1bbeb0a4451a ([UPDATE_GAME_MODE])
[00:41:06] [Render thread/WARN] (Minecraft) Ignoring player info update for unknown player cf50386b-661d-340f-bafe-1bbeb0a4451a ([UPDATE_GAME_MODE])
[00:41:06] [Render thread/WARN] (Minecraft) Ignoring player info update for unknown player cf50386b-661d-340f-bafe-1bbeb0a4451a ([UPDATE_GAME_MODE])
[00:41:06] [Render thread/WARN] (Minecraft) Ignoring player info update for unknown player cf50386b-661d-340f-bafe-1bbeb0a4451a ([UPDATE_GAME_MODE])
[00:41:07] [Render thread/WARN] (Minecraft) Ignoring player info update for unknown player cf50386b-661d-340f-bafe-1bbeb0a4451a ([UPDATE_GAME_MODE])
[00:41:07] [Render thread/WARN] (Minecraft) Ignoring player info update for unknown player cf50386b-661d-340f-bafe-1bbeb0a4451a ([UPDATE_GAME_MODE])
[00:41:07] [Render thread/WARN] (Minecraft) Ignoring player info update for unknown player cf50386b-661d-340f-bafe-1bbeb0a4451a ([UPDATE_GAME_MODE])
[00:41:07] [Render thread/WARN] (Minecraft) Ignoring player info update for unknown player cf50386b-661d-340f-bafe-1bbeb0a4451a ([UPDATE_GAME_MODE])
[00:41:07] [Render thread/WARN] (Minecraft) Ignoring player info update for unknown player 720ba89f-b2ba-34b7-a2b6-4f103f4aa088 ([UPDATE_GAME_MODE])
[00:41:07] [Render thread/WARN] (Minecraft) Ignoring player info update for unknown player 720ba89f-b2ba-34b7-a2b6-4f103f4aa088 ([UPDATE_GAME_MODE])
[00:41:07] [Render thread/WARN] (Minecraft) Ignoring player info update for unknown player 720ba89f-b2ba-34b7-a2b6-4f103f4aa088 ([UPDATE_GAME_MODE])
[00:41:07] [Render thread/WARN] (Minecraft) Ignoring player info update for unknown player 720ba89f-b2ba-34b7-a2b6-4f103f4aa088 ([UPDATE_GAME_MODE])
[00:41:07] [Render thread/WARN] (Minecraft) Ignoring player info update for unknown player 720ba89f-b2ba-34b7-a2b6-4f103f4aa088 ([UPDATE_GAME_MODE])
[00:41:07] [Render thread/WARN] (Minecraft) Ignoring player info update for unknown player 720ba89f-b2ba-34b7-a2b6-4f103f4aa088 ([UPDATE_GAME_MODE])
[00:41:07] [Render thread/WARN] (Minecraft) Ignoring player info update for unknown player 720ba89f-b2ba-34b7-a2b6-4f103f4aa088 ([UPDATE_GAME_MODE])
[00:41:07] [Render thread/WARN] (Minecraft) Ignoring player info update for unknown player 720ba89f-b2ba-34b7-a2b6-4f103f4aa088 ([UPDATE_GAME_MODE])
[00:41:10] [Render thread/WARN] (Minecraft) Ignoring player info update for unknown player 04ebf234-e80f-31c3-900d-e7c02acaa581 ([UPDATE_GAME_MODE])
[00:41:10] [Render thread/WARN] (Minecraft) Ignoring player info update for unknown player 04ebf234-e80f-31c3-900d-e7c02acaa581 ([UPDATE_GAME_MODE])
[00:41:10] [Render thread/WARN] (Minecraft) Ignoring player info update for unknown player 04ebf234-e80f-31c3-900d-e7c02acaa581 ([UPDATE_GAME_MODE])
[00:41:10] [Render thread/WARN] (Minecraft) Ignoring player info update for unknown player 04ebf234-e80f-31c3-900d-e7c02acaa581 ([UPDATE_GAME_MODE])
[00:41:12] [Render thread/WARN] (Minecraft) Ignoring player info update for unknown player 8649f106-b784-3c61-aa24-5bbf0630ae8e ([UPDATE_GAME_MODE])
[00:41:12] [Render thread/WARN] (Minecraft) Ignoring player info update for unknown player 8649f106-b784-3c61-aa24-5bbf0630ae8e ([UPDATE_GAME_MODE])
[00:41:12] [Render thread/WARN] (Minecraft) Ignoring player info update for unknown player 2e67d5e0-001c-33da-b2c9-396d77030de1 ([UPDATE_GAME_MODE])
[00:41:12] [Render thread/WARN] (Minecraft) Ignoring player info update for unknown player 2e67d5e0-001c-33da-b2c9-396d77030de1 ([UPDATE_GAME_MODE])
[00:41:12] [Render thread/WARN] (Minecraft) Ignoring player info update for unknown player 8649f106-b784-3c61-aa24-5bbf0630ae8e ([UPDATE_GAME_MODE])
[00:41:12] [Render thread/WARN] (Minecraft) Ignoring player info update for unknown player 8649f106-b784-3c61-aa24-5bbf0630ae8e ([UPDATE_GAME_MODE])
[00:41:12] [Render thread/WARN] (Minecraft) Ignoring player info update for unknown player 8649f106-b784-3c61-aa24-5bbf0630ae8e ([UPDATE_GAME_MODE])
[00:41:12] [Render thread/WARN] (Minecraft) Ignoring player info update for unknown player 8649f106-b784-3c61-aa24-5bbf0630ae8e ([UPDATE_GAME_MODE])
[00:41:12] [Render thread/WARN] (Minecraft) Ignoring player info update for unknown player 8649f106-b784-3c61-aa24-5bbf0630ae8e ([UPDATE_GAME_MODE])
[00:41:12] [Render thread/WARN] (Minecraft) Ignoring player info update for unknown player 8649f106-b784-3c61-aa24-5bbf0630ae8e ([UPDATE_GAME_MODE])
[00:41:12] [Render thread/WARN] (Minecraft) Ignoring player info update for unknown player 2e67d5e0-001c-33da-b2c9-396d77030de1 ([UPDATE_GAME_MODE])
[00:41:12] [Render thread/WARN] (Minecraft) Ignoring player info update for unknown player 2e67d5e0-001c-33da-b2c9-396d77030de1 ([UPDATE_GAME_MODE])
[00:41:12] [Render thread/WARN] (Minecraft) Ignoring player info update for unknown player 2e67d5e0-001c-33da-b2c9-396d77030de1 ([UPDATE_GAME_MODE])
[00:41:12] [Render thread/WARN] (Minecraft) Ignoring player info update for unknown player 2e67d5e0-001c-33da-b2c9-396d77030de1 ([UPDATE_GAME_MODE])
[00:41:12] [Render thread/WARN] (Minecraft) Ignoring player info update for unknown player 2e67d5e0-001c-33da-b2c9-396d77030de1 ([UPDATE_GAME_MODE])
[00:41:12] [Render thread/WARN] (Minecraft) Ignoring player info update for unknown player 2e67d5e0-001c-33da-b2c9-396d77030de1 ([UPDATE_GAME_MODE])
[00:41:14] [Render thread/WARN] (Minecraft) Ignoring player info update for unknown player 01eae2d8-b9a7-335d-9984-db15b26f422a ([UPDATE_GAME_MODE])
[00:41:14] [Render thread/WARN] (Minecraft) Ignoring player info update for unknown player 01eae2d8-b9a7-335d-9984-db15b26f422a ([UPDATE_GAME_MODE])
[00:41:18] [Render thread/WARN] (Minecraft) Ignoring player info update for unknown player de022e5f-6413-3899-a447-0c55271c7b33 ([UPDATE_GAME_MODE])
[00:41:18] [Render thread/WARN] (Minecraft) Ignoring player info update for unknown player de022e5f-6413-3899-a447-0c55271c7b33 ([UPDATE_GAME_MODE])
[00:41:18] [Render thread/WARN] (Minecraft) Ignoring player info update for unknown player de022e5f-6413-3899-a447-0c55271c7b33 ([UPDATE_GAME_MODE])
[00:41:18] [Render thread/WARN] (Minecraft) Ignoring player info update for unknown player de022e5f-6413-3899-a447-0c55271c7b33 ([UPDATE_GAME_MODE])
[00:41:18] [Render thread/WARN] (Minecraft) Ignoring player info update for unknown player de022e5f-6413-3899-a447-0c55271c7b33 ([UPDATE_GAME_MODE])
[00:41:18] [Render thread/WARN] (Minecraft) Ignoring player info update for unknown player de022e5f-6413-3899-a447-0c55271c7b33 ([UPDATE_GAME_MODE])
[00:41:18] [Render thread/WARN] (Minecraft) Ignoring player info update for unknown player de022e5f-6413-3899-a447-0c55271c7b33 ([UPDATE_GAME_MODE])
[00:41:18] [Render thread/WARN] (Minecraft) Ignoring player info update for unknown player de022e5f-6413-3899-a447-0c55271c7b33 ([UPDATE_GAME_MODE])
[00:41:20] [Render thread/INFO] (Minecraft) [System] [CHAT] 
[00:41:20] [Render thread/INFO] (Minecraft) [System] [CHAT]  ⚡ Наша группа ВК vk.com/spookytimenet
[00:41:20] [Render thread/INFO] (Minecraft) [System] [CHAT] 
[00:41:22] [Render thread/WARN] (Minecraft) Ignoring player info update for unknown player b2fcf314-aa01-37ae-99c4-f371f5485581 ([UPDATE_GAME_MODE])
[00:41:22] [Render thread/WARN] (Minecraft) Ignoring player info update for unknown player b2fcf314-aa01-37ae-99c4-f371f5485581 ([UPDATE_GAME_MODE])
[00:41:22] [Render thread/WARN] (Minecraft) Ignoring player info update for unknown player b2fcf314-aa01-37ae-99c4-f371f5485581 ([UPDATE_GAME_MODE])
[00:41:22] [Render thread/WARN] (Minecraft) Ignoring player info update for unknown player b2fcf314-aa01-37ae-99c4-f371f5485581 ([UPDATE_GAME_MODE])
[00:41:22] [Render thread/WARN] (Minecraft) Ignoring player info update for unknown player b2fcf314-aa01-37ae-99c4-f371f5485581 ([UPDATE_GAME_MODE])
[00:41:22] [Render thread/WARN] (Minecraft) Ignoring player info update for unknown player b2fcf314-aa01-37ae-99c4-f371f5485581 ([UPDATE_GAME_MODE])
[00:41:22] [Render thread/WARN] (Minecraft) Ignoring player info update for unknown player b2fcf314-aa01-37ae-99c4-f371f5485581 ([UPDATE_GAME_MODE])
[00:41:22] [Render thread/WARN] (Minecraft) Ignoring player info update for unknown player b2fcf314-aa01-37ae-99c4-f371f5485581 ([UPDATE_GAME_MODE])
[00:41:22] [Render thread/WARN] (Minecraft) Ignoring player info update for unknown player 5ec04dc3-f3b2-329b-b808-db5549e0f03a ([UPDATE_GAME_MODE])
[00:41:22] [Render thread/WARN] (Minecraft) Ignoring player info update for unknown player 5ec04dc3-f3b2-329b-b808-db5549e0f03a ([UPDATE_GAME_MODE])
[00:41:22] [Render thread/WARN] (Minecraft) Ignoring player info update for unknown player 5ec04dc3-f3b2-329b-b808-db5549e0f03a ([UPDATE_GAME_MODE])
[00:41:22] [Render thread/WARN] (Minecraft) Ignoring player info update for unknown player 5ec04dc3-f3b2-329b-b808-db5549e0f03a ([UPDATE_GAME_MODE])
[00:41:22] [Render thread/WARN] (Minecraft) Ignoring player info update for unknown player 5ec04dc3-f3b2-329b-b808-db5549e0f03a ([UPDATE_GAME_MODE])
[00:41:22] [Render thread/WARN] (Minecraft) Ignoring player info update for unknown player 5ec04dc3-f3b2-329b-b808-db5549e0f03a ([UPDATE_GAME_MODE])
[00:41:22] [Render thread/WARN] (Minecraft) Ignoring player info update for unknown player 5ec04dc3-f3b2-329b-b808-db5549e0f03a ([UPDATE_GAME_MODE])
[00:41:22] [Render thread/WARN] (Minecraft) Ignoring player info update for unknown player 5ec04dc3-f3b2-329b-b808-db5549e0f03a ([UPDATE_GAME_MODE])
[00:41:24] [Render thread/WARN] (Minecraft) Ignoring player info update for unknown player 26c27778-9b1f-30e8-af37-297ec5186615 ([UPDATE_GAME_MODE])
[00:41:24] [Render thread/WARN] (Minecraft) Ignoring player info update for unknown player 26c27778-9b1f-30e8-af37-297ec5186615 ([UPDATE_GAME_MODE])
[00:41:24] [Render thread/WARN] (Minecraft) Ignoring player info update for unknown player 26c27778-9b1f-30e8-af37-297ec5186615 ([UPDATE_GAME_MODE])
[00:41:24] [Render thread/WARN] (Minecraft) Ignoring player info update for unknown player 26c27778-9b1f-30e8-af37-297ec5186615 ([UPDATE_GAME_MODE])
[00:41:24] [Render thread/WARN] (Minecraft) Ignoring player info update for unknown player 26c27778-9b1f-30e8-af37-297ec5186615 ([UPDATE_GAME_MODE])
[00:41:24] [Render thread/WARN] (Minecraft) Ignoring player info update for unknown player 26c27778-9b1f-30e8-af37-297ec5186615 ([UPDATE_GAME_MODE])
[00:41:24] [Render thread/WARN] (Minecraft) Ignoring player info update for unknown player 26c27778-9b1f-30e8-af37-297ec5186615 ([UPDATE_GAME_MODE])
[00:41:24] [Render thread/WARN] (Minecraft) Ignoring player info update for unknown player 26c27778-9b1f-30e8-af37-297ec5186615 ([UPDATE_GAME_MODE])
[00:41:26] [Render thread/WARN] (Minecraft) Ignoring player info update for unknown player eb099308-5728-3900-b1ad-8104c4fcb830 ([UPDATE_GAME_MODE])
[00:41:26] [Render thread/WARN] (Minecraft) Ignoring player info update for unknown player eb099308-5728-3900-b1ad-8104c4fcb830 ([UPDATE_GAME_MODE])
[00:41:26] [Render thread/WARN] (Minecraft) Ignoring player info update for unknown player eb099308-5728-3900-b1ad-8104c4fcb830 ([UPDATE_GAME_MODE])
[00:41:26] [Render thread/WARN] (Minecraft) Ignoring player info update for unknown player eb099308-5728-3900-b1ad-8104c4fcb830 ([UPDATE_GAME_MODE])
[00:41:26] [Render thread/WARN] (Minecraft) Ignoring player info update for unknown player eb099308-5728-3900-b1ad-8104c4fcb830 ([UPDATE_GAME_MODE])
[00:41:26] [Render thread/WARN] (Minecraft) Ignoring player info update for unknown player eb099308-5728-3900-b1ad-8104c4fcb830 ([UPDATE_GAME_MODE])
[00:41:26] [Render thread/WARN] (Minecraft) Ignoring player info update for unknown player eb099308-5728-3900-b1ad-8104c4fcb830 ([UPDATE_GAME_MODE])
[00:41:26] [Render thread/WARN] (Minecraft) Ignoring player info update for unknown player eb099308-5728-3900-b1ad-8104c4fcb830 ([UPDATE_GAME_MODE])
[00:41:28] [Render thread/WARN] (Minecraft) Ignoring player info update for unknown player e447d1ca-1a00-3bc9-9a25-b542d7cdf7a3 ([UPDATE_GAME_MODE])
[00:41:28] [Render thread/WARN] (Minecraft) Ignoring player info update for unknown player e447d1ca-1a00-3bc9-9a25-b542d7cdf7a3 ([UPDATE_GAME_MODE])
[00:41:28] [Render thread/WARN] (Minecraft) Ignoring player info update for unknown player e447d1ca-1a00-3bc9-9a25-b542d7cdf7a3 ([UPDATE_GAME_MODE])
[00:41:28] [Render thread/WARN] (Minecraft) Ignoring player info update for unknown player e447d1ca-1a00-3bc9-9a25-b542d7cdf7a3 ([UPDATE_GAME_MODE])
[00:41:29] [Render thread/WARN] (Minecraft) Ignoring player info update for unknown player caae85d1-14e4-3169-a083-3fe3e1cbf110 ([UPDATE_GAME_MODE])
[00:41:29] [Render thread/WARN] (Minecraft) Ignoring player info update for unknown player caae85d1-14e4-3169-a083-3fe3e1cbf110 ([UPDATE_GAME_MODE])
[00:41:29] [Render thread/WARN] (Minecraft) Ignoring player info update for unknown player caae85d1-14e4-3169-a083-3fe3e1cbf110 ([UPDATE_GAME_MODE])
[00:41:29] [Render thread/WARN] (Minecraft) Ignoring player info update for unknown player caae85d1-14e4-3169-a083-3fe3e1cbf110 ([UPDATE_GAME_MODE])
[00:41:30] [Render thread/WARN] (Minecraft) Ignoring player info update for unknown player d2023e37-6be7-3a8f-af6e-eb4a39114013 ([UPDATE_GAME_MODE])
[00:41:30] [Render thread/WARN] (Minecraft) Ignoring player info update for unknown player d2023e37-6be7-3a8f-af6e-eb4a39114013 ([UPDATE_GAME_MODE])
[00:41:30] [Render thread/WARN] (Minecraft) Ignoring player info update for unknown player d2023e37-6be7-3a8f-af6e-eb4a39114013 ([UPDATE_GAME_MODE])
[00:41:30] [Render thread/WARN] (Minecraft) Ignoring player info update for unknown player d2023e37-6be7-3a8f-af6e-eb4a39114013 ([UPDATE_GAME_MODE])
[00:41:30] [Render thread/WARN] (Minecraft) Ignoring player info update for unknown player 4b22c190-fd62-3aaa-a86a-7fc4b6cfa387 ([UPDATE_GAME_MODE])
[00:41:30] [Render thread/WARN] (Minecraft) Ignoring player info update for unknown player 4b22c190-fd62-3aaa-a86a-7fc4b6cfa387 ([UPDATE_GAME_MODE])
[00:41:30] [Render thread/WARN] (Minecraft) Ignoring player info update for unknown player 4b22c190-fd62-3aaa-a86a-7fc4b6cfa387 ([UPDATE_GAME_MODE])
[00:41:30] [Render thread/WARN] (Minecraft) Ignoring player info update for unknown player 4b22c190-fd62-3aaa-a86a-7fc4b6cfa387 ([UPDATE_GAME_MODE])
[00:41:30] [Render thread/WARN] (Minecraft) Ignoring player info update for unknown player 4b22c190-fd62-3aaa-a86a-7fc4b6cfa387 ([UPDATE_GAME_MODE])
[00:41:30] [Render thread/WARN] (Minecraft) Ignoring player info update for unknown player 4b22c190-fd62-3aaa-a86a-7fc4b6cfa387 ([UPDATE_GAME_MODE])
[00:41:30] [Render thread/WARN] (Minecraft) Ignoring player info update for unknown player 4b22c190-fd62-3aaa-a86a-7fc4b6cfa387 ([UPDATE_GAME_MODE])
[00:41:30] [Render thread/WARN] (Minecraft) Ignoring player info update for unknown player 4b22c190-fd62-3aaa-a86a-7fc4b6cfa387 ([UPDATE_GAME_MODE])
[00:41:30] [Render thread/WARN] (Minecraft) Ignoring player info update for unknown player 1ba8555f-de5c-3c2b-bd7a-a771b2ac3336 ([UPDATE_GAME_MODE])
[00:41:30] [Render thread/WARN] (Minecraft) Ignoring player info update for unknown player 1ba8555f-de5c-3c2b-bd7a-a771b2ac3336 ([UPDATE_GAME_MODE])
[00:41:35] [Render thread/INFO] (Minecraft) [System] [CHAT] 
[00:41:35] [Render thread/INFO] (Minecraft) [System] [CHAT]  ⚡ Наши сообщества и соц. сети /links
[00:41:35] [Render thread/INFO] (Minecraft) [System] [CHAT] 
[00:41:36] [Render thread/WARN] (Minecraft) Ignoring player info update for unknown player 71436b16-c2b9-3cf0-8d77-00778419c463 ([UPDATE_GAME_MODE])
[00:41:36] [Render thread/WARN] (Minecraft) Ignoring player info update for unknown player 71436b16-c2b9-3cf0-8d77-00778419c463 ([UPDATE_GAME_MODE])
[00:41:36] [Render thread/WARN] (Minecraft) Ignoring player info update for unknown player 71436b16-c2b9-3cf0-8d77-00778419c463 ([UPDATE_GAME_MODE])
[00:41:36] [Render thread/WARN] (Minecraft) Ignoring player info update for unknown player 71436b16-c2b9-3cf0-8d77-00778419c463 ([UPDATE_GAME_MODE])
[00:41:36] [Render thread/WARN] (Minecraft) Ignoring player info update for unknown player 71436b16-c2b9-3cf0-8d77-00778419c463 ([UPDATE_GAME_MODE])
[00:41:36] [Render thread/WARN] (Minecraft) Ignoring player info update for unknown player 71436b16-c2b9-3cf0-8d77-00778419c463 ([UPDATE_GAME_MODE])
[00:41:36] [Render thread/WARN] (Minecraft) Ignoring player info update for unknown player 71436b16-c2b9-3cf0-8d77-00778419c463 ([UPDATE_GAME_MODE])
[00:41:36] [Render thread/WARN] (Minecraft) Ignoring player info update for unknown player 71436b16-c2b9-3cf0-8d77-00778419c463 ([UPDATE_GAME_MODE])
[00:41:37] [Render thread/WARN] (Minecraft) Ignoring player info update for unknown player 313e3086-6a65-3f52-a885-855709984e15 ([UPDATE_GAME_MODE])
[00:41:37] [Render thread/WARN] (Minecraft) Ignoring player info update for unknown player 313e3086-6a65-3f52-a885-855709984e15 ([UPDATE_GAME_MODE])
[00:41:37] [Render thread/WARN] (Minecraft) Ignoring player info update for unknown player 313e3086-6a65-3f52-a885-855709984e15 ([UPDATE_GAME_MODE])
[00:41:37] [Render thread/WARN] (Minecraft) Ignoring player info update for unknown player 313e3086-6a65-3f52-a885-855709984e15 ([UPDATE_GAME_MODE])
[00:41:38] [Render thread/WARN] (Minecraft) Ignoring player info update for unknown player 41236728-f29d-3653-b9ac-4e49c7b236c6 ([UPDATE_GAME_MODE])
[00:41:38] [Render thread/WARN] (Minecraft) Ignoring player info update for unknown player 41236728-f29d-3653-b9ac-4e49c7b236c6 ([UPDATE_GAME_MODE])
[00:41:38] [Render thread/WARN] (Minecraft) Ignoring player info update for unknown player 41236728-f29d-3653-b9ac-4e49c7b236c6 ([UPDATE_GAME_MODE])
[00:41:38] [Render thread/WARN] (Minecraft) Ignoring player info update for unknown player 41236728-f29d-3653-b9ac-4e49c7b236c6 ([UPDATE_GAME_MODE])
[00:41:39] [Render thread/WARN] (Minecraft) Ignoring player info update for unknown player 5e5cc26f-0b02-3f0f-a256-cabb5ac4db34 ([UPDATE_GAME_MODE])
[00:41:39] [Render thread/WARN] (Minecraft) Ignoring player info update for unknown player 5e5cc26f-0b02-3f0f-a256-cabb5ac4db34 ([UPDATE_GAME_MODE])
[00:41:39] [Render thread/WARN] (Minecraft) Ignoring player info update for unknown player 5e5cc26f-0b02-3f0f-a256-cabb5ac4db34 ([UPDATE_GAME_MODE])
[00:41:39] [Render thread/WARN] (Minecraft) Ignoring player info update for unknown player 5e5cc26f-0b02-3f0f-a256-cabb5ac4db34 ([UPDATE_GAME_MODE])
[00:41:39] [Render thread/WARN] (Minecraft) Ignoring player info update for unknown player 78db71e0-a5cb-302d-801e-9bbf42fb8e15 ([UPDATE_GAME_MODE])
[00:41:39] [Render thread/WARN] (Minecraft) Ignoring player info update for unknown player 78db71e0-a5cb-302d-801e-9bbf42fb8e15 ([UPDATE_GAME_MODE])
[00:41:39] [Render thread/WARN] (Minecraft) Ignoring player info update for unknown player 5e5cc26f-0b02-3f0f-a256-cabb5ac4db34 ([UPDATE_GAME_MODE])
[00:41:39] [Render thread/WARN] (Minecraft) Ignoring player info update for unknown player 5e5cc26f-0b02-3f0f-a256-cabb5ac4db34 ([UPDATE_GAME_MODE])
[00:41:39] [Render thread/WARN] (Minecraft) Ignoring player info update for unknown player 5e5cc26f-0b02-3f0f-a256-cabb5ac4db34 ([UPDATE_GAME_MODE])
[00:41:39] [Render thread/WARN] (Minecraft) Ignoring player info update for unknown player 5e5cc26f-0b02-3f0f-a256-cabb5ac4db34 ([UPDATE_GAME_MODE])
[00:41:39] [Render thread/WARN] (Minecraft) Ignoring player info update for unknown player d47e7407-f5e7-32de-a36a-e77d5209c667 ([UPDATE_GAME_MODE])
[00:41:39] [Render thread/WARN] (Minecraft) Ignoring player info update for unknown player d47e7407-f5e7-32de-a36a-e77d5209c667 ([UPDATE_GAME_MODE])
[00:41:39] [Render thread/WARN] (Minecraft) Ignoring player info update for unknown player 107e6466-650f-3372-bfb2-3240f82eade7 ([UPDATE_GAME_MODE])
[00:41:39] [Render thread/WARN] (Minecraft) Ignoring player info update for unknown player 107e6466-650f-3372-bfb2-3240f82eade7 ([UPDATE_GAME_MODE])
[00:41:39] [Render thread/WARN] (Minecraft) Ignoring player info update for unknown player d47e7407-f5e7-32de-a36a-e77d5209c667 ([UPDATE_GAME_MODE])
[00:41:39] [Render thread/WARN] (Minecraft) Ignoring player info update for unknown player d47e7407-f5e7-32de-a36a-e77d5209c667 ([UPDATE_GAME_MODE])
[00:41:39] [Render thread/WARN] (Minecraft) Ignoring player info update for unknown player d47e7407-f5e7-32de-a36a-e77d5209c667 ([UPDATE_GAME_MODE])
[00:41:39] [Render thread/WARN] (Minecraft) Ignoring player info update for unknown player d47e7407-f5e7-32de-a36a-e77d5209c667 ([UPDATE_GAME_MODE])
[00:41:39] [Render thread/WARN] (Minecraft) Ignoring player info update for unknown player d47e7407-f5e7-32de-a36a-e77d5209c667 ([UPDATE_GAME_MODE])
[00:41:39] [Render thread/WARN] (Minecraft) Ignoring player info update for unknown player d47e7407-f5e7-32de-a36a-e77d5209c667 ([UPDATE_GAME_MODE])
[00:41:39] [Render thread/WARN] (Minecraft) Ignoring player info update for unknown player 107e6466-650f-3372-bfb2-3240f82eade7 ([UPDATE_GAME_MODE])
[00:41:39] [Render thread/WARN] (Minecraft) Ignoring player info update for unknown player 107e6466-650f-3372-bfb2-3240f82eade7 ([UPDATE_GAME_MODE])
[00:41:39] [Render thread/WARN] (Minecraft) Ignoring player info update for unknown player 107e6466-650f-3372-bfb2-3240f82eade7 ([UPDATE_GAME_MODE])
[00:41:39] [Render thread/WARN] (Minecraft) Ignoring player info update for unknown player 107e6466-650f-3372-bfb2-3240f82eade7 ([UPDATE_GAME_MODE])
[00:41:39] [Render thread/WARN] (Minecraft) Ignoring player info update for unknown player 107e6466-650f-3372-bfb2-3240f82eade7 ([UPDATE_GAME_MODE])
[00:41:39] [Render thread/WARN] (Minecraft) Ignoring player info update for unknown player 107e6466-650f-3372-bfb2-3240f82eade7 ([UPDATE_GAME_MODE])
[00:41:40] [Render thread/WARN] (Minecraft) Ignoring player info update for unknown player 8d0882ce-b74d-3eeb-9b79-e44ec6ac3f86 ([UPDATE_GAME_MODE])
[00:41:40] [Render thread/WARN] (Minecraft) Ignoring player info update for unknown player 8d0882ce-b74d-3eeb-9b79-e44ec6ac3f86 ([UPDATE_GAME_MODE])
[00:41:40] [Render thread/WARN] (Minecraft) Ignoring player info update for unknown player 8d0882ce-b74d-3eeb-9b79-e44ec6ac3f86 ([UPDATE_GAME_MODE])
[00:41:40] [Render thread/WARN] (Minecraft) Ignoring player info update for unknown player 8d0882ce-b74d-3eeb-9b79-e44ec6ac3f86 ([UPDATE_GAME_MODE])
[00:41:40] [Render thread/WARN] (Minecraft) Ignoring player info update for unknown player 8d0882ce-b74d-3eeb-9b79-e44ec6ac3f86 ([UPDATE_GAME_MODE])
[00:41:40] [Render thread/WARN] (Minecraft) Ignoring player info update for unknown player 8d0882ce-b74d-3eeb-9b79-e44ec6ac3f86 ([UPDATE_GAME_MODE])
[00:41:40] [Render thread/WARN] (Minecraft) Ignoring player info update for unknown player 8d0882ce-b74d-3eeb-9b79-e44ec6ac3f86 ([UPDATE_GAME_MODE])
[00:41:40] [Render thread/WARN] (Minecraft) Ignoring player info update for unknown player 8d0882ce-b74d-3eeb-9b79-e44ec6ac3f86 ([UPDATE_GAME_MODE])
[00:41:43] [Render thread/WARN] (Minecraft) Ignoring player info update for unknown player bbaf3649-a606-326c-a241-33cec0eba7a4 ([UPDATE_GAME_MODE])
[00:41:43] [Render thread/WARN] (Minecraft) Ignoring player info update for unknown player bbaf3649-a606-326c-a241-33cec0eba7a4 ([UPDATE_GAME_MODE])
[00:41:43] [Render thread/WARN] (Minecraft) Ignoring player info update for unknown player bbaf3649-a606-326c-a241-33cec0eba7a4 ([UPDATE_GAME_MODE])
[00:41:43] [Render thread/WARN] (Minecraft) Ignoring player info update for unknown player bbaf3649-a606-326c-a241-33cec0eba7a4 ([UPDATE_GAME_MODE])
[00:41:45] [Render thread/WARN] (Minecraft) Ignoring player info update for unknown player a6163709-51f4-351a-9742-d106da00a33d ([UPDATE_GAME_MODE])
[00:41:45] [Render thread/WARN] (Minecraft) Ignoring player info update for unknown player a6163709-51f4-351a-9742-d106da00a33d ([UPDATE_GAME_MODE])
[00:41:45] [Render thread/WARN] (Minecraft) Ignoring player info update for unknown player a6163709-51f4-351a-9742-d106da00a33d ([UPDATE_GAME_MODE])
[00:41:45] [Render thread/WARN] (Minecraft) Ignoring player info update for unknown player a6163709-51f4-351a-9742-d106da00a33d ([UPDATE_GAME_MODE])
[00:41:45] [Render thread/WARN] (Minecraft) Ignoring player info update for unknown player a6163709-51f4-351a-9742-d106da00a33d ([UPDATE_GAME_MODE])
[00:41:45] [Render thread/WARN] (Minecraft) Ignoring player info update for unknown player a6163709-51f4-351a-9742-d106da00a33d ([UPDATE_GAME_MODE])
[00:41:45] [Render thread/WARN] (Minecraft) Ignoring player info update for unknown player a6163709-51f4-351a-9742-d106da00a33d ([UPDATE_GAME_MODE])
[00:41:45] [Render thread/WARN] (Minecraft) Ignoring player info update for unknown player a6163709-51f4-351a-9742-d106da00a33d ([UPDATE_GAME_MODE])
[00:41:48] [Render thread/WARN] (Minecraft) Ignoring player info update for unknown player 64a9032d-d7f6-3ad2-8f1a-24b16119e8b9 ([UPDATE_GAME_MODE])
[00:41:48] [Render thread/WARN] (Minecraft) Ignoring player info update for unknown player 64a9032d-d7f6-3ad2-8f1a-24b16119e8b9 ([UPDATE_GAME_MODE])
[00:41:49] [Render thread/WARN] (Minecraft) Ignoring player info update for unknown player 64a9032d-d7f6-3ad2-8f1a-24b16119e8b9 ([UPDATE_GAME_MODE])
[00:41:49] [Render thread/WARN] (Minecraft) Ignoring player info update for unknown player 64a9032d-d7f6-3ad2-8f1a-24b16119e8b9 ([UPDATE_GAME_MODE])
[00:41:49] [Render thread/WARN] (Minecraft) Ignoring player info update for unknown player 64a9032d-d7f6-3ad2-8f1a-24b16119e8b9 ([UPDATE_GAME_MODE])
[00:41:49] [Render thread/WARN] (Minecraft) Ignoring player info update for unknown player 64a9032d-d7f6-3ad2-8f1a-24b16119e8b9 ([UPDATE_GAME_MODE])
[00:41:49] [Render thread/WARN] (Minecraft) Ignoring player info update for unknown player 64a9032d-d7f6-3ad2-8f1a-24b16119e8b9 ([UPDATE_GAME_MODE])
[00:41:49] [Render thread/WARN] (Minecraft) Ignoring player info update for unknown player 64a9032d-d7f6-3ad2-8f1a-24b16119e8b9 ([UPDATE_GAME_MODE])
[00:41:50] [Render thread/INFO] (Minecraft) [System] [CHAT] 
[00:41:50] [Render thread/INFO] (Minecraft) [System] [CHAT]  ⚡ Вы играете на SpookyTime! play.spookytime.su
[00:41:50] [Render thread/INFO] (Minecraft) [System] [CHAT] 
[00:41:53] [Render thread/WARN] (Minecraft) Ignoring player info update for unknown player ef2c519c-cea7-393f-a81c-abb4a58c550d ([UPDATE_GAME_MODE])
[00:41:53] [Render thread/WARN] (Minecraft) Ignoring player info update for unknown player ef2c519c-cea7-393f-a81c-abb4a58c550d ([UPDATE_GAME_MODE])
[00:41:53] [Render thread/WARN] (Minecraft) Ignoring player info update for unknown player ef2c519c-cea7-393f-a81c-abb4a58c550d ([UPDATE_GAME_MODE])
[00:41:53] [Render thread/WARN] (Minecraft) Ignoring player info update for unknown player ef2c519c-cea7-393f-a81c-abb4a58c550d ([UPDATE_GAME_MODE])
[00:41:57] [Render thread/WARN] (Minecraft) Ignoring player info update for unknown player 9d7a9fae-0c81-3bb2-9791-0c5a476eb227 ([UPDATE_GAME_MODE])
[00:41:57] [Render thread/WARN] (Minecraft) Ignoring player info update for unknown player 9d7a9fae-0c81-3bb2-9791-0c5a476eb227 ([UPDATE_GAME_MODE])
[00:41:57] [Render thread/WARN] (Minecraft) Ignoring player info update for unknown player 9d7a9fae-0c81-3bb2-9791-0c5a476eb227 ([UPDATE_GAME_MODE])
[00:41:57] [Render thread/WARN] (Minecraft) Ignoring player info update for unknown player 9d7a9fae-0c81-3bb2-9791-0c5a476eb227 ([UPDATE_GAME_MODE])
[00:42:01] [Render thread/WARN] (Minecraft) Ignoring player info update for unknown player 040994e7-94a1-3e55-8b77-d413c5b289bd ([UPDATE_GAME_MODE])
[00:42:01] [Render thread/WARN] (Minecraft) Ignoring player info update for unknown player 040994e7-94a1-3e55-8b77-d413c5b289bd ([UPDATE_GAME_MODE])
[00:42:01] [Render thread/WARN] (Minecraft) Ignoring player info update for unknown player 040994e7-94a1-3e55-8b77-d413c5b289bd ([UPDATE_GAME_MODE])
[00:42:01] [Render thread/WARN] (Minecraft) Ignoring player info update for unknown player 040994e7-94a1-3e55-8b77-d413c5b289bd ([UPDATE_GAME_MODE])
[00:42:01] [Render thread/WARN] (Minecraft) Ignoring player info update for unknown player 040994e7-94a1-3e55-8b77-d413c5b289bd ([UPDATE_GAME_MODE])
[00:42:01] [Render thread/WARN] (Minecraft) Ignoring player info update for unknown player 040994e7-94a1-3e55-8b77-d413c5b289bd ([UPDATE_GAME_MODE])
[00:42:01] [Render thread/WARN] (Minecraft) Ignoring player info update for unknown player 040994e7-94a1-3e55-8b77-d413c5b289bd ([UPDATE_GAME_MODE])
[00:42:01] [Render thread/WARN] (Minecraft) Ignoring player info update for unknown player 040994e7-94a1-3e55-8b77-d413c5b289bd ([UPDATE_GAME_MODE])
[00:42:02] [Render thread/WARN] (Minecraft) Ignoring player info update for unknown player 4b22c190-fd62-3aaa-a86a-7fc4b6cfa387 ([UPDATE_GAME_MODE])
[00:42:02] [Render thread/WARN] (Minecraft) Ignoring player info update for unknown player 4b22c190-fd62-3aaa-a86a-7fc4b6cfa387 ([UPDATE_GAME_MODE])
[00:42:02] [Render thread/WARN] (Minecraft) Ignoring player info update for unknown player 4b22c190-fd62-3aaa-a86a-7fc4b6cfa387 ([UPDATE_GAME_MODE])
[00:42:02] [Render thread/WARN] (Minecraft) Ignoring player info update for unknown player 4b22c190-fd62-3aaa-a86a-7fc4b6cfa387 ([UPDATE_GAME_MODE])
[00:42:02] [Render thread/WARN] (Minecraft) Ignoring player info update for unknown player 4b22c190-fd62-3aaa-a86a-7fc4b6cfa387 ([UPDATE_GAME_MODE])
[00:42:02] [Render thread/WARN] (Minecraft) Ignoring player info update for unknown player 4b22c190-fd62-3aaa-a86a-7fc4b6cfa387 ([UPDATE_GAME_MODE])
[00:42:02] [Render thread/WARN] (Minecraft) Ignoring player info update for unknown player 4b22c190-fd62-3aaa-a86a-7fc4b6cfa387 ([UPDATE_GAME_MODE])
[00:42:02] [Render thread/WARN] (Minecraft) Ignoring player info update for unknown player 4b22c190-fd62-3aaa-a86a-7fc4b6cfa387 ([UPDATE_GAME_MODE])
[00:42:03] [Render thread/WARN] (Minecraft) Ignoring player info update for unknown player e4271b4b-f351-3060-8f68-86c1a6a632cf ([UPDATE_GAME_MODE])
[00:42:03] [Render thread/WARN] (Minecraft) Ignoring player info update for unknown player e4271b4b-f351-3060-8f68-86c1a6a632cf ([UPDATE_GAME_MODE])
[00:42:03] [Render thread/WARN] (Minecraft) Ignoring player info update for unknown player e4271b4b-f351-3060-8f68-86c1a6a632cf ([UPDATE_GAME_MODE])
[00:42:03] [Render thread/WARN] (Minecraft) Ignoring player info update for unknown player e4271b4b-f351-3060-8f68-86c1a6a632cf ([UPDATE_GAME_MODE])
[00:42:03] [Render thread/WARN] (Minecraft) Ignoring player info update for unknown player 0bf42c95-dc5c-3546-9270-ba210b0cba0d ([UPDATE_GAME_MODE])
[00:42:03] [Render thread/WARN] (Minecraft) Ignoring player info update for unknown player 0bf42c95-dc5c-3546-9270-ba210b0cba0d ([UPDATE_GAME_MODE])
[00:42:03] [Render thread/WARN] (Minecraft) Ignoring player info update for unknown player 0bf42c95-dc5c-3546-9270-ba210b0cba0d ([UPDATE_GAME_MODE])
[00:42:03] [Render thread/WARN] (Minecraft) Ignoring player info update for unknown player 0bf42c95-dc5c-3546-9270-ba210b0cba0d ([UPDATE_GAME_MODE])
[00:42:03] [Render thread/WARN] (Minecraft) Ignoring player info update for unknown player 0bf42c95-dc5c-3546-9270-ba210b0cba0d ([UPDATE_GAME_MODE])
[00:42:03] [Render thread/WARN] (Minecraft) Ignoring player info update for unknown player 0bf42c95-dc5c-3546-9270-ba210b0cba0d ([UPDATE_GAME_MODE])
[00:42:03] [Render thread/WARN] (Minecraft) Ignoring player info update for unknown player 0bf42c95-dc5c-3546-9270-ba210b0cba0d ([UPDATE_GAME_MODE])
[00:42:03] [Render thread/WARN] (Minecraft) Ignoring player info update for unknown player 0bf42c95-dc5c-3546-9270-ba210b0cba0d ([UPDATE_GAME_MODE])
[00:42:05] [Render thread/INFO] (Minecraft) [System] [CHAT] 
[00:42:05] [Render thread/INFO] (Minecraft) [System] [CHAT]  ⚡ Наш ТГ бот t.me/spookytimebot
[00:42:05] [Render thread/INFO] (Minecraft) [System] [CHAT] 
[00:42:06] [Render thread/WARN] (Minecraft) Ignoring player info update for unknown player 82006ca0-b9c4-3c25-bbbd-6b8f00c8c544 ([UPDATE_GAME_MODE])
[00:42:06] [Render thread/WARN] (Minecraft) Ignoring player info update for unknown player 82006ca0-b9c4-3c25-bbbd-6b8f00c8c544 ([UPDATE_GAME_MODE])
[00:42:06] [Render thread/WARN] (Minecraft) Ignoring player info update for unknown player 82006ca0-b9c4-3c25-bbbd-6b8f00c8c544 ([UPDATE_GAME_MODE])
[00:42:06] [Render thread/WARN] (Minecraft) Ignoring player info update for unknown player 82006ca0-b9c4-3c25-bbbd-6b8f00c8c544 ([UPDATE_GAME_MODE])
[00:42:06] [Render thread/WARN] (Minecraft) Ignoring player info update for unknown player 82006ca0-b9c4-3c25-bbbd-6b8f00c8c544 ([UPDATE_GAME_MODE])
[00:42:06] [Render thread/WARN] (Minecraft) Ignoring player info update for unknown player 82006ca0-b9c4-3c25-bbbd-6b8f00c8c544 ([UPDATE_GAME_MODE])
[00:42:06] [Render thread/WARN] (Minecraft) Ignoring player info update for unknown player 82006ca0-b9c4-3c25-bbbd-6b8f00c8c544 ([UPDATE_GAME_MODE])
[00:42:06] [Render thread/WARN] (Minecraft) Ignoring player info update for unknown player 82006ca0-b9c4-3c25-bbbd-6b8f00c8c544 ([UPDATE_GAME_MODE])
[00:42:06] [Render thread/WARN] (Minecraft) Ignoring player info update for unknown player 277d71d9-f3ef-3795-a543-84b8f5679db2 ([UPDATE_GAME_MODE])
[00:42:06] [Render thread/WARN] (Minecraft) Ignoring player info update for unknown player 277d71d9-f3ef-3795-a543-84b8f5679db2 ([UPDATE_GAME_MODE])
[00:42:06] [Render thread/WARN] (Minecraft) Ignoring player info update for unknown player 277d71d9-f3ef-3795-a543-84b8f5679db2 ([UPDATE_GAME_MODE])
[00:42:06] [Render thread/WARN] (Minecraft) Ignoring player info update for unknown player 277d71d9-f3ef-3795-a543-84b8f5679db2 ([UPDATE_GAME_MODE])
[00:42:11] [Render thread/WARN] (Minecraft) Ignoring player info update for unknown player 59bfb320-322b-34f0-8092-7ae87214522b ([UPDATE_GAME_MODE])
[00:42:11] [Render thread/WARN] (Minecraft) Ignoring player info update for unknown player 59bfb320-322b-34f0-8092-7ae87214522b ([UPDATE_GAME_MODE])
[00:42:11] [Render thread/WARN] (Minecraft) Ignoring player info update for unknown player 59bfb320-322b-34f0-8092-7ae87214522b ([UPDATE_GAME_MODE])
[00:42:11] [Render thread/WARN] (Minecraft) Ignoring player info update for unknown player 59bfb320-322b-34f0-8092-7ae87214522b ([UPDATE_GAME_MODE])
[00:42:11] [Render thread/WARN] (Minecraft) Ignoring player info update for unknown player 59bfb320-322b-34f0-8092-7ae87214522b ([UPDATE_GAME_MODE])
[00:42:11] [Render thread/WARN] (Minecraft) Ignoring player info update for unknown player 59bfb320-322b-34f0-8092-7ae87214522b ([UPDATE_GAME_MODE])
[00:42:11] [Render thread/WARN] (Minecraft) Ignoring player info update for unknown player 59bfb320-322b-34f0-8092-7ae87214522b ([UPDATE_GAME_MODE])
[00:42:11] [Render thread/WARN] (Minecraft) Ignoring player info update for unknown player 59bfb320-322b-34f0-8092-7ae87214522b ([UPDATE_GAME_MODE])
[00:42:12] [Render thread/WARN] (Minecraft) Ignoring player info update for unknown player 9964a777-b913-3aef-b7cc-6abdd019f292 ([UPDATE_GAME_MODE])
[00:42:12] [Render thread/WARN] (Minecraft) Ignoring player info update for unknown player 9964a777-b913-3aef-b7cc-6abdd019f292 ([UPDATE_GAME_MODE])
[00:42:13] [Render thread/INFO] (Minecraft) Loaded 0 advancements
[00:42:20] [Render thread/WARN] (Minecraft) Ignoring player info update for unknown player 00b99f48-1864-328d-9985-2d3bb8828f6b ([UPDATE_GAME_MODE])
[00:42:20] [Render thread/WARN] (Minecraft) Ignoring player info update for unknown player 00b99f48-1864-328d-9985-2d3bb8828f6b ([UPDATE_GAME_MODE])
[00:42:23] [Render thread/WARN] (Minecraft) Ignoring player info update for unknown player a1c5f256-a96b-3dc0-81a7-3fdc2b9cceb8 ([UPDATE_GAME_MODE])
[00:42:23] [Render thread/WARN] (Minecraft) Ignoring player info update for unknown player a1c5f256-a96b-3dc0-81a7-3fdc2b9cceb8 ([UPDATE_GAME_MODE])
[00:42:24] [Render thread/WARN] (Minecraft) Ignoring player info update for unknown player 241f268d-c070-3caf-a31f-cd90b3b89eb9 ([UPDATE_GAME_MODE])
[00:42:24] [Render thread/WARN] (Minecraft) Ignoring player info update for unknown player 241f268d-c070-3caf-a31f-cd90b3b89eb9 ([UPDATE_GAME_MODE])
[00:42:24] [Render thread/WARN] (Minecraft) Ignoring player info update for unknown player 241f268d-c070-3caf-a31f-cd90b3b89eb9 ([UPDATE_GAME_MODE])
[00:42:24] [Render thread/WARN] (Minecraft) Ignoring player info update for unknown player 241f268d-c070-3caf-a31f-cd90b3b89eb9 ([UPDATE_GAME_MODE])
[00:42:30] [Render thread/WARN] (Minecraft) Ignoring player info update for unknown player a09cec60-9650-3ade-94d5-64c9a4c7b16d ([UPDATE_GAME_MODE])
[00:42:30] [Render thread/WARN] (Minecraft) Ignoring player info update for unknown player a09cec60-9650-3ade-94d5-64c9a4c7b16d ([UPDATE_GAME_MODE])
[00:42:30] [Render thread/WARN] (Minecraft) Ignoring player info update for unknown player a09cec60-9650-3ade-94d5-64c9a4c7b16d ([UPDATE_GAME_MODE])
[00:42:30] [Render thread/WARN] (Minecraft) Ignoring player info update for unknown player a09cec60-9650-3ade-94d5-64c9a4c7b16d ([UPDATE_GAME_MODE])
[00:42:33] [Render thread/WARN] (Minecraft) Ignoring player info update for unknown player 460fc27a-c07e-311a-a5ef-d3825869f8b1 ([UPDATE_GAME_MODE])
[00:42:33] [Render thread/WARN] (Minecraft) Ignoring player info update for unknown player 460fc27a-c07e-311a-a5ef-d3825869f8b1 ([UPDATE_GAME_MODE])
[00:42:33] [Render thread/WARN] (Minecraft) Ignoring player info update for unknown player 460fc27a-c07e-311a-a5ef-d3825869f8b1 ([UPDATE_GAME_MODE])
[00:42:33] [Render thread/WARN] (Minecraft) Ignoring player info update for unknown player 460fc27a-c07e-311a-a5ef-d3825869f8b1 ([UPDATE_GAME_MODE])
[00:42:35] [Render thread/WARN] (Minecraft) Ignoring player info update for unknown player ea80d5c9-1cf6-353d-a17a-6718f38bf060 ([UPDATE_GAME_MODE])
[00:42:35] [Render thread/WARN] (Minecraft) Ignoring player info update for unknown player ea80d5c9-1cf6-353d-a17a-6718f38bf060 ([UPDATE_GAME_MODE])
[00:42:35] [Render thread/WARN] (Minecraft) Ignoring player info update for unknown player ea80d5c9-1cf6-353d-a17a-6718f38bf060 ([UPDATE_GAME_MODE])
[00:42:35] [Render thread/WARN] (Minecraft) Ignoring player info update for unknown player ea80d5c9-1cf6-353d-a17a-6718f38bf060 ([UPDATE_GAME_MODE])
[00:42:35] [Render thread/WARN] (Minecraft) Ignoring player info update for unknown player 940b02f9-3add-3df7-b96c-f005a8c1abf0 ([UPDATE_GAME_MODE])
[00:42:35] [Render thread/WARN] (Minecraft) Ignoring player info update for unknown player 940b02f9-3add-3df7-b96c-f005a8c1abf0 ([UPDATE_GAME_MODE])
[00:42:35] [Render thread/WARN] (Minecraft) Ignoring player info update for unknown player 940b02f9-3add-3df7-b96c-f005a8c1abf0 ([UPDATE_GAME_MODE])
[00:42:35] [Render thread/WARN] (Minecraft) Ignoring player info update for unknown player 940b02f9-3add-3df7-b96c-f005a8c1abf0 ([UPDATE_GAME_MODE])
[00:42:39] [Render thread/WARN] (Minecraft) Ignoring player info update for unknown player c542cc9f-9af6-33a7-9784-6a1a3b76a15d ([UPDATE_GAME_MODE])
[00:42:39] [Render thread/WARN] (Minecraft) Ignoring player info update for unknown player c542cc9f-9af6-33a7-9784-6a1a3b76a15d ([UPDATE_GAME_MODE])
[00:42:39] [Render thread/WARN] (Minecraft) Ignoring player info update for unknown player c542cc9f-9af6-33a7-9784-6a1a3b76a15d ([UPDATE_GAME_MODE])
[00:42:39] [Render thread/WARN] (Minecraft) Ignoring player info update for unknown player c542cc9f-9af6-33a7-9784-6a1a3b76a15d ([UPDATE_GAME_MODE])
[00:42:40] [Render thread/WARN] (Minecraft) Ignoring player info update for unknown player 325a2831-5255-3601-b47a-97bbae94a4c1 ([UPDATE_GAME_MODE])
[00:42:40] [Render thread/WARN] (Minecraft) Ignoring player info update for unknown player 325a2831-5255-3601-b47a-97bbae94a4c1 ([UPDATE_GAME_MODE])
[00:42:40] [Render thread/WARN] (Minecraft) Ignoring player info update for unknown player 325a2831-5255-3601-b47a-97bbae94a4c1 ([UPDATE_GAME_MODE])
[00:42:40] [Render thread/WARN] (Minecraft) Ignoring player info update for unknown player 325a2831-5255-3601-b47a-97bbae94a4c1 ([UPDATE_GAME_MODE])
[00:42:45] [Render thread/WARN] (Minecraft) Ignoring player info update for unknown player 89d60a84-6abd-3b4f-900f-b0f9e055d1da ([UPDATE_GAME_MODE])
[00:42:45] [Render thread/WARN] (Minecraft) Ignoring player info update for unknown player 89d60a84-6abd-3b4f-900f-b0f9e055d1da ([UPDATE_GAME_MODE])
[00:42:45] [Render thread/WARN] (Minecraft) Ignoring player info update for unknown player 89d60a84-6abd-3b4f-900f-b0f9e055d1da ([UPDATE_GAME_MODE])
[00:42:45] [Render thread/WARN] (Minecraft) Ignoring player info update for unknown player 89d60a84-6abd-3b4f-900f-b0f9e055d1da ([UPDATE_GAME_MODE])
[00:42:46] [Render thread/INFO] (Minecraft) [System] [CHAT] Ⓖ [ɢᴏᴅ] Rulo_Skinov BABY ⇨ -еззз согнул всех
[00:42:49] [Render thread/WARN] (Minecraft) Ignoring player info update for unknown player 2229c23a-84a3-3e55-9749-f9253da5a92d ([UPDATE_GAME_MODE])
[00:42:49] [Render thread/WARN] (Minecraft) Ignoring player info update for unknown player 2229c23a-84a3-3e55-9749-f9253da5a92d ([UPDATE_GAME_MODE])
[00:42:50] [Render thread/WARN] (Minecraft) Ignoring player info update for unknown player e51d096a-f866-3774-a7ac-2f7e6fe420f4 ([UPDATE_GAME_MODE])
[00:42:50] [Render thread/WARN] (Minecraft) Ignoring player info update for unknown player e51d096a-f866-3774-a7ac-2f7e6fe420f4 ([UPDATE_GAME_MODE])
[00:42:50] [Render thread/WARN] (Minecraft) Ignoring player info update for unknown player e51d096a-f866-3774-a7ac-2f7e6fe420f4 ([UPDATE_GAME_MODE])
[00:42:50] [Render thread/WARN] (Minecraft) Ignoring player info update for unknown player e51d096a-f866-3774-a7ac-2f7e6fe420f4 ([UPDATE_GAME_MODE])
[00:42:52] [Render thread/WARN] (Minecraft) Ignoring player info update for unknown player 41defb37-8601-3700-a96e-6ccb95742b71 ([UPDATE_GAME_MODE])
[00:42:52] [Render thread/WARN] (Minecraft) Ignoring player info update for unknown player 41defb37-8601-3700-a96e-6ccb95742b71 ([UPDATE_GAME_MODE])
[00:42:55] [Render thread/WARN] (Minecraft) Ignoring player info update for unknown player 7e59292a-8e28-3465-b08d-2dc234921f86 ([UPDATE_GAME_MODE])
[00:42:55] [Render thread/WARN] (Minecraft) Ignoring player info update for unknown player 7e59292a-8e28-3465-b08d-2dc234921f86 ([UPDATE_GAME_MODE])
[00:42:55] [Render thread/WARN] (Minecraft) Ignoring player info update for unknown player 7e59292a-8e28-3465-b08d-2dc234921f86 ([UPDATE_GAME_MODE])
[00:42:55] [Render thread/WARN] (Minecraft) Ignoring player info update for unknown player 7e59292a-8e28-3465-b08d-2dc234921f86 ([UPDATE_GAME_MODE])
[00:42:56] [Render thread/WARN] (Minecraft) Ignoring player info update for unknown player 3ce1d457-8b46-3581-b979-c017cb5ed234 ([UPDATE_GAME_MODE])
[00:42:56] [Render thread/WARN] (Minecraft) Ignoring player info update for unknown player 3ce1d457-8b46-3581-b979-c017cb5ed234 ([UPDATE_GAME_MODE])
[00:42:56] [Render thread/WARN] (Minecraft) Ignoring player info update for unknown player 3ce1d457-8b46-3581-b979-c017cb5ed234 ([UPDATE_GAME_MODE])
[00:42:56] [Render thread/WARN] (Minecraft) Ignoring player info update for unknown player 3ce1d457-8b46-3581-b979-c017cb5ed234 ([UPDATE_GAME_MODE])
[00:42:58] [Render thread/WARN] (Minecraft) Ignoring player info update for unknown player ded304ee-2786-3df3-afe2-b43393dcd000 ([UPDATE_GAME_MODE])
[00:42:58] [Render thread/WARN] (Minecraft) Ignoring player info update for unknown player ded304ee-2786-3df3-afe2-b43393dcd000 ([UPDATE_GAME_MODE])
[00:42:58] [Render thread/WARN] (Minecraft) Ignoring player info update for unknown player ded304ee-2786-3df3-afe2-b43393dcd000 ([UPDATE_GAME_MODE])
[00:42:58] [Render thread/WARN] (Minecraft) Ignoring player info update for unknown player ded304ee-2786-3df3-afe2-b43393dcd000 ([UPDATE_GAME_MODE])
[00:43:01] [Render thread/WARN] (Minecraft) Ignoring player info update for unknown player 2229c23a-84a3-3e55-9749-f9253da5a92d ([UPDATE_GAME_MODE])
[00:43:01] [Render thread/WARN] (Minecraft) Ignoring player info update for unknown player 2229c23a-84a3-3e55-9749-f9253da5a92d ([UPDATE_GAME_MODE])
[00:43:01] [Render thread/WARN] (Minecraft) Ignoring player info update for unknown player 2229c23a-84a3-3e55-9749-f9253da5a92d ([UPDATE_GAME_MODE])
[00:43:01] [Render thread/WARN] (Minecraft) Ignoring player info update for unknown player 2229c23a-84a3-3e55-9749-f9253da5a92d ([UPDATE_GAME_MODE])
[00:43:03] [Render thread/WARN] (Minecraft) Ignoring player info update for unknown player e1bf4fe8-2d1b-36c7-8266-f88189fdaf6d ([UPDATE_GAME_MODE])
[00:43:03] [Render thread/WARN] (Minecraft) Ignoring player info update for unknown player e1bf4fe8-2d1b-36c7-8266-f88189fdaf6d ([UPDATE_GAME_MODE])
[00:43:05] [Render thread/WARN] (Minecraft) Ignoring player info update for unknown player 376581e2-0e5f-36a5-9b59-d829dfe3d6fa ([UPDATE_GAME_MODE])
[00:43:05] [Render thread/WARN] (Minecraft) Ignoring player info update for unknown player 376581e2-0e5f-36a5-9b59-d829dfe3d6fa ([UPDATE_GAME_MODE])
[00:43:05] [Render thread/WARN] (Minecraft) Ignoring player info update for unknown player 376581e2-0e5f-36a5-9b59-d829dfe3d6fa ([UPDATE_GAME_MODE])
[00:43:05] [Render thread/WARN] (Minecraft) Ignoring player info update for unknown player 376581e2-0e5f-36a5-9b59-d829dfe3d6fa ([UPDATE_GAME_MODE])
[00:43:06] [Render thread/WARN] (Minecraft) Ignoring player info update for unknown player 3da89ff6-e993-3b4d-af12-cac5f2661542 ([UPDATE_GAME_MODE])
[00:43:06] [Render thread/WARN] (Minecraft) Ignoring player info update for unknown player 3da89ff6-e993-3b4d-af12-cac5f2661542 ([UPDATE_GAME_MODE])
[00:43:06] [Render thread/WARN] (Minecraft) Ignoring player info update for unknown player 4f476dbb-2c4c-3598-b70e-98e53ecec99d ([UPDATE_GAME_MODE])
[00:43:06] [Render thread/WARN] (Minecraft) Ignoring player info update for unknown player 4f476dbb-2c4c-3598-b70e-98e53ecec99d ([UPDATE_GAME_MODE])
[00:43:07] [Render thread/INFO] (Minecraft) [System] [CHAT] ╔
[00:43:07] [Render thread/INFO] (Minecraft) [System] [CHAT] ╠ Подписывайтесь на наш ТГ - telegram.me/spookytimenet
[00:43:07] [Render thread/INFO] (Minecraft) [System] [CHAT] ╚
[00:43:08] [Render thread/WARN] (Minecraft) Ignoring player info update for unknown player b3714c6e-96a3-34fe-af70-66d18993edef ([UPDATE_GAME_MODE])
[00:43:08] [Render thread/WARN] (Minecraft) Ignoring player info update for unknown player b3714c6e-96a3-34fe-af70-66d18993edef ([UPDATE_GAME_MODE])
[00:43:08] [Render thread/WARN] (Minecraft) Ignoring player info update for unknown player b3714c6e-96a3-34fe-af70-66d18993edef ([UPDATE_GAME_MODE])
[00:43:08] [Render thread/WARN] (Minecraft) Ignoring player info update for unknown player b3714c6e-96a3-34fe-af70-66d18993edef ([UPDATE_GAME_MODE])
[00:43:08] [Render thread/WARN] (Minecraft) Ignoring player info update for unknown player 15d99519-2481-328b-9773-b1ce34ac0c85 ([UPDATE_GAME_MODE])
[00:43:08] [Render thread/WARN] (Minecraft) Ignoring player info update for unknown player 15d99519-2481-328b-9773-b1ce34ac0c85 ([UPDATE_GAME_MODE])
[00:43:08] [Render thread/WARN] (Minecraft) Ignoring player info update for unknown player 15d99519-2481-328b-9773-b1ce34ac0c85 ([UPDATE_GAME_MODE])
[00:43:08] [Render thread/WARN] (Minecraft) Ignoring player info update for unknown player 15d99519-2481-328b-9773-b1ce34ac0c85 ([UPDATE_GAME_MODE])
[00:43:20] [Render thread/WARN] (Minecraft) Ignoring player info update for unknown player 720fee36-9021-3d8e-899f-4daeba09acf2 ([UPDATE_GAME_MODE])
[00:43:20] [Render thread/WARN] (Minecraft) Ignoring player info update for unknown player 720fee36-9021-3d8e-899f-4daeba09acf2 ([UPDATE_GAME_MODE])
[00:43:20] [Render thread/WARN] (Minecraft) Ignoring player info update for unknown player 720fee36-9021-3d8e-899f-4daeba09acf2 ([UPDATE_GAME_MODE])
[00:43:20] [Render thread/WARN] (Minecraft) Ignoring player info update for unknown player 720fee36-9021-3d8e-899f-4daeba09acf2 ([UPDATE_GAME_MODE])
[00:43:24] [Render thread/INFO] (Minecraft) [System] [CHAT] Ⓖ [Игрок] almazgnoevoitip ⇨ cgtr
[00:43:27] [Render thread/INFO] (Minecraft) [System] [CHAT] Ⓖ [Игрок] almazgnoevoitip ⇨ спек
[00:43:27] [Render thread/WARN] (Minecraft) Ignoring player info update for unknown player 7abb11a3-52eb-3393-94d2-799992f51d83 ([UPDATE_GAME_MODE])
[00:43:27] [Render thread/WARN] (Minecraft) Ignoring player info update for unknown player 7abb11a3-52eb-3393-94d2-799992f51d83 ([UPDATE_GAME_MODE])
[00:43:32] [Render thread/WARN] (Minecraft) Ignoring player info update for unknown player a41daf0b-debd-3bb1-acef-05a1a2f28c98 ([UPDATE_GAME_MODE])
[00:43:32] [Render thread/WARN] (Minecraft) Ignoring player info update for unknown player a41daf0b-debd-3bb1-acef-05a1a2f28c98 ([UPDATE_GAME_MODE])
[00:43:32] [Render thread/WARN] (Minecraft) Ignoring player info update for unknown player a41daf0b-debd-3bb1-acef-05a1a2f28c98 ([UPDATE_GAME_MODE])
[00:43:32] [Render thread/WARN] (Minecraft) Ignoring player info update for unknown player a41daf0b-debd-3bb1-acef-05a1a2f28c98 ([UPDATE_GAME_MODE])
[00:43:33] [Render thread/WARN] (Minecraft) Ignoring player info update for unknown player b0bb4801-976f-3538-899f-9b2a9f4e8fe6 ([UPDATE_GAME_MODE])
[00:43:33] [Render thread/WARN] (Minecraft) Ignoring player info update for unknown player b0bb4801-976f-3538-899f-9b2a9f4e8fe6 ([UPDATE_GAME_MODE])
[00:43:33] [Render thread/WARN] (Minecraft) Ignoring player info update for unknown player b0bb4801-976f-3538-899f-9b2a9f4e8fe6 ([UPDATE_GAME_MODE])
[00:43:33] [Render thread/WARN] (Minecraft) Ignoring player info update for unknown player b0bb4801-976f-3538-899f-9b2a9f4e8fe6 ([UPDATE_GAME_MODE])
[00:43:36] [Render thread/WARN] (Minecraft) Ignoring player info update for unknown player f2650d37-58d6-3ba8-b9df-8c88f6fc0ea2 ([UPDATE_GAME_MODE])
[00:43:36] [Render thread/WARN] (Minecraft) Ignoring player info update for unknown player f2650d37-58d6-3ba8-b9df-8c88f6fc0ea2 ([UPDATE_GAME_MODE])
[00:43:36] [Render thread/WARN] (Minecraft) Ignoring player info update for unknown player f2650d37-58d6-3ba8-b9df-8c88f6fc0ea2 ([UPDATE_GAME_MODE])
[00:43:36] [Render thread/WARN] (Minecraft) Ignoring player info update for unknown player f2650d37-58d6-3ba8-b9df-8c88f6fc0ea2 ([UPDATE_GAME_MODE])
[00:43:37] [Render thread/WARN] (Minecraft) Ignoring player info update for unknown player 84978e59-5d86-34ab-89a5-91be24274423 ([UPDATE_GAME_MODE])
[00:43:37] [Render thread/WARN] (Minecraft) Ignoring player info update for unknown player 84978e59-5d86-34ab-89a5-91be24274423 ([UPDATE_GAME_MODE])
[00:43:37] [Render thread/WARN] (Minecraft) Ignoring player info update for unknown player 84978e59-5d86-34ab-89a5-91be24274423 ([UPDATE_GAME_MODE])
[00:43:37] [Render thread/WARN] (Minecraft) Ignoring player info update for unknown player 84978e59-5d86-34ab-89a5-91be24274423 ([UPDATE_GAME_MODE])
[00:43:41] [Render thread/WARN] (Minecraft) Ignoring player info update for unknown player 87b74b82-50e4-3d39-bfe0-6e9eaafbd793 ([UPDATE_GAME_MODE])
[00:43:41] [Render thread/WARN] (Minecraft) Ignoring player info update for unknown player 87b74b82-50e4-3d39-bfe0-6e9eaafbd793 ([UPDATE_GAME_MODE])
[00:43:41] [Render thread/WARN] (Minecraft) Ignoring player info update for unknown player 87b74b82-50e4-3d39-bfe0-6e9eaafbd793 ([UPDATE_GAME_MODE])
[00:43:41] [Render thread/WARN] (Minecraft) Ignoring player info update for unknown player 87b74b82-50e4-3d39-bfe0-6e9eaafbd793 ([UPDATE_GAME_MODE])
[00:43:42] [Render thread/WARN] (Minecraft) Ignoring player info update for unknown player d6277a1b-1c52-36ff-8498-4d8ca490870e ([UPDATE_GAME_MODE])
[00:43:42] [Render thread/WARN] (Minecraft) Ignoring player info update for unknown player d6277a1b-1c52-36ff-8498-4d8ca490870e ([UPDATE_GAME_MODE])
[00:43:42] [Render thread/WARN] (Minecraft) Ignoring player info update for unknown player d6277a1b-1c52-36ff-8498-4d8ca490870e ([UPDATE_GAME_MODE])
[00:43:42] [Render thread/WARN] (Minecraft) Ignoring player info update for unknown player d6277a1b-1c52-36ff-8498-4d8ca490870e ([UPDATE_GAME_MODE])
[00:43:43] [Render thread/WARN] (Minecraft) Ignoring player info update for unknown player 1cdfe214-b3ea-3c6e-8aba-6fa86abcb9b2 ([UPDATE_GAME_MODE])
[00:43:43] [Render thread/WARN] (Minecraft) Ignoring player info update for unknown player 1cdfe214-b3ea-3c6e-8aba-6fa86abcb9b2 ([UPDATE_GAME_MODE])
[00:43:43] [Render thread/WARN] (Minecraft) Ignoring player info update for unknown player 1cdfe214-b3ea-3c6e-8aba-6fa86abcb9b2 ([UPDATE_GAME_MODE])
[00:43:43] [Render thread/WARN] (Minecraft) Ignoring player info update for unknown player 1cdfe214-b3ea-3c6e-8aba-6fa86abcb9b2 ([UPDATE_GAME_MODE])
[00:43:46] [Render thread/WARN] (Minecraft) Ignoring player info update for unknown player 967e11a7-712b-33c0-9d48-fe761824c738 ([UPDATE_GAME_MODE])
[00:43:46] [Render thread/WARN] (Minecraft) Ignoring player info update for unknown player 967e11a7-712b-33c0-9d48-fe761824c738 ([UPDATE_GAME_MODE])
[00:43:48] [Render thread/WARN] (Minecraft) Ignoring player info update for unknown player cb9eb05f-9314-3c84-9b1b-06e87a941974 ([UPDATE_GAME_MODE])
[00:43:48] [Render thread/WARN] (Minecraft) Ignoring player info update for unknown player cb9eb05f-9314-3c84-9b1b-06e87a941974 ([UPDATE_GAME_MODE])
[00:43:48] [Render thread/WARN] (Minecraft) Ignoring player info update for unknown player cb9eb05f-9314-3c84-9b1b-06e87a941974 ([UPDATE_GAME_MODE])
[00:43:48] [Render thread/WARN] (Minecraft) Ignoring player info update for unknown player cb9eb05f-9314-3c84-9b1b-06e87a941974 ([UPDATE_GAME_MODE])
[00:43:56] [Render thread/WARN] (Minecraft) Ignoring player info update for unknown player e6749e8c-5076-351e-ba10-daf9bd800eb0 ([UPDATE_GAME_MODE])
[00:43:56] [Render thread/WARN] (Minecraft) Ignoring player info update for unknown player e6749e8c-5076-351e-ba10-daf9bd800eb0 ([UPDATE_GAME_MODE])
[00:43:56] [Render thread/WARN] (Minecraft) Ignoring player info update for unknown player e6749e8c-5076-351e-ba10-daf9bd800eb0 ([UPDATE_GAME_MODE])
[00:43:56] [Render thread/WARN] (Minecraft) Ignoring player info update for unknown player e6749e8c-5076-351e-ba10-daf9bd800eb0 ([UPDATE_GAME_MODE])
[00:44:01] [Render thread/WARN] (Minecraft) Ignoring player info update for unknown player b0b8d3c2-5121-3f06-8315-c4b4715b1da9 ([UPDATE_GAME_MODE])
[00:44:01] [Render thread/WARN] (Minecraft) Ignoring player info update for unknown player b0b8d3c2-5121-3f06-8315-c4b4715b1da9 ([UPDATE_GAME_MODE])
[00:44:02] [Render thread/WARN] (Minecraft) Ignoring player info update for unknown player 533579a6-81c3-304b-a3ca-d4d7ddbb04f6 ([UPDATE_GAME_MODE])
[00:44:02] [Render thread/WARN] (Minecraft) Ignoring player info update for unknown player 533579a6-81c3-304b-a3ca-d4d7ddbb04f6 ([UPDATE_GAME_MODE])
[00:44:02] [Render thread/WARN] (Minecraft) Ignoring player info update for unknown player 533579a6-81c3-304b-a3ca-d4d7ddbb04f6 ([UPDATE_GAME_MODE])
[00:44:02] [Render thread/WARN] (Minecraft) Ignoring player info update for unknown player 533579a6-81c3-304b-a3ca-d4d7ddbb04f6 ([UPDATE_GAME_MODE])
[00:44:04] [Render thread/WARN] (Minecraft) Ignoring player info update for unknown player c3d9d9c7-e76b-34ad-afff-64d393b56b11 ([UPDATE_GAME_MODE])
[00:44:04] [Render thread/WARN] (Minecraft) Ignoring player info update for unknown player c3d9d9c7-e76b-34ad-afff-64d393b56b11 ([UPDATE_GAME_MODE])
[00:44:05] [Render thread/WARN] (Minecraft) Ignoring player info update for unknown player 550fa294-74cb-3d00-bdc7-1d778546a136 ([UPDATE_GAME_MODE])
[00:44:05] [Render thread/WARN] (Minecraft) Ignoring player info update for unknown player 550fa294-74cb-3d00-bdc7-1d778546a136 ([UPDATE_GAME_MODE])
[00:44:07] [Render thread/WARN] (Minecraft) Ignoring player info update for unknown player d3d1dab8-f40e-33fa-917b-34017267b0bf ([UPDATE_GAME_MODE])
[00:44:07] [Render thread/WARN] (Minecraft) Ignoring player info update for unknown player d3d1dab8-f40e-33fa-917b-34017267b0bf ([UPDATE_GAME_MODE])
[00:44:08] [Render thread/WARN] (Minecraft) Ignoring player info update for unknown player 98d52bf6-4f06-38b2-a2ff-578f787fccda ([UPDATE_GAME_MODE])
[00:44:08] [Render thread/WARN] (Minecraft) Ignoring player info update for unknown player 98d52bf6-4f06-38b2-a2ff-578f787fccda ([UPDATE_GAME_MODE])
[00:44:10] [Render thread/WARN] (Minecraft) Ignoring player info update for unknown player c6b9f24b-7d17-34ee-9121-e714f0f3a2a6 ([UPDATE_GAME_MODE])
[00:44:10] [Render thread/WARN] (Minecraft) Ignoring player info update for unknown player c6b9f24b-7d17-34ee-9121-e714f0f3a2a6 ([UPDATE_GAME_MODE])
[00:44:15] [Render thread/WARN] (Minecraft) Ignoring player info update for unknown player e0340274-8b74-36d5-9246-0a90439ce768 ([UPDATE_GAME_MODE])
[00:44:15] [Render thread/WARN] (Minecraft) Ignoring player info update for unknown player e0340274-8b74-36d5-9246-0a90439ce768 ([UPDATE_GAME_MODE])
[00:44:17] [Render thread/WARN] (Minecraft) Ignoring player info update for unknown player 17d3af56-5c50-378a-a1e3-c9151268d905 ([UPDATE_GAME_MODE])
[00:44:17] [Render thread/WARN] (Minecraft) Ignoring player info update for unknown player 17d3af56-5c50-378a-a1e3-c9151268d905 ([UPDATE_GAME_MODE])
[00:44:17] [Render thread/WARN] (Minecraft) Ignoring player info update for unknown player 17d3af56-5c50-378a-a1e3-c9151268d905 ([UPDATE_GAME_MODE])
[00:44:17] [Render thread/WARN] (Minecraft) Ignoring player info update for unknown player 17d3af56-5c50-378a-a1e3-c9151268d905 ([UPDATE_GAME_MODE])
[00:44:21] [Render thread/WARN] (Minecraft) Ignoring player info update for unknown player 947da866-0692-33c8-9af4-1b005c0f81cd ([UPDATE_GAME_MODE])
[00:44:21] [Render thread/WARN] (Minecraft) Ignoring player info update for unknown player 947da866-0692-33c8-9af4-1b005c0f81cd ([UPDATE_GAME_MODE])
[00:44:21] [Render thread/WARN] (Minecraft) Ignoring player info update for unknown player 947da866-0692-33c8-9af4-1b005c0f81cd ([UPDATE_GAME_MODE])
[00:44:21] [Render thread/WARN] (Minecraft) Ignoring player info update for unknown player 947da866-0692-33c8-9af4-1b005c0f81cd ([UPDATE_GAME_MODE])
[00:44:28] [Render thread/WARN] (Minecraft) Ignoring player info update for unknown player 8e0fb692-485c-3e98-b0ba-8c7c65fcca26 ([UPDATE_GAME_MODE])
[00:44:28] [Render thread/WARN] (Minecraft) Ignoring player info update for unknown player 8e0fb692-485c-3e98-b0ba-8c7c65fcca26 ([UPDATE_GAME_MODE])
[00:44:31] [Render thread/WARN] (Minecraft) Ignoring player info update for unknown player 89d60a84-6abd-3b4f-900f-b0f9e055d1da ([UPDATE_GAME_MODE])
[00:44:31] [Render thread/WARN] (Minecraft) Ignoring player info update for unknown player 89d60a84-6abd-3b4f-900f-b0f9e055d1da ([UPDATE_GAME_MODE])
[00:44:31] [Render thread/WARN] (Minecraft) Ignoring player info update for unknown player 89d60a84-6abd-3b4f-900f-b0f9e055d1da ([UPDATE_GAME_MODE])
[00:44:31] [Render thread/WARN] (Minecraft) Ignoring player info update for unknown player 89d60a84-6abd-3b4f-900f-b0f9e055d1da ([UPDATE_GAME_MODE])
[00:44:36] [Render thread/WARN] (Minecraft) Ignoring player info update for unknown player f75e54f9-c7a8-30c1-af52-9eb4e741af7a ([UPDATE_GAME_MODE])
[00:44:36] [Render thread/WARN] (Minecraft) Ignoring player info update for unknown player f75e54f9-c7a8-30c1-af52-9eb4e741af7a ([UPDATE_GAME_MODE])
[00:44:37] [Render thread/INFO] (Minecraft) [System] [CHAT] ╔
[00:44:37] [Render thread/INFO] (Minecraft) [System] [CHAT] ╠ Подключайся к нашим сообществам /links
[00:44:37] [Render thread/INFO] (Minecraft) [System] [CHAT] ╚
[00:44:39] [Render thread/INFO] (Minecraft) [System] [CHAT] Ⓛ [Игрок] AngelShked ⇨ К\
[00:44:39] [Render thread/WARN] (Minecraft) Ignoring player info update for unknown player 42da7e81-54d5-3cb9-ba8f-cb045af6a265 ([UPDATE_GAME_MODE])
[00:44:39] [Render thread/WARN] (Minecraft) Ignoring player info update for unknown player 42da7e81-54d5-3cb9-ba8f-cb045af6a265 ([UPDATE_GAME_MODE])
[00:44:39] [Render thread/WARN] (Minecraft) Ignoring player info update for unknown player 42da7e81-54d5-3cb9-ba8f-cb045af6a265 ([UPDATE_GAME_MODE])
[00:44:39] [Render thread/WARN] (Minecraft) Ignoring player info update for unknown player 42da7e81-54d5-3cb9-ba8f-cb045af6a265 ([UPDATE_GAME_MODE])
[00:44:39] [Render thread/WARN] (Minecraft) Ignoring player info update for unknown player de0f7190-4a54-32c1-a7fa-3db1e3b6c527 ([UPDATE_GAME_MODE])
[00:44:39] [Render thread/WARN] (Minecraft) Ignoring player info update for unknown player de0f7190-4a54-32c1-a7fa-3db1e3b6c527 ([UPDATE_GAME_MODE])
[00:44:39] [Render thread/WARN] (Minecraft) Ignoring player info update for unknown player de0f7190-4a54-32c1-a7fa-3db1e3b6c527 ([UPDATE_GAME_MODE])
[00:44:39] [Render thread/WARN] (Minecraft) Ignoring player info update for unknown player de0f7190-4a54-32c1-a7fa-3db1e3b6c527 ([UPDATE_GAME_MODE])
[00:44:42] [Render thread/WARN] (Minecraft) Ignoring player info update for unknown player 641ea34d-a493-3be4-b423-895f1da40d52 ([UPDATE_GAME_MODE])
[00:44:42] [Render thread/WARN] (Minecraft) Ignoring player info update for unknown player 641ea34d-a493-3be4-b423-895f1da40d52 ([UPDATE_GAME_MODE])
[00:44:42] [Render thread/WARN] (Minecraft) Ignoring player info update for unknown player 641ea34d-a493-3be4-b423-895f1da40d52 ([UPDATE_GAME_MODE])
[00:44:42] [Render thread/WARN] (Minecraft) Ignoring player info update for unknown player 641ea34d-a493-3be4-b423-895f1da40d52 ([UPDATE_GAME_MODE])
[00:44:43] [Render thread/WARN] (Minecraft) Ignoring player info update for unknown player cada738b-55b7-31ea-b829-4e48fec913ca ([UPDATE_GAME_MODE])
[00:44:43] [Render thread/WARN] (Minecraft) Ignoring player info update for unknown player cada738b-55b7-31ea-b829-4e48fec913ca ([UPDATE_GAME_MODE])
[00:44:43] [Render thread/WARN] (Minecraft) Ignoring player info update for unknown player cada738b-55b7-31ea-b829-4e48fec913ca ([UPDATE_GAME_MODE])
[00:44:43] [Render thread/WARN] (Minecraft) Ignoring player info update for unknown player cada738b-55b7-31ea-b829-4e48fec913ca ([UPDATE_GAME_MODE])
[00:44:45] [Render thread/INFO] (Minecraft) [System] [CHAT] Ⓛ [Игрок] ok0van ⇨ низщий
[00:44:48] [Render thread/WARN] (Minecraft) Ignoring player info update for unknown player 15d99519-2481-328b-9773-b1ce34ac0c85 ([UPDATE_GAME_MODE])
[00:44:48] [Render thread/WARN] (Minecraft) Ignoring player info update for unknown player 15d99519-2481-328b-9773-b1ce34ac0c85 ([UPDATE_GAME_MODE])
[00:44:48] [Render thread/WARN] (Minecraft) Ignoring player info update for unknown player 15d99519-2481-328b-9773-b1ce34ac0c85 ([UPDATE_GAME_MODE])
[00:44:48] [Render thread/WARN] (Minecraft) Ignoring player info update for unknown player 15d99519-2481-328b-9773-b1ce34ac0c85 ([UPDATE_GAME_MODE])
[00:44:48] [Render thread/WARN] (Minecraft) Ignoring player info update for unknown player c6b9f24b-7d17-34ee-9121-e714f0f3a2a6 ([UPDATE_GAME_MODE])
[00:44:48] [Render thread/WARN] (Minecraft) Ignoring player info update for unknown player c6b9f24b-7d17-34ee-9121-e714f0f3a2a6 ([UPDATE_GAME_MODE])
[00:44:48] [Render thread/WARN] (Minecraft) Ignoring player info update for unknown player c6b9f24b-7d17-34ee-9121-e714f0f3a2a6 ([UPDATE_GAME_MODE])
[00:44:48] [Render thread/WARN] (Minecraft) Ignoring player info update for unknown player c6b9f24b-7d17-34ee-9121-e714f0f3a2a6 ([UPDATE_GAME_MODE])
[00:44:53] [Render thread/WARN] (Minecraft) Ignoring player info update for unknown player 00b99f48-1864-328d-9985-2d3bb8828f6b ([UPDATE_GAME_MODE])
[00:44:53] [Render thread/WARN] (Minecraft) Ignoring player info update for unknown player 00b99f48-1864-328d-9985-2d3bb8828f6b ([UPDATE_GAME_MODE])
[00:44:53] [Render thread/WARN] (Minecraft) Ignoring player info update for unknown player 00b99f48-1864-328d-9985-2d3bb8828f6b ([UPDATE_GAME_MODE])
[00:44:53] [Render thread/WARN] (Minecraft) Ignoring player info update for unknown player 00b99f48-1864-328d-9985-2d3bb8828f6b ([UPDATE_GAME_MODE])
[00:44:56] [Render thread/WARN] (Minecraft) Ignoring player info update for unknown player 720fee36-9021-3d8e-899f-4daeba09acf2 ([UPDATE_GAME_MODE])
[00:44:56] [Render thread/WARN] (Minecraft) Ignoring player info update for unknown player 720fee36-9021-3d8e-899f-4daeba09acf2 ([UPDATE_GAME_MODE])
[00:44:56] [Render thread/WARN] (Minecraft) Ignoring player info update for unknown player 720fee36-9021-3d8e-899f-4daeba09acf2 ([UPDATE_GAME_MODE])
[00:44:56] [Render thread/WARN] (Minecraft) Ignoring player info update for unknown player 720fee36-9021-3d8e-899f-4daeba09acf2 ([UPDATE_GAME_MODE])
[00:45:08] [Render thread/WARN] (Minecraft) Ignoring player info update for unknown player 001b8c42-d98b-3fea-a602-92a17c555f5b ([UPDATE_GAME_MODE])
[00:45:08] [Render thread/WARN] (Minecraft) Ignoring player info update for unknown player 001b8c42-d98b-3fea-a602-92a17c555f5b ([UPDATE_GAME_MODE])
[00:45:08] [Render thread/WARN] (Minecraft) Ignoring player info update for unknown player 001b8c42-d98b-3fea-a602-92a17c555f5b ([UPDATE_GAME_MODE])
[00:45:08] [Render thread/WARN] (Minecraft) Ignoring player info update for unknown player 001b8c42-d98b-3fea-a602-92a17c555f5b ([UPDATE_GAME_MODE])
[00:45:08] [Render thread/WARN] (Minecraft) Ignoring player info update for unknown player 7d6863f6-fed1-3bb0-b187-6da7000ae62a ([UPDATE_GAME_MODE])
[00:45:08] [Render thread/WARN] (Minecraft) Ignoring player info update for unknown player 7d6863f6-fed1-3bb0-b187-6da7000ae62a ([UPDATE_GAME_MODE])
[00:45:11] [Render thread/WARN] (Minecraft) Ignoring player info update for unknown player 0b1903b9-6ab4-3b6a-865a-1936c7006382 ([UPDATE_GAME_MODE])
[00:45:11] [Render thread/WARN] (Minecraft) Ignoring player info update for unknown player 0b1903b9-6ab4-3b6a-865a-1936c7006382 ([UPDATE_GAME_MODE])
[00:45:11] [Render thread/WARN] (Minecraft) Ignoring player info update for unknown player 0b1903b9-6ab4-3b6a-865a-1936c7006382 ([UPDATE_GAME_MODE])
[00:45:11] [Render thread/WARN] (Minecraft) Ignoring player info update for unknown player 0b1903b9-6ab4-3b6a-865a-1936c7006382 ([UPDATE_GAME_MODE])
[00:45:11] [Render thread/WARN] (Minecraft) Ignoring player info update for unknown player 02835bb6-3a8d-3801-a0c3-6a9913630475 ([UPDATE_GAME_MODE])
[00:45:11] [Render thread/WARN] (Minecraft) Ignoring player info update for unknown player 02835bb6-3a8d-3801-a0c3-6a9913630475 ([UPDATE_GAME_MODE])
[00:45:11] [Render thread/WARN] (Minecraft) Ignoring player info update for unknown player 02835bb6-3a8d-3801-a0c3-6a9913630475 ([UPDATE_GAME_MODE])
[00:45:11] [Render thread/WARN] (Minecraft) Ignoring player info update for unknown player 02835bb6-3a8d-3801-a0c3-6a9913630475 ([UPDATE_GAME_MODE])
[00:45:12] [Render thread/WARN] (Minecraft) Ignoring player info update for unknown player 89d60a84-6abd-3b4f-900f-b0f9e055d1da ([UPDATE_GAME_MODE])
[00:45:12] [Render thread/WARN] (Minecraft) Ignoring player info update for unknown player 89d60a84-6abd-3b4f-900f-b0f9e055d1da ([UPDATE_GAME_MODE])
[00:45:12] [Render thread/WARN] (Minecraft) Ignoring player info update for unknown player 89d60a84-6abd-3b4f-900f-b0f9e055d1da ([UPDATE_GAME_MODE])
[00:45:12] [Render thread/WARN] (Minecraft) Ignoring player info update for unknown player 89d60a84-6abd-3b4f-900f-b0f9e055d1da ([UPDATE_GAME_MODE])
[00:45:12] [Render thread/WARN] (Minecraft) Ignoring player info update for unknown player 79a5f97c-a5b7-3da0-973f-1ea895e1572a ([UPDATE_GAME_MODE])
[00:45:12] [Render thread/WARN] (Minecraft) Ignoring player info update for unknown player 79a5f97c-a5b7-3da0-973f-1ea895e1572a ([UPDATE_GAME_MODE])
[00:45:12] [Render thread/WARN] (Minecraft) Ignoring player info update for unknown player 79a5f97c-a5b7-3da0-973f-1ea895e1572a ([UPDATE_GAME_MODE])
[00:45:12] [Render thread/WARN] (Minecraft) Ignoring player info update for unknown player 79a5f97c-a5b7-3da0-973f-1ea895e1572a ([UPDATE_GAME_MODE])
[00:45:12] [Render thread/WARN] (Minecraft) Ignoring player info update for unknown player 8b37c389-4988-3dbd-ab2f-b475fb884be8 ([UPDATE_GAME_MODE])
[00:45:12] [Render thread/WARN] (Minecraft) Ignoring player info update for unknown player 8b37c389-4988-3dbd-ab2f-b475fb884be8 ([UPDATE_GAME_MODE])
[00:45:15] [Render thread/WARN] (Minecraft) Ignoring player info update for unknown player 5dcc780b-e371-3d4c-ba5a-ccb586334739 ([UPDATE_GAME_MODE])
[00:45:15] [Render thread/WARN] (Minecraft) Ignoring player info update for unknown player 5dcc780b-e371-3d4c-ba5a-ccb586334739 ([UPDATE_GAME_MODE])
[00:45:15] [Render thread/WARN] (Minecraft) Ignoring player info update for unknown player 5dcc780b-e371-3d4c-ba5a-ccb586334739 ([UPDATE_GAME_MODE])
[00:45:15] [Render thread/WARN] (Minecraft) Ignoring player info update for unknown player 5dcc780b-e371-3d4c-ba5a-ccb586334739 ([UPDATE_GAME_MODE])
[00:45:15] [Render thread/WARN] (Minecraft) Ignoring player info update for unknown player 66547269-e26e-3833-ac58-7453a92695d3 ([UPDATE_GAME_MODE])
[00:45:15] [Render thread/WARN] (Minecraft) Ignoring player info update for unknown player 66547269-e26e-3833-ac58-7453a92695d3 ([UPDATE_GAME_MODE])
[00:45:16] [Render thread/WARN] (Minecraft) Ignoring player info update for unknown player dd47d7d8-d7d2-3e16-8267-2aab680e8a49 ([UPDATE_GAME_MODE])
[00:45:16] [Render thread/WARN] (Minecraft) Ignoring player info update for unknown player dd47d7d8-d7d2-3e16-8267-2aab680e8a49 ([UPDATE_GAME_MODE])
[00:45:18] [Render thread/WARN] (Minecraft) Ignoring player info update for unknown player d90f47c3-0ab4-332a-9f68-cd6edb17d0fc ([UPDATE_GAME_MODE])
[00:45:18] [Render thread/WARN] (Minecraft) Ignoring player info update for unknown player d90f47c3-0ab4-332a-9f68-cd6edb17d0fc ([UPDATE_GAME_MODE])
[00:45:19] [Render thread/WARN] (Minecraft) Ignoring player info update for unknown player f7aad1cc-432f-3200-8d5f-4ece1fa83c52 ([UPDATE_GAME_MODE])
[00:45:19] [Render thread/WARN] (Minecraft) Ignoring player info update for unknown player f7aad1cc-432f-3200-8d5f-4ece1fa83c52 ([UPDATE_GAME_MODE])
[00:45:19] [Render thread/WARN] (Minecraft) Ignoring player info update for unknown player f7aad1cc-432f-3200-8d5f-4ece1fa83c52 ([UPDATE_GAME_MODE])
[00:45:19] [Render thread/WARN] (Minecraft) Ignoring player info update for unknown player f7aad1cc-432f-3200-8d5f-4ece1fa83c52 ([UPDATE_GAME_MODE])
[00:45:21] [Render thread/WARN] (Minecraft) Ignoring player info update for unknown player 15d99519-2481-328b-9773-b1ce34ac0c85 ([UPDATE_GAME_MODE])
[00:45:21] [Render thread/WARN] (Minecraft) Ignoring player info update for unknown player 15d99519-2481-328b-9773-b1ce34ac0c85 ([UPDATE_GAME_MODE])
[00:45:21] [Render thread/WARN] (Minecraft) Ignoring player info update for unknown player 15d99519-2481-328b-9773-b1ce34ac0c85 ([UPDATE_GAME_MODE])
[00:45:21] [Render thread/WARN] (Minecraft) Ignoring player info update for unknown player 15d99519-2481-328b-9773-b1ce34ac0c85 ([UPDATE_GAME_MODE])
[00:45:24] [Render thread/WARN] (Minecraft) Ignoring player info update for unknown player f2468b12-64dc-388b-8315-899bd20264ba ([UPDATE_GAME_MODE])
[00:45:24] [Render thread/WARN] (Minecraft) Ignoring player info update for unknown player f2468b12-64dc-388b-8315-899bd20264ba ([UPDATE_GAME_MODE])
[00:45:24] [Render thread/WARN] (Minecraft) Ignoring player info update for unknown player f2468b12-64dc-388b-8315-899bd20264ba ([UPDATE_GAME_MODE])
[00:45:24] [Render thread/WARN] (Minecraft) Ignoring player info update for unknown player f2468b12-64dc-388b-8315-899bd20264ba ([UPDATE_GAME_MODE])
[00:45:25] [Render thread/WARN] (Minecraft) Ignoring player info update for unknown player 890e2122-7daa-3e34-b3bd-7c0652eaa347 ([UPDATE_GAME_MODE])
[00:45:25] [Render thread/WARN] (Minecraft) Ignoring player info update for unknown player 890e2122-7daa-3e34-b3bd-7c0652eaa347 ([UPDATE_GAME_MODE])
[00:45:26] [Render thread/WARN] (Minecraft) Ignoring player info update for unknown player d0f0ed36-4235-32ef-963f-b99cdd58e6f1 ([UPDATE_GAME_MODE])
[00:45:26] [Render thread/WARN] (Minecraft) Ignoring player info update for unknown player d0f0ed36-4235-32ef-963f-b99cdd58e6f1 ([UPDATE_GAME_MODE])
[00:45:26] [Render thread/WARN] (Minecraft) Ignoring player info update for unknown player d0f0ed36-4235-32ef-963f-b99cdd58e6f1 ([UPDATE_GAME_MODE])
[00:45:26] [Render thread/WARN] (Minecraft) Ignoring player info update for unknown player d0f0ed36-4235-32ef-963f-b99cdd58e6f1 ([UPDATE_GAME_MODE])
[00:45:32] [Render thread/WARN] (Minecraft) Ignoring player info update for unknown player 89d60a84-6abd-3b4f-900f-b0f9e055d1da ([UPDATE_GAME_MODE])
[00:45:32] [Render thread/WARN] (Minecraft) Ignoring player info update for unknown player 89d60a84-6abd-3b4f-900f-b0f9e055d1da ([UPDATE_GAME_MODE])
[00:45:32] [Render thread/WARN] (Minecraft) Ignoring player info update for unknown player 89d60a84-6abd-3b4f-900f-b0f9e055d1da ([UPDATE_GAME_MODE])
[00:45:32] [Render thread/WARN] (Minecraft) Ignoring player info update for unknown player 89d60a84-6abd-3b4f-900f-b0f9e055d1da ([UPDATE_GAME_MODE])
[00:45:39] [Render thread/WARN] (Minecraft) Ignoring player info update for unknown player 82751626-cf0e-3bf5-b409-ba875bea3e5d ([UPDATE_GAME_MODE])
[00:45:39] [Render thread/WARN] (Minecraft) Ignoring player info update for unknown player 82751626-cf0e-3bf5-b409-ba875bea3e5d ([UPDATE_GAME_MODE])
[00:45:52] [Render thread/WARN] (Minecraft) Ignoring player info update for unknown player 385fc963-ad60-33e3-bbab-02f8d45c85ac ([UPDATE_GAME_MODE])
[00:45:52] [Render thread/WARN] (Minecraft) Ignoring player info update for unknown player 385fc963-ad60-33e3-bbab-02f8d45c85ac ([UPDATE_GAME_MODE])
[00:45:59] [Render thread/WARN] (Minecraft) Ignoring player info update for unknown player 55b79642-efa4-33a1-8022-75f0f59b9ab4 ([UPDATE_GAME_MODE])
[00:45:59] [Render thread/WARN] (Minecraft) Ignoring player info update for unknown player 55b79642-efa4-33a1-8022-75f0f59b9ab4 ([UPDATE_GAME_MODE])
[00:46:03] [Render thread/INFO] (Minecraft) [System] [CHAT] Ⓖ [Игрок] q0zrtt ⇨ -ezz by #спящий
[00:46:03] [Render thread/WARN] (Minecraft) Ignoring player info update for unknown player 9c4706eb-588f-3fe9-ae5b-bd275e5bb036 ([UPDATE_GAME_MODE])
[00:46:03] [Render thread/WARN] (Minecraft) Ignoring player info update for unknown player 9c4706eb-588f-3fe9-ae5b-bd275e5bb036 ([UPDATE_GAME_MODE])
[00:46:03] [Render thread/WARN] (Minecraft) Ignoring player info update for unknown player 9c4706eb-588f-3fe9-ae5b-bd275e5bb036 ([UPDATE_GAME_MODE])
[00:46:03] [Render thread/WARN] (Minecraft) Ignoring player info update for unknown player 9c4706eb-588f-3fe9-ae5b-bd275e5bb036 ([UPDATE_GAME_MODE])
[00:46:07] [Render thread/INFO] (Minecraft) [System] [CHAT] ╔
[00:46:07] [Render thread/INFO] (Minecraft) [System] [CHAT] ╠ Мы есть в ВК - vk.com/spookytimenet
[00:46:07] [Render thread/INFO] (Minecraft) [System] [CHAT] ╚
[00:46:18] [Render thread/WARN] (Minecraft) Ignoring player info update for unknown player 533579a6-81c3-304b-a3ca-d4d7ddbb04f6 ([UPDATE_GAME_MODE])
[00:46:18] [Render thread/WARN] (Minecraft) Ignoring player info update for unknown player 533579a6-81c3-304b-a3ca-d4d7ddbb04f6 ([UPDATE_GAME_MODE])
[00:46:18] [Render thread/WARN] (Minecraft) Ignoring player info update for unknown player 533579a6-81c3-304b-a3ca-d4d7ddbb04f6 ([UPDATE_GAME_MODE])
[00:46:18] [Render thread/WARN] (Minecraft) Ignoring player info update for unknown player 533579a6-81c3-304b-a3ca-d4d7ddbb04f6 ([UPDATE_GAME_MODE])
[00:46:20] [Render thread/WARN] (Minecraft) Ignoring player info update for unknown player 06d16545-159e-3235-b02f-f32a4bd9c648 ([UPDATE_GAME_MODE])
[00:46:20] [Render thread/WARN] (Minecraft) Ignoring player info update for unknown player 06d16545-159e-3235-b02f-f32a4bd9c648 ([UPDATE_GAME_MODE])
[00:46:22] [Render thread/WARN] (Minecraft) Ignoring player info update for unknown player efac7030-65b3-3b5e-b383-1a0134788803 ([UPDATE_GAME_MODE])
[00:46:22] [Render thread/WARN] (Minecraft) Ignoring player info update for unknown player efac7030-65b3-3b5e-b383-1a0134788803 ([UPDATE_GAME_MODE])
[00:46:23] [Render thread/WARN] (Minecraft) Ignoring player info update for unknown player 89d60a84-6abd-3b4f-900f-b0f9e055d1da ([UPDATE_GAME_MODE])
[00:46:23] [Render thread/WARN] (Minecraft) Ignoring player info update for unknown player 89d60a84-6abd-3b4f-900f-b0f9e055d1da ([UPDATE_GAME_MODE])
[00:46:23] [Render thread/WARN] (Minecraft) Ignoring player info update for unknown player 89d60a84-6abd-3b4f-900f-b0f9e055d1da ([UPDATE_GAME_MODE])
[00:46:23] [Render thread/WARN] (Minecraft) Ignoring player info update for unknown player 89d60a84-6abd-3b4f-900f-b0f9e055d1da ([UPDATE_GAME_MODE])
[00:46:24] [Render thread/WARN] (Minecraft) Ignoring player info update for unknown player d9fef544-7309-34e7-ab70-739ef58d010c ([UPDATE_GAME_MODE])
[00:46:24] [Render thread/WARN] (Minecraft) Ignoring player info update for unknown player d9fef544-7309-34e7-ab70-739ef58d010c ([UPDATE_GAME_MODE])
[00:46:24] [Render thread/WARN] (Minecraft) Ignoring player info update for unknown player d9fef544-7309-34e7-ab70-739ef58d010c ([UPDATE_GAME_MODE])
[00:46:24] [Render thread/WARN] (Minecraft) Ignoring player info update for unknown player d9fef544-7309-34e7-ab70-739ef58d010c ([UPDATE_GAME_MODE])
[00:46:24] [Render thread/WARN] (Minecraft) Ignoring player info update for unknown player 2e2ec500-7d02-34db-84f4-45681226521d ([UPDATE_GAME_MODE])
[00:46:24] [Render thread/WARN] (Minecraft) Ignoring player info update for unknown player 2e2ec500-7d02-34db-84f4-45681226521d ([UPDATE_GAME_MODE])
[00:46:25] [Render thread/WARN] (Minecraft) Ignoring player info update for unknown player af333c6f-ab62-3f85-b9c9-989307673a44 ([UPDATE_GAME_MODE])
[00:46:25] [Render thread/WARN] (Minecraft) Ignoring player info update for unknown player af333c6f-ab62-3f85-b9c9-989307673a44 ([UPDATE_GAME_MODE])
[00:46:25] [Render thread/WARN] (Minecraft) Ignoring player info update for unknown player af333c6f-ab62-3f85-b9c9-989307673a44 ([UPDATE_GAME_MODE])
[00:46:25] [Render thread/WARN] (Minecraft) Ignoring player info update for unknown player af333c6f-ab62-3f85-b9c9-989307673a44 ([UPDATE_GAME_MODE])
[00:46:28] [Render thread/WARN] (Minecraft) Ignoring player info update for unknown player 3de3a29b-2ac4-38f0-8f9f-3b03423b3275 ([UPDATE_GAME_MODE])
[00:46:28] [Render thread/WARN] (Minecraft) Ignoring player info update for unknown player 3de3a29b-2ac4-38f0-8f9f-3b03423b3275 ([UPDATE_GAME_MODE])
[00:46:28] [Render thread/WARN] (Minecraft) Ignoring player info update for unknown player 3de3a29b-2ac4-38f0-8f9f-3b03423b3275 ([UPDATE_GAME_MODE])
[00:46:28] [Render thread/WARN] (Minecraft) Ignoring player info update for unknown player 3de3a29b-2ac4-38f0-8f9f-3b03423b3275 ([UPDATE_GAME_MODE])
[00:46:31] [Render thread/WARN] (Minecraft) Ignoring player info update for unknown player ffffccee-2e45-3c5e-a638-ea74726ccff6 ([UPDATE_GAME_MODE])
[00:46:31] [Render thread/WARN] (Minecraft) Ignoring player info update for unknown player ffffccee-2e45-3c5e-a638-ea74726ccff6 ([UPDATE_GAME_MODE])
[00:46:36] [Render thread/WARN] (Minecraft) Ignoring player info update for unknown player 8746284a-a3d3-32e2-98bc-5bc0a1301788 ([UPDATE_GAME_MODE])
[00:46:36] [Render thread/WARN] (Minecraft) Ignoring player info update for unknown player 8746284a-a3d3-32e2-98bc-5bc0a1301788 ([UPDATE_GAME_MODE])
[00:46:36] [Render thread/WARN] (Minecraft) Ignoring player info update for unknown player 8746284a-a3d3-32e2-98bc-5bc0a1301788 ([UPDATE_GAME_MODE])
[00:46:36] [Render thread/WARN] (Minecraft) Ignoring player info update for unknown player 8746284a-a3d3-32e2-98bc-5bc0a1301788 ([UPDATE_GAME_MODE])
[00:46:38] [Render thread/WARN] (Minecraft) Ignoring player info update for unknown player 6ceddf94-f858-3561-a6ce-94293ff03c8d ([UPDATE_GAME_MODE])
[00:46:38] [Render thread/WARN] (Minecraft) Ignoring player info update for unknown player 6ceddf94-f858-3561-a6ce-94293ff03c8d ([UPDATE_GAME_MODE])
[00:46:38] [Render thread/WARN] (Minecraft) Ignoring player info update for unknown player 6ceddf94-f858-3561-a6ce-94293ff03c8d ([UPDATE_GAME_MODE])
[00:46:38] [Render thread/WARN] (Minecraft) Ignoring player info update for unknown player 6ceddf94-f858-3561-a6ce-94293ff03c8d ([UPDATE_GAME_MODE])
[00:46:52] [Render thread/WARN] (Minecraft) Ignoring player info update for unknown player 4b2813aa-c1d2-389a-bc89-5370c81414de ([UPDATE_GAME_MODE])
[00:46:52] [Render thread/WARN] (Minecraft) Ignoring player info update for unknown player 4b2813aa-c1d2-389a-bc89-5370c81414de ([UPDATE_GAME_MODE])
[00:46:52] [Render thread/WARN] (Minecraft) Ignoring player info update for unknown player 4b2813aa-c1d2-389a-bc89-5370c81414de ([UPDATE_GAME_MODE])
[00:46:52] [Render thread/WARN] (Minecraft) Ignoring player info update for unknown player 4b2813aa-c1d2-389a-bc89-5370c81414de ([UPDATE_GAME_MODE])
[00:46:54] [Render thread/WARN] (Minecraft) Ignoring player info update for unknown player 1f3f1ad3-601f-38e4-b4f6-5c71daab56db ([UPDATE_GAME_MODE])
[00:46:54] [Render thread/WARN] (Minecraft) Ignoring player info update for unknown player 1f3f1ad3-601f-38e4-b4f6-5c71daab56db ([UPDATE_GAME_MODE])
[00:46:54] [Render thread/WARN] (Minecraft) Ignoring player info update for unknown player e1656224-40b1-316e-8571-d0426b92dd02 ([UPDATE_GAME_MODE])
[00:46:54] [Render thread/WARN] (Minecraft) Ignoring player info update for unknown player e1656224-40b1-316e-8571-d0426b92dd02 ([UPDATE_GAME_MODE])
[00:46:58] [Render thread/WARN] (Minecraft) Ignoring player info update for unknown player a3b4868b-4393-362c-8a3a-b14ef9805efd ([UPDATE_GAME_MODE])
[00:46:58] [Render thread/WARN] (Minecraft) Ignoring player info update for unknown player a3b4868b-4393-362c-8a3a-b14ef9805efd ([UPDATE_GAME_MODE])
[00:46:58] [Render thread/WARN] (Minecraft) Ignoring player info update for unknown player a3b4868b-4393-362c-8a3a-b14ef9805efd ([UPDATE_GAME_MODE])
[00:46:58] [Render thread/WARN] (Minecraft) Ignoring player info update for unknown player a3b4868b-4393-362c-8a3a-b14ef9805efd ([UPDATE_GAME_MODE])
[00:47:04] [Render thread/WARN] (Minecraft) Ignoring player info update for unknown player e3fdd6cc-1f56-3274-b3c3-91432a7f6c6d ([UPDATE_GAME_MODE])
[00:47:04] [Render thread/WARN] (Minecraft) Ignoring player info update for unknown player e3fdd6cc-1f56-3274-b3c3-91432a7f6c6d ([UPDATE_GAME_MODE])
[00:47:04] [Render thread/WARN] (Minecraft) Ignoring player info update for unknown player e3fdd6cc-1f56-3274-b3c3-91432a7f6c6d ([UPDATE_GAME_MODE])
[00:47:04] [Render thread/WARN] (Minecraft) Ignoring player info update for unknown player e3fdd6cc-1f56-3274-b3c3-91432a7f6c6d ([UPDATE_GAME_MODE])
[00:47:07] [Render thread/WARN] (Minecraft) Ignoring player info update for unknown player 7339b5dc-63aa-3b2c-85e6-b93e1fb1543a ([UPDATE_GAME_MODE])
[00:47:07] [Render thread/WARN] (Minecraft) Ignoring player info update for unknown player 7339b5dc-63aa-3b2c-85e6-b93e1fb1543a ([UPDATE_GAME_MODE])
[00:47:13] [Render thread/WARN] (Minecraft) Ignoring player info update for unknown player 79bf5185-1a36-3c57-ad74-a3db3afb90d5 ([UPDATE_GAME_MODE])
[00:47:13] [Render thread/WARN] (Minecraft) Ignoring player info update for unknown player 79bf5185-1a36-3c57-ad74-a3db3afb90d5 ([UPDATE_GAME_MODE])
[00:47:13] [Render thread/WARN] (Minecraft) Ignoring player info update for unknown player 79bf5185-1a36-3c57-ad74-a3db3afb90d5 ([UPDATE_GAME_MODE])
[00:47:13] [Render thread/WARN] (Minecraft) Ignoring player info update for unknown player 79bf5185-1a36-3c57-ad74-a3db3afb90d5 ([UPDATE_GAME_MODE])
[00:47:19] [Render thread/WARN] (Minecraft) Ignoring player info update for unknown player 67e98757-153a-3238-b7c3-4f66daedf4f1 ([UPDATE_GAME_MODE])
[00:47:19] [Render thread/WARN] (Minecraft) Ignoring player info update for unknown player 67e98757-153a-3238-b7c3-4f66daedf4f1 ([UPDATE_GAME_MODE])
[00:47:24] [Render thread/WARN] (Minecraft) Ignoring player info update for unknown player cd7b39b4-f718-37aa-b74e-0e8ebfe6cd27 ([UPDATE_GAME_MODE])
[00:47:24] [Render thread/WARN] (Minecraft) Ignoring player info update for unknown player cd7b39b4-f718-37aa-b74e-0e8ebfe6cd27 ([UPDATE_GAME_MODE])
[00:47:24] [Render thread/WARN] (Minecraft) Ignoring player info update for unknown player 26c27778-9b1f-30e8-af37-297ec5186615 ([UPDATE_GAME_MODE])
[00:47:24] [Render thread/WARN] (Minecraft) Ignoring player info update for unknown player 26c27778-9b1f-30e8-af37-297ec5186615 ([UPDATE_GAME_MODE])
[00:47:24] [Render thread/WARN] (Minecraft) Ignoring player info update for unknown player 26c27778-9b1f-30e8-af37-297ec5186615 ([UPDATE_GAME_MODE])
[00:47:24] [Render thread/WARN] (Minecraft) Ignoring player info update for unknown player 26c27778-9b1f-30e8-af37-297ec5186615 ([UPDATE_GAME_MODE])
[00:47:32] [Render thread/WARN] (Minecraft) Ignoring player info update for unknown player af1954fd-aae4-3c87-8b3e-11d032414c5c ([UPDATE_GAME_MODE])
[00:47:32] [Render thread/WARN] (Minecraft) Ignoring player info update for unknown player af1954fd-aae4-3c87-8b3e-11d032414c5c ([UPDATE_GAME_MODE])
[00:47:32] [Render thread/INFO] (Minecraft) [System] [CHAT] Ⓛ [Игрок] wdhadihawygdytfa ⇨ fast drop
[00:47:33] [Render thread/WARN] (Minecraft) Ignoring player info update for unknown player 96231adf-7e79-3e0b-9b36-756e0dac7619 ([UPDATE_GAME_MODE])
[00:47:33] [Render thread/WARN] (Minecraft) Ignoring player info update for unknown player 96231adf-7e79-3e0b-9b36-756e0dac7619 ([UPDATE_GAME_MODE])
[00:47:36] [Render thread/WARN] (Minecraft) Ignoring player info update for unknown player e6748fe1-baa7-3df2-8b19-eb660a3b30a3 ([UPDATE_GAME_MODE])
[00:47:36] [Render thread/WARN] (Minecraft) Ignoring player info update for unknown player e6748fe1-baa7-3df2-8b19-eb660a3b30a3 ([UPDATE_GAME_MODE])
[00:47:36] [Render thread/WARN] (Minecraft) Ignoring player info update for unknown player e6748fe1-baa7-3df2-8b19-eb660a3b30a3 ([UPDATE_GAME_MODE])
[00:47:36] [Render thread/WARN] (Minecraft) Ignoring player info update for unknown player e6748fe1-baa7-3df2-8b19-eb660a3b30a3 ([UPDATE_GAME_MODE])
[00:47:37] [Render thread/INFO] (Minecraft) [System] [CHAT] ╔
[00:47:37] [Render thread/INFO] (Minecraft) [System] [CHAT] ╠          ! ГОЛОСОВОЙ ЧАТ !
[00:47:37] [Render thread/INFO] (Minecraft) [System] [CHAT] ╠ Теперь на сервере можно говорить!
[00:47:37] [Render thread/INFO] (Minecraft) [System] [CHAT] ╠ Подробная информация /voice
[00:47:37] [Render thread/INFO] (Minecraft) [System] [CHAT] ╚
[00:47:38] [Render thread/WARN] (Minecraft) Ignoring player info update for unknown player 947da866-0692-33c8-9af4-1b005c0f81cd ([UPDATE_GAME_MODE])
[00:47:38] [Render thread/WARN] (Minecraft) Ignoring player info update for unknown player 947da866-0692-33c8-9af4-1b005c0f81cd ([UPDATE_GAME_MODE])
[00:47:38] [Render thread/WARN] (Minecraft) Ignoring player info update for unknown player 947da866-0692-33c8-9af4-1b005c0f81cd ([UPDATE_GAME_MODE])
[00:47:38] [Render thread/WARN] (Minecraft) Ignoring player info update for unknown player 947da866-0692-33c8-9af4-1b005c0f81cd ([UPDATE_GAME_MODE])
[00:47:40] [Render thread/WARN] (Minecraft) Ignoring player info update for unknown player 3ef8bf2e-0160-30ce-a111-60430b9e4f91 ([UPDATE_GAME_MODE])
[00:47:40] [Render thread/WARN] (Minecraft) Ignoring player info update for unknown player 3ef8bf2e-0160-30ce-a111-60430b9e4f91 ([UPDATE_GAME_MODE])
[00:47:40] [Render thread/WARN] (Minecraft) Ignoring player info update for unknown player 3ef8bf2e-0160-30ce-a111-60430b9e4f91 ([UPDATE_GAME_MODE])
[00:47:40] [Render thread/WARN] (Minecraft) Ignoring player info update for unknown player 3ef8bf2e-0160-30ce-a111-60430b9e4f91 ([UPDATE_GAME_MODE])
[00:47:43] [Render thread/WARN] (Minecraft) Ignoring player info update for unknown player ffffccee-2e45-3c5e-a638-ea74726ccff6 ([UPDATE_GAME_MODE])
[00:47:43] [Render thread/WARN] (Minecraft) Ignoring player info update for unknown player ffffccee-2e45-3c5e-a638-ea74726ccff6 ([UPDATE_GAME_MODE])
[00:47:43] [Render thread/WARN] (Minecraft) Ignoring player info update for unknown player ffffccee-2e45-3c5e-a638-ea74726ccff6 ([UPDATE_GAME_MODE])
[00:47:43] [Render thread/WARN] (Minecraft) Ignoring player info update for unknown player ffffccee-2e45-3c5e-a638-ea74726ccff6 ([UPDATE_GAME_MODE])
[00:47:48] [Render thread/WARN] (Minecraft) Ignoring player info update for unknown player 40f00f2c-9218-3eba-b786-3fc42650f3ee ([UPDATE_GAME_MODE])
[00:47:48] [Render thread/WARN] (Minecraft) Ignoring player info update for unknown player 40f00f2c-9218-3eba-b786-3fc42650f3ee ([UPDATE_GAME_MODE])
[00:47:52] [Render thread/WARN] (Minecraft) Ignoring player info update for unknown player 74cc4165-baa2-3165-bfc4-c584ab81d297 ([UPDATE_GAME_MODE])
[00:47:52] [Render thread/WARN] (Minecraft) Ignoring player info update for unknown player 74cc4165-baa2-3165-bfc4-c584ab81d297 ([UPDATE_GAME_MODE])
[00:47:53] [Render thread/WARN] (Minecraft) Ignoring player info update for unknown player ea443809-3428-3f6d-9921-382dd5f78296 ([UPDATE_GAME_MODE])
[00:47:53] [Render thread/WARN] (Minecraft) Ignoring player info update for unknown player ea443809-3428-3f6d-9921-382dd5f78296 ([UPDATE_GAME_MODE])
[00:47:53] [Render thread/WARN] (Minecraft) Ignoring player info update for unknown player ea443809-3428-3f6d-9921-382dd5f78296 ([UPDATE_GAME_MODE])
[00:47:53] [Render thread/WARN] (Minecraft) Ignoring player info update for unknown player ea443809-3428-3f6d-9921-382dd5f78296 ([UPDATE_GAME_MODE])
[00:47:53] [Render thread/WARN] (Minecraft) Ignoring player info update for unknown player ffcb0f2b-0ff1-3114-bd02-a56102138421 ([UPDATE_GAME_MODE])
[00:47:53] [Render thread/WARN] (Minecraft) Ignoring player info update for unknown player ffcb0f2b-0ff1-3114-bd02-a56102138421 ([UPDATE_GAME_MODE])
[00:47:53] [Render thread/WARN] (Minecraft) Ignoring player info update for unknown player dceb76a5-b47a-345d-9f90-4d0bf0156d30 ([UPDATE_GAME_MODE])
[00:47:53] [Render thread/WARN] (Minecraft) Ignoring player info update for unknown player dceb76a5-b47a-345d-9f90-4d0bf0156d30 ([UPDATE_GAME_MODE])
[00:47:53] [Render thread/WARN] (Minecraft) Ignoring player info update for unknown player dceb76a5-b47a-345d-9f90-4d0bf0156d30 ([UPDATE_GAME_MODE])
[00:47:53] [Render thread/WARN] (Minecraft) Ignoring player info update for unknown player dceb76a5-b47a-345d-9f90-4d0bf0156d30 ([UPDATE_GAME_MODE])
[00:47:56] [Render thread/WARN] (Minecraft) Ignoring player info update for unknown player 6a8535fc-29ea-3999-b9a4-02d5e6fdcbe3 ([UPDATE_GAME_MODE])
[00:47:56] [Render thread/WARN] (Minecraft) Ignoring player info update for unknown player 6a8535fc-29ea-3999-b9a4-02d5e6fdcbe3 ([UPDATE_GAME_MODE])
[00:47:58] [Render thread/WARN] (Minecraft) Ignoring player info update for unknown player 2a845d26-78a0-3815-9571-addd16ed8efc ([UPDATE_GAME_MODE])
[00:47:58] [Render thread/WARN] (Minecraft) Ignoring player info update for unknown player 2a845d26-78a0-3815-9571-addd16ed8efc ([UPDATE_GAME_MODE])
[00:48:05] [Render thread/WARN] (Minecraft) Ignoring player info update for unknown player 4bf3a7e2-fcbb-3199-8a94-b7dab5cebe6d ([UPDATE_GAME_MODE])
[00:48:05] [Render thread/WARN] (Minecraft) Ignoring player info update for unknown player 4bf3a7e2-fcbb-3199-8a94-b7dab5cebe6d ([UPDATE_GAME_MODE])
[00:48:05] [Render thread/WARN] (Minecraft) Ignoring player info update for unknown player 4bf3a7e2-fcbb-3199-8a94-b7dab5cebe6d ([UPDATE_GAME_MODE])
[00:48:05] [Render thread/WARN] (Minecraft) Ignoring player info update for unknown player 4bf3a7e2-fcbb-3199-8a94-b7dab5cebe6d ([UPDATE_GAME_MODE])
[00:48:05] [Render thread/WARN] (Minecraft) Ignoring player info update for unknown player 836244e8-c291-36a5-8c55-98d158faff8f ([UPDATE_GAME_MODE])
[00:48:05] [Render thread/WARN] (Minecraft) Ignoring player info update for unknown player 836244e8-c291-36a5-8c55-98d158faff8f ([UPDATE_GAME_MODE])
[00:48:06] [Render thread/WARN] (Minecraft) Ignoring player info update for unknown player 1eacfdb6-6850-3f6c-aa7c-8bd76292dd1a ([UPDATE_GAME_MODE])
[00:48:06] [Render thread/WARN] (Minecraft) Ignoring player info update for unknown player 1eacfdb6-6850-3f6c-aa7c-8bd76292dd1a ([UPDATE_GAME_MODE])
[00:48:06] [Render thread/WARN] (Minecraft) Ignoring player info update for unknown player 52c8e7a6-6fec-3732-a8fb-d4d786774479 ([UPDATE_GAME_MODE])
[00:48:06] [Render thread/WARN] (Minecraft) Ignoring player info update for unknown player 52c8e7a6-6fec-3732-a8fb-d4d786774479 ([UPDATE_GAME_MODE])
[00:48:14] [Render thread/WARN] (Minecraft) Ignoring player info update for unknown player c11c62f2-5665-33f1-b772-7755fc75347d ([UPDATE_GAME_MODE])
[00:48:14] [Render thread/WARN] (Minecraft) Ignoring player info update for unknown player c11c62f2-5665-33f1-b772-7755fc75347d ([UPDATE_GAME_MODE])
[00:48:16] [Render thread/WARN] (Minecraft) Ignoring player info update for unknown player 46c0ba99-2b2c-3db0-8fa5-92badca328c1 ([UPDATE_GAME_MODE])
[00:48:16] [Render thread/WARN] (Minecraft) Ignoring player info update for unknown player 46c0ba99-2b2c-3db0-8fa5-92badca328c1 ([UPDATE_GAME_MODE])
[00:48:17] [Render thread/WARN] (Minecraft) Ignoring player info update for unknown player 1eacfdb6-6850-3f6c-aa7c-8bd76292dd1a ([UPDATE_GAME_MODE])
[00:48:17] [Render thread/WARN] (Minecraft) Ignoring player info update for unknown player 1eacfdb6-6850-3f6c-aa7c-8bd76292dd1a ([UPDATE_GAME_MODE])
[00:48:17] [Render thread/WARN] (Minecraft) Ignoring player info update for unknown player 1eacfdb6-6850-3f6c-aa7c-8bd76292dd1a ([UPDATE_GAME_MODE])
[00:48:17] [Render thread/WARN] (Minecraft) Ignoring player info update for unknown player 1eacfdb6-6850-3f6c-aa7c-8bd76292dd1a ([UPDATE_GAME_MODE])
[00:48:20] [Render thread/WARN] (Minecraft) Ignoring player info update for unknown player d9fef544-7309-34e7-ab70-739ef58d010c ([UPDATE_GAME_MODE])
[00:48:20] [Render thread/WARN] (Minecraft) Ignoring player info update for unknown player d9fef544-7309-34e7-ab70-739ef58d010c ([UPDATE_GAME_MODE])
[00:48:20] [Render thread/WARN] (Minecraft) Ignoring player info update for unknown player d9fef544-7309-34e7-ab70-739ef58d010c ([UPDATE_GAME_MODE])
[00:48:20] [Render thread/WARN] (Minecraft) Ignoring player info update for unknown player d9fef544-7309-34e7-ab70-739ef58d010c ([UPDATE_GAME_MODE])
[00:48:21] [Render thread/WARN] (Minecraft) Ignoring player info update for unknown player 325a2831-5255-3601-b47a-97bbae94a4c1 ([UPDATE_GAME_MODE])
[00:48:21] [Render thread/WARN] (Minecraft) Ignoring player info update for unknown player 325a2831-5255-3601-b47a-97bbae94a4c1 ([UPDATE_GAME_MODE])
[00:48:21] [Render thread/WARN] (Minecraft) Ignoring player info update for unknown player 325a2831-5255-3601-b47a-97bbae94a4c1 ([UPDATE_GAME_MODE])
[00:48:21] [Render thread/WARN] (Minecraft) Ignoring player info update for unknown player 325a2831-5255-3601-b47a-97bbae94a4c1 ([UPDATE_GAME_MODE])
[00:48:25] [Render thread/WARN] (Minecraft) Ignoring player info update for unknown player 4fc0ed7e-2454-3960-a16b-b0ae172bb6fa ([UPDATE_GAME_MODE])
[00:48:25] [Render thread/WARN] (Minecraft) Ignoring player info update for unknown player 4fc0ed7e-2454-3960-a16b-b0ae172bb6fa ([UPDATE_GAME_MODE])
[00:48:33] [Render thread/WARN] (Minecraft) Ignoring player info update for unknown player ee427e61-0297-3fe8-9b72-73d7dc2ade47 ([UPDATE_GAME_MODE])
[00:48:33] [Render thread/WARN] (Minecraft) Ignoring player info update for unknown player ee427e61-0297-3fe8-9b72-73d7dc2ade47 ([UPDATE_GAME_MODE])
[00:48:33] [Render thread/WARN] (Minecraft) Ignoring player info update for unknown player ee427e61-0297-3fe8-9b72-73d7dc2ade47 ([UPDATE_GAME_MODE])
[00:48:33] [Render thread/WARN] (Minecraft) Ignoring player info update for unknown player ee427e61-0297-3fe8-9b72-73d7dc2ade47 ([UPDATE_GAME_MODE])
[00:48:34] [Render thread/WARN] (Minecraft) Ignoring player info update for unknown player 8b379806-0269-3c08-938f-1fe96dc72151 ([UPDATE_GAME_MODE])
[00:48:34] [Render thread/WARN] (Minecraft) Ignoring player info update for unknown player 8b379806-0269-3c08-938f-1fe96dc72151 ([UPDATE_GAME_MODE])
[00:48:36] [Render thread/WARN] (Minecraft) Ignoring player info update for unknown player e26bea6e-a927-37e0-8f8d-088c42674756 ([UPDATE_GAME_MODE])
[00:48:36] [Render thread/WARN] (Minecraft) Ignoring player info update for unknown player e26bea6e-a927-37e0-8f8d-088c42674756 ([UPDATE_GAME_MODE])
[00:48:36] [Render thread/WARN] (Minecraft) Ignoring player info update for unknown player e26bea6e-a927-37e0-8f8d-088c42674756 ([UPDATE_GAME_MODE])
[00:48:36] [Render thread/WARN] (Minecraft) Ignoring player info update for unknown player e26bea6e-a927-37e0-8f8d-088c42674756 ([UPDATE_GAME_MODE])
[00:48:50] [Render thread/WARN] (Minecraft) Ignoring player info update for unknown player 1a3c7393-2f90-32d0-98f1-aef6eb35280d ([UPDATE_GAME_MODE])
[00:48:50] [Render thread/WARN] (Minecraft) Ignoring player info update for unknown player 1a3c7393-2f90-32d0-98f1-aef6eb35280d ([UPDATE_GAME_MODE])
[00:48:50] [Render thread/WARN] (Minecraft) Ignoring player info update for unknown player 1a3c7393-2f90-32d0-98f1-aef6eb35280d ([UPDATE_GAME_MODE])
[00:48:50] [Render thread/WARN] (Minecraft) Ignoring player info update for unknown player 1a3c7393-2f90-32d0-98f1-aef6eb35280d ([UPDATE_GAME_MODE])
[00:48:51] [Render thread/WARN] (Minecraft) Ignoring player info update for unknown player d8c311b1-bf7d-3876-a1fb-42be2d61aab8 ([UPDATE_GAME_MODE])
[00:48:51] [Render thread/WARN] (Minecraft) Ignoring player info update for unknown player d8c311b1-bf7d-3876-a1fb-42be2d61aab8 ([UPDATE_GAME_MODE])
[00:48:51] [Render thread/WARN] (Minecraft) Ignoring player info update for unknown player d8c311b1-bf7d-3876-a1fb-42be2d61aab8 ([UPDATE_GAME_MODE])
[00:48:51] [Render thread/WARN] (Minecraft) Ignoring player info update for unknown player d8c311b1-bf7d-3876-a1fb-42be2d61aab8 ([UPDATE_GAME_MODE])
[00:48:55] [Render thread/WARN] (Minecraft) Ignoring player info update for unknown player 8b0641f9-d27e-3dc2-a351-452f732e8de8 ([UPDATE_GAME_MODE])
[00:48:55] [Render thread/WARN] (Minecraft) Ignoring player info update for unknown player 8b0641f9-d27e-3dc2-a351-452f732e8de8 ([UPDATE_GAME_MODE])
[00:48:57] [Render thread/WARN] (Minecraft) Ignoring player info update for unknown player 1eacfdb6-6850-3f6c-aa7c-8bd76292dd1a ([UPDATE_GAME_MODE])
[00:48:57] [Render thread/WARN] (Minecraft) Ignoring player info update for unknown player 1eacfdb6-6850-3f6c-aa7c-8bd76292dd1a ([UPDATE_GAME_MODE])
[00:48:57] [Render thread/WARN] (Minecraft) Ignoring player info update for unknown player 1eacfdb6-6850-3f6c-aa7c-8bd76292dd1a ([UPDATE_GAME_MODE])
[00:48:57] [Render thread/WARN] (Minecraft) Ignoring player info update for unknown player 1eacfdb6-6850-3f6c-aa7c-8bd76292dd1a ([UPDATE_GAME_MODE])
[00:49:00] [Render thread/WARN] (Minecraft) Ignoring player info update for unknown player e3ac5de7-ce25-3a40-b7f7-3ed326542295 ([UPDATE_GAME_MODE])
[00:49:00] [Render thread/WARN] (Minecraft) Ignoring player info update for unknown player e3ac5de7-ce25-3a40-b7f7-3ed326542295 ([UPDATE_GAME_MODE])
[00:49:02] [Render thread/WARN] (Minecraft) Ignoring player info update for unknown player de9b0268-38d6-3d54-9f91-0bb58366e17c ([UPDATE_GAME_MODE])
[00:49:02] [Render thread/WARN] (Minecraft) Ignoring player info update for unknown player de9b0268-38d6-3d54-9f91-0bb58366e17c ([UPDATE_GAME_MODE])
[00:49:02] [Render thread/WARN] (Minecraft) Ignoring player info update for unknown player de9b0268-38d6-3d54-9f91-0bb58366e17c ([UPDATE_GAME_MODE])
[00:49:02] [Render thread/WARN] (Minecraft) Ignoring player info update for unknown player de9b0268-38d6-3d54-9f91-0bb58366e17c ([UPDATE_GAME_MODE])
[00:49:04] [Render thread/WARN] (Minecraft) Ignoring player info update for unknown player bb96777a-6d0c-33bd-bcf5-12e316b5d4a1 ([UPDATE_GAME_MODE])
[00:49:04] [Render thread/WARN] (Minecraft) Ignoring player info update for unknown player bb96777a-6d0c-33bd-bcf5-12e316b5d4a1 ([UPDATE_GAME_MODE])
[00:49:07] [Render thread/INFO] (Minecraft) [System] [CHAT] ╔
[00:49:07] [Render thread/INFO] (Minecraft) [System] [CHAT] ╠ Подписывайтесь на наш ТТ - tiktok.com/@spookytime_tt
[00:49:07] [Render thread/INFO] (Minecraft) [System] [CHAT] ╚
[00:49:09] [Render thread/WARN] (Minecraft) Ignoring player info update for unknown player 7e53307b-7d49-3090-8fb5-0ddaaac6a8b4 ([UPDATE_GAME_MODE])
[00:49:09] [Render thread/WARN] (Minecraft) Ignoring player info update for unknown player 7e53307b-7d49-3090-8fb5-0ddaaac6a8b4 ([UPDATE_GAME_MODE])
[00:49:09] [Render thread/WARN] (Minecraft) Ignoring player info update for unknown player 7e53307b-7d49-3090-8fb5-0ddaaac6a8b4 ([UPDATE_GAME_MODE])
[00:49:09] [Render thread/WARN] (Minecraft) Ignoring player info update for unknown player 7e53307b-7d49-3090-8fb5-0ddaaac6a8b4 ([UPDATE_GAME_MODE])
[00:49:11] [Render thread/WARN] (Minecraft) Ignoring player info update for unknown player 6a10ebf4-00db-32e2-b575-cfbe861225d8 ([UPDATE_GAME_MODE])
[00:49:11] [Render thread/WARN] (Minecraft) Ignoring player info update for unknown player 6a10ebf4-00db-32e2-b575-cfbe861225d8 ([UPDATE_GAME_MODE])
[00:49:11] [Render thread/WARN] (Minecraft) Ignoring player info update for unknown player d2c267ab-2dec-39c9-993f-ed22d6d36723 ([UPDATE_GAME_MODE])
[00:49:11] [Render thread/WARN] (Minecraft) Ignoring player info update for unknown player d2c267ab-2dec-39c9-993f-ed22d6d36723 ([UPDATE_GAME_MODE])
[00:49:13] [Render thread/WARN] (Minecraft) Ignoring player info update for unknown player cd7b39b4-f718-37aa-b74e-0e8ebfe6cd27 ([UPDATE_GAME_MODE])
[00:49:13] [Render thread/WARN] (Minecraft) Ignoring player info update for unknown player cd7b39b4-f718-37aa-b74e-0e8ebfe6cd27 ([UPDATE_GAME_MODE])
[00:49:13] [Render thread/WARN] (Minecraft) Ignoring player info update for unknown player cd7b39b4-f718-37aa-b74e-0e8ebfe6cd27 ([UPDATE_GAME_MODE])
[00:49:13] [Render thread/WARN] (Minecraft) Ignoring player info update for unknown player cd7b39b4-f718-37aa-b74e-0e8ebfe6cd27 ([UPDATE_GAME_MODE])
[00:49:14] [Render thread/WARN] (Minecraft) Ignoring player info update for unknown player 550fa294-74cb-3d00-bdc7-1d778546a136 ([UPDATE_GAME_MODE])
[00:49:14] [Render thread/WARN] (Minecraft) Ignoring player info update for unknown player 550fa294-74cb-3d00-bdc7-1d778546a136 ([UPDATE_GAME_MODE])
[00:49:14] [Render thread/WARN] (Minecraft) Ignoring player info update for unknown player 550fa294-74cb-3d00-bdc7-1d778546a136 ([UPDATE_GAME_MODE])
[00:49:14] [Render thread/WARN] (Minecraft) Ignoring player info update for unknown player 550fa294-74cb-3d00-bdc7-1d778546a136 ([UPDATE_GAME_MODE])
[00:49:23] [Render thread/WARN] (Minecraft) Ignoring player info update for unknown player 763f3cd6-2516-35b0-a9c6-20f04bda821e ([UPDATE_GAME_MODE])
[00:49:23] [Render thread/WARN] (Minecraft) Ignoring player info update for unknown player 763f3cd6-2516-35b0-a9c6-20f04bda821e ([UPDATE_GAME_MODE])
[00:49:23] [Render thread/WARN] (Minecraft) Ignoring player info update for unknown player 763f3cd6-2516-35b0-a9c6-20f04bda821e ([UPDATE_GAME_MODE])
[00:49:23] [Render thread/WARN] (Minecraft) Ignoring player info update for unknown player 763f3cd6-2516-35b0-a9c6-20f04bda821e ([UPDATE_GAME_MODE])
[00:49:23] [Render thread/WARN] (Minecraft) Ignoring player info update for unknown player 8b4d73aa-c7e4-3b9a-8b00-b870b5892f70 ([UPDATE_GAME_MODE])
[00:49:23] [Render thread/WARN] (Minecraft) Ignoring player info update for unknown player 8b4d73aa-c7e4-3b9a-8b00-b870b5892f70 ([UPDATE_GAME_MODE])
[00:49:25] [Render thread/WARN] (Minecraft) Ignoring player info update for unknown player 3daa0585-f83e-390e-bc16-bbee986c2f17 ([UPDATE_GAME_MODE])
[00:49:25] [Render thread/WARN] (Minecraft) Ignoring player info update for unknown player 3daa0585-f83e-390e-bc16-bbee986c2f17 ([UPDATE_GAME_MODE])
[00:49:25] [Render thread/WARN] (Minecraft) Ignoring player info update for unknown player 3daa0585-f83e-390e-bc16-bbee986c2f17 ([UPDATE_GAME_MODE])
[00:49:25] [Render thread/WARN] (Minecraft) Ignoring player info update for unknown player 3daa0585-f83e-390e-bc16-bbee986c2f17 ([UPDATE_GAME_MODE])
[00:49:29] [Render thread/WARN] (Minecraft) Ignoring player info update for unknown player 05a594f1-8166-3a78-b906-d4930411cf46 ([UPDATE_GAME_MODE])
[00:49:29] [Render thread/WARN] (Minecraft) Ignoring player info update for unknown player 05a594f1-8166-3a78-b906-d4930411cf46 ([UPDATE_GAME_MODE])
[00:49:29] [Render thread/WARN] (Minecraft) Ignoring player info update for unknown player 05a594f1-8166-3a78-b906-d4930411cf46 ([UPDATE_GAME_MODE])
[00:49:29] [Render thread/WARN] (Minecraft) Ignoring player info update for unknown player 05a594f1-8166-3a78-b906-d4930411cf46 ([UPDATE_GAME_MODE])
[00:49:33] [Render thread/WARN] (Minecraft) Ignoring player info update for unknown player f19072e4-c535-3bb1-9af6-8c49851d62ec ([UPDATE_GAME_MODE])
[00:49:33] [Render thread/WARN] (Minecraft) Ignoring player info update for unknown player f19072e4-c535-3bb1-9af6-8c49851d62ec ([UPDATE_GAME_MODE])
[00:49:34] [Render thread/WARN] (Minecraft) Ignoring player info update for unknown player eec54532-a611-3cc8-8e04-b511c3c47247 ([UPDATE_GAME_MODE])
[00:49:34] [Render thread/WARN] (Minecraft) Ignoring player info update for unknown player eec54532-a611-3cc8-8e04-b511c3c47247 ([UPDATE_GAME_MODE])
[00:49:34] [Render thread/WARN] (Minecraft) Ignoring player info update for unknown player eec54532-a611-3cc8-8e04-b511c3c47247 ([UPDATE_GAME_MODE])
[00:49:34] [Render thread/WARN] (Minecraft) Ignoring player info update for unknown player eec54532-a611-3cc8-8e04-b511c3c47247 ([UPDATE_GAME_MODE])
[00:49:35] [Render thread/WARN] (Minecraft) Ignoring player info update for unknown player 40f608a4-25aa-33e0-82a3-5930a7fe08df ([UPDATE_GAME_MODE])
[00:49:35] [Render thread/WARN] (Minecraft) Ignoring player info update for unknown player 40f608a4-25aa-33e0-82a3-5930a7fe08df ([UPDATE_GAME_MODE])
[00:49:43] [Render thread/WARN] (Minecraft) Ignoring player info update for unknown player 52ec92eb-1a3c-33f5-ac22-5778fcb4060a ([UPDATE_GAME_MODE])
[00:49:43] [Render thread/WARN] (Minecraft) Ignoring player info update for unknown player 52ec92eb-1a3c-33f5-ac22-5778fcb4060a ([UPDATE_GAME_MODE])
[00:49:43] [Render thread/WARN] (Minecraft) Ignoring player info update for unknown player 52ec92eb-1a3c-33f5-ac22-5778fcb4060a ([UPDATE_GAME_MODE])
[00:49:43] [Render thread/WARN] (Minecraft) Ignoring player info update for unknown player 52ec92eb-1a3c-33f5-ac22-5778fcb4060a ([UPDATE_GAME_MODE])
[00:49:46] [Render thread/WARN] (Minecraft) Ignoring player info update for unknown player f7aad1cc-432f-3200-8d5f-4ece1fa83c52 ([UPDATE_GAME_MODE])
[00:49:46] [Render thread/WARN] (Minecraft) Ignoring player info update for unknown player f7aad1cc-432f-3200-8d5f-4ece1fa83c52 ([UPDATE_GAME_MODE])
[00:49:46] [Render thread/WARN] (Minecraft) Ignoring player info update for unknown player f7aad1cc-432f-3200-8d5f-4ece1fa83c52 ([UPDATE_GAME_MODE])
[00:49:46] [Render thread/WARN] (Minecraft) Ignoring player info update for unknown player f7aad1cc-432f-3200-8d5f-4ece1fa83c52 ([UPDATE_GAME_MODE])
[00:49:49] [Render thread/WARN] (Minecraft) Ignoring player info update for unknown player ff690c51-4db2-3625-aa93-f6943626a9b2 ([UPDATE_GAME_MODE])
[00:49:49] [Render thread/WARN] (Minecraft) Ignoring player info update for unknown player ff690c51-4db2-3625-aa93-f6943626a9b2 ([UPDATE_GAME_MODE])
[00:49:49] [Render thread/WARN] (Minecraft) Ignoring player info update for unknown player ff690c51-4db2-3625-aa93-f6943626a9b2 ([UPDATE_GAME_MODE])
[00:49:49] [Render thread/WARN] (Minecraft) Ignoring player info update for unknown player ff690c51-4db2-3625-aa93-f6943626a9b2 ([UPDATE_GAME_MODE])
[00:49:56] [Render thread/WARN] (Minecraft) Ignoring player info update for unknown player 0111216a-e9ad-3858-b81e-1c8acb402271 ([UPDATE_GAME_MODE])
[00:49:56] [Render thread/WARN] (Minecraft) Ignoring player info update for unknown player 0111216a-e9ad-3858-b81e-1c8acb402271 ([UPDATE_GAME_MODE])
[00:49:56] [Render thread/WARN] (Minecraft) Ignoring player info update for unknown player 0111216a-e9ad-3858-b81e-1c8acb402271 ([UPDATE_GAME_MODE])
[00:49:56] [Render thread/WARN] (Minecraft) Ignoring player info update for unknown player 0111216a-e9ad-3858-b81e-1c8acb402271 ([UPDATE_GAME_MODE])
[00:49:59] [Render thread/WARN] (Minecraft) Ignoring player info update for unknown player f1f1217b-6a12-37b1-96fa-7a477470e855 ([UPDATE_GAME_MODE])
[00:49:59] [Render thread/WARN] (Minecraft) Ignoring player info update for unknown player f1f1217b-6a12-37b1-96fa-7a477470e855 ([UPDATE_GAME_MODE])
[00:49:59] [Render thread/WARN] (Minecraft) Ignoring player info update for unknown player f1f1217b-6a12-37b1-96fa-7a477470e855 ([UPDATE_GAME_MODE])
[00:49:59] [Render thread/WARN] (Minecraft) Ignoring player info update for unknown player f1f1217b-6a12-37b1-96fa-7a477470e855 ([UPDATE_GAME_MODE])
[00:49:59] [Render thread/WARN] (Minecraft) Ignoring player info update for unknown player 9dc03a77-bc0e-3ab7-b882-7a7dfc62762b ([UPDATE_GAME_MODE])
[00:49:59] [Render thread/WARN] (Minecraft) Ignoring player info update for unknown player 9dc03a77-bc0e-3ab7-b882-7a7dfc62762b ([UPDATE_GAME_MODE])
[00:49:59] [Render thread/WARN] (Minecraft) Ignoring player info update for unknown player 9dc03a77-bc0e-3ab7-b882-7a7dfc62762b ([UPDATE_GAME_MODE])
[00:49:59] [Render thread/WARN] (Minecraft) Ignoring player info update for unknown player 9dc03a77-bc0e-3ab7-b882-7a7dfc62762b ([UPDATE_GAME_MODE])
[00:50:01] [Render thread/WARN] (Minecraft) Ignoring player info update for unknown player 2ffd4eca-d493-3d76-b7fd-ee9415428031 ([UPDATE_GAME_MODE])
[00:50:01] [Render thread/WARN] (Minecraft) Ignoring player info update for unknown player 2ffd4eca-d493-3d76-b7fd-ee9415428031 ([UPDATE_GAME_MODE])
[00:50:10] [Render thread/WARN] (Minecraft) Ignoring player info update for unknown player e25d40bf-69e8-30f3-b7ac-2fe4357ea417 ([UPDATE_GAME_MODE])
[00:50:10] [Render thread/WARN] (Minecraft) Ignoring player info update for unknown player e25d40bf-69e8-30f3-b7ac-2fe4357ea417 ([UPDATE_GAME_MODE])
[00:50:10] [Render thread/WARN] (Minecraft) Ignoring player info update for unknown player e25d40bf-69e8-30f3-b7ac-2fe4357ea417 ([UPDATE_GAME_MODE])
[00:50:10] [Render thread/WARN] (Minecraft) Ignoring player info update for unknown player e25d40bf-69e8-30f3-b7ac-2fe4357ea417 ([UPDATE_GAME_MODE])
[00:50:11] [Render thread/WARN] (Minecraft) Ignoring player info update for unknown player 377c8d18-b795-304e-b57a-6c4f09580ec2 ([UPDATE_GAME_MODE])
[00:50:11] [Render thread/WARN] (Minecraft) Ignoring player info update for unknown player 377c8d18-b795-304e-b57a-6c4f09580ec2 ([UPDATE_GAME_MODE])
[00:50:11] [Render thread/WARN] (Minecraft) Ignoring player info update for unknown player 377c8d18-b795-304e-b57a-6c4f09580ec2 ([UPDATE_GAME_MODE])
[00:50:11] [Render thread/WARN] (Minecraft) Ignoring player info update for unknown player 377c8d18-b795-304e-b57a-6c4f09580ec2 ([UPDATE_GAME_MODE])
[00:50:11] [Render thread/WARN] (Minecraft) Ignoring player info update for unknown player fe660fcd-0cf0-3c48-9287-deb46b6f5b34 ([UPDATE_GAME_MODE])
[00:50:11] [Render thread/WARN] (Minecraft) Ignoring player info update for unknown player fe660fcd-0cf0-3c48-9287-deb46b6f5b34 ([UPDATE_GAME_MODE])
[00:50:11] [Render thread/WARN] (Minecraft) Ignoring player info update for unknown player 8b63ec87-98d5-361e-9165-eab836ca5b44 ([UPDATE_GAME_MODE])
[00:50:11] [Render thread/WARN] (Minecraft) Ignoring player info update for unknown player 8b63ec87-98d5-361e-9165-eab836ca5b44 ([UPDATE_GAME_MODE])
[00:50:12] [Render thread/WARN] (Minecraft) Ignoring player info update for unknown player 88818339-fcb0-36f5-b051-692828f4c9fb ([UPDATE_GAME_MODE])
[00:50:12] [Render thread/WARN] (Minecraft) Ignoring player info update for unknown player 88818339-fcb0-36f5-b051-692828f4c9fb ([UPDATE_GAME_MODE])
[00:50:12] [Render thread/WARN] (Minecraft) Ignoring player info update for unknown player 88818339-fcb0-36f5-b051-692828f4c9fb ([UPDATE_GAME_MODE])
[00:50:12] [Render thread/WARN] (Minecraft) Ignoring player info update for unknown player 88818339-fcb0-36f5-b051-692828f4c9fb ([UPDATE_GAME_MODE])
[00:50:14] [Render thread/WARN] (Minecraft) Ignoring player info update for unknown player 035a4911-205c-38ac-b7b5-b92563093711 ([UPDATE_GAME_MODE])
[00:50:14] [Render thread/WARN] (Minecraft) Ignoring player info update for unknown player 035a4911-205c-38ac-b7b5-b92563093711 ([UPDATE_GAME_MODE])
[00:50:20] [Render thread/WARN] (Minecraft) Ignoring player info update for unknown player 66ba5032-d6a5-363b-9c00-ce27c0123b8e ([UPDATE_GAME_MODE])
[00:50:20] [Render thread/WARN] (Minecraft) Ignoring player info update for unknown player 66ba5032-d6a5-363b-9c00-ce27c0123b8e ([UPDATE_GAME_MODE])
[00:50:24] [Render thread/WARN] (Minecraft) Ignoring player info update for unknown player bb8db0db-d67e-3636-9010-e648ecd56ab6 ([UPDATE_GAME_MODE])
[00:50:24] [Render thread/WARN] (Minecraft) Ignoring player info update for unknown player bb8db0db-d67e-3636-9010-e648ecd56ab6 ([UPDATE_GAME_MODE])
[00:50:30] [Render thread/WARN] (Minecraft) Ignoring player info update for unknown player 14a7fea7-5014-3a8c-add1-8e8e44e8e4fa ([UPDATE_GAME_MODE])
[00:50:30] [Render thread/WARN] (Minecraft) Ignoring player info update for unknown player 14a7fea7-5014-3a8c-add1-8e8e44e8e4fa ([UPDATE_GAME_MODE])
[00:50:30] [Render thread/WARN] (Minecraft) Ignoring player info update for unknown player 14a7fea7-5014-3a8c-add1-8e8e44e8e4fa ([UPDATE_GAME_MODE])
[00:50:30] [Render thread/WARN] (Minecraft) Ignoring player info update for unknown player 14a7fea7-5014-3a8c-add1-8e8e44e8e4fa ([UPDATE_GAME_MODE])
[00:50:30] [Render thread/WARN] (Minecraft) Ignoring player info update for unknown player dec0799f-da72-3372-834c-3935f4a5ae95 ([UPDATE_GAME_MODE])
[00:50:30] [Render thread/WARN] (Minecraft) Ignoring player info update for unknown player dec0799f-da72-3372-834c-3935f4a5ae95 ([UPDATE_GAME_MODE])
[00:50:31] [Render thread/WARN] (Minecraft) Ignoring player info update for unknown player b1b24c53-a3bb-3bed-9f13-391f9721b28e ([UPDATE_GAME_MODE])
[00:50:31] [Render thread/WARN] (Minecraft) Ignoring player info update for unknown player b1b24c53-a3bb-3bed-9f13-391f9721b28e ([UPDATE_GAME_MODE])
[00:50:36] [Render thread/WARN] (Minecraft) Ignoring player info update for unknown player 170d0561-bb8b-3919-af3d-ce23bd524d91 ([UPDATE_GAME_MODE])
[00:50:36] [Render thread/WARN] (Minecraft) Ignoring player info update for unknown player 170d0561-bb8b-3919-af3d-ce23bd524d91 ([UPDATE_GAME_MODE])
[00:50:36] [Render thread/WARN] (Minecraft) Ignoring player info update for unknown player 170d0561-bb8b-3919-af3d-ce23bd524d91 ([UPDATE_GAME_MODE])
[00:50:36] [Render thread/WARN] (Minecraft) Ignoring player info update for unknown player 170d0561-bb8b-3919-af3d-ce23bd524d91 ([UPDATE_GAME_MODE])
[00:50:37] [Render thread/INFO] (Minecraft) [System] [CHAT] ╔
[00:50:37] [Render thread/INFO] (Minecraft) [System] [CHAT] ╠ Мы есть в ДС - discord.gg/spookytime
[00:50:37] [Render thread/INFO] (Minecraft) [System] [CHAT] ╚
[00:50:37] [Render thread/WARN] (Minecraft) Ignoring player info update for unknown player 397e4fe1-6788-3169-ada8-36fed8c84c2b ([UPDATE_GAME_MODE])
[00:50:37] [Render thread/WARN] (Minecraft) Ignoring player info update for unknown player 397e4fe1-6788-3169-ada8-36fed8c84c2b ([UPDATE_GAME_MODE])
[00:50:37] [Render thread/WARN] (Minecraft) Ignoring player info update for unknown player 397e4fe1-6788-3169-ada8-36fed8c84c2b ([UPDATE_GAME_MODE])
[00:50:37] [Render thread/WARN] (Minecraft) Ignoring player info update for unknown player 397e4fe1-6788-3169-ada8-36fed8c84c2b ([UPDATE_GAME_MODE])
[00:50:41] [Render thread/WARN] (Minecraft) Ignoring player info update for unknown player d45a1e64-e0a1-3555-8950-1e04cab96882 ([UPDATE_GAME_MODE])
[00:50:41] [Render thread/WARN] (Minecraft) Ignoring player info update for unknown player d45a1e64-e0a1-3555-8950-1e04cab96882 ([UPDATE_GAME_MODE])
[00:50:41] [Render thread/WARN] (Minecraft) Ignoring player info update for unknown player d45a1e64-e0a1-3555-8950-1e04cab96882 ([UPDATE_GAME_MODE])
[00:50:41] [Render thread/WARN] (Minecraft) Ignoring player info update for unknown player d45a1e64-e0a1-3555-8950-1e04cab96882 ([UPDATE_GAME_MODE])
[00:50:44] [Render thread/WARN] (Minecraft) Ignoring player info update for unknown player 3c7b3c0b-0943-3b19-80d5-11aa977d5ae5 ([UPDATE_GAME_MODE])
[00:50:44] [Render thread/WARN] (Minecraft) Ignoring player info update for unknown player 3c7b3c0b-0943-3b19-80d5-11aa977d5ae5 ([UPDATE_GAME_MODE])
[00:50:48] [Render thread/WARN] (Minecraft) Ignoring player info update for unknown player 36db66f4-6dd7-357c-8aca-62399f7bb352 ([UPDATE_GAME_MODE])
[00:50:48] [Render thread/WARN] (Minecraft) Ignoring player info update for unknown player 36db66f4-6dd7-357c-8aca-62399f7bb352 ([UPDATE_GAME_MODE])
[00:50:49] [Render thread/WARN] (Minecraft) Ignoring player info update for unknown player 7c58718c-d853-3985-a21e-ece3c34d8a35 ([UPDATE_GAME_MODE])
[00:50:49] [Render thread/WARN] (Minecraft) Ignoring player info update for unknown player 7c58718c-d853-3985-a21e-ece3c34d8a35 ([UPDATE_GAME_MODE])
[00:50:53] [Render thread/WARN] (Minecraft) Ignoring player info update for unknown player cd7b39b4-f718-37aa-b74e-0e8ebfe6cd27 ([UPDATE_GAME_MODE])
[00:50:53] [Render thread/WARN] (Minecraft) Ignoring player info update for unknown player cd7b39b4-f718-37aa-b74e-0e8ebfe6cd27 ([UPDATE_GAME_MODE])
[00:50:53] [Render thread/WARN] (Minecraft) Ignoring player info update for unknown player cd7b39b4-f718-37aa-b74e-0e8ebfe6cd27 ([UPDATE_GAME_MODE])
[00:50:53] [Render thread/WARN] (Minecraft) Ignoring player info update for unknown player cd7b39b4-f718-37aa-b74e-0e8ebfe6cd27 ([UPDATE_GAME_MODE])
[00:51:04] [Render thread/WARN] (Minecraft) Ignoring player info update for unknown player 0a822f1e-b876-38fe-9fba-018a21d16ab5 ([UPDATE_GAME_MODE])
[00:51:04] [Render thread/WARN] (Minecraft) Ignoring player info update for unknown player 0a822f1e-b876-38fe-9fba-018a21d16ab5 ([UPDATE_GAME_MODE])
[00:51:04] [Render thread/WARN] (Minecraft) Ignoring player info update for unknown player 0a822f1e-b876-38fe-9fba-018a21d16ab5 ([UPDATE_GAME_MODE])
[00:51:04] [Render thread/WARN] (Minecraft) Ignoring player info update for unknown player 0a822f1e-b876-38fe-9fba-018a21d16ab5 ([UPDATE_GAME_MODE])
[00:51:05] [Render thread/WARN] (Minecraft) Ignoring player info update for unknown player c9c5d4e2-8d1f-399e-a241-3afc8d0d4fd1 ([UPDATE_GAME_MODE])
[00:51:05] [Render thread/WARN] (Minecraft) Ignoring player info update for unknown player c9c5d4e2-8d1f-399e-a241-3afc8d0d4fd1 ([UPDATE_GAME_MODE])
[00:51:06] [Render thread/WARN] (Minecraft) Ignoring player info update for unknown player cb9f6974-26fa-37f0-b518-504158dd6467 ([UPDATE_GAME_MODE])
[00:51:06] [Render thread/WARN] (Minecraft) Ignoring player info update for unknown player cb9f6974-26fa-37f0-b518-504158dd6467 ([UPDATE_GAME_MODE])
[00:51:12] [Render thread/WARN] (Minecraft) Ignoring player info update for unknown player 8b0641f9-d27e-3dc2-a351-452f732e8de8 ([UPDATE_GAME_MODE])
[00:51:12] [Render thread/WARN] (Minecraft) Ignoring player info update for unknown player 8b0641f9-d27e-3dc2-a351-452f732e8de8 ([UPDATE_GAME_MODE])
[00:51:12] [Render thread/WARN] (Minecraft) Ignoring player info update for unknown player 8b0641f9-d27e-3dc2-a351-452f732e8de8 ([UPDATE_GAME_MODE])
[00:51:12] [Render thread/WARN] (Minecraft) Ignoring player info update for unknown player 8b0641f9-d27e-3dc2-a351-452f732e8de8 ([UPDATE_GAME_MODE])
[00:51:15] [Render thread/WARN] (Minecraft) Ignoring player info update for unknown player 9d39492d-f554-395b-90a8-927263b14554 ([UPDATE_GAME_MODE])
[00:51:15] [Render thread/WARN] (Minecraft) Ignoring player info update for unknown player 9d39492d-f554-395b-90a8-927263b14554 ([UPDATE_GAME_MODE])
[00:51:15] [Render thread/WARN] (Minecraft) Ignoring player info update for unknown player 9d39492d-f554-395b-90a8-927263b14554 ([UPDATE_GAME_MODE])
[00:51:15] [Render thread/WARN] (Minecraft) Ignoring player info update for unknown player 9d39492d-f554-395b-90a8-927263b14554 ([UPDATE_GAME_MODE])
[00:51:16] [Render thread/WARN] (Minecraft) Ignoring player info update for unknown player efc78c52-5e50-378e-9c15-b0417e5c1b58 ([UPDATE_GAME_MODE])
[00:51:16] [Render thread/WARN] (Minecraft) Ignoring player info update for unknown player efc78c52-5e50-378e-9c15-b0417e5c1b58 ([UPDATE_GAME_MODE])
[00:51:16] [Render thread/WARN] (Minecraft) Ignoring player info update for unknown player efc78c52-5e50-378e-9c15-b0417e5c1b58 ([UPDATE_GAME_MODE])
[00:51:16] [Render thread/WARN] (Minecraft) Ignoring player info update for unknown player efc78c52-5e50-378e-9c15-b0417e5c1b58 ([UPDATE_GAME_MODE])
[00:51:17] [Render thread/WARN] (Minecraft) Ignoring player info update for unknown player 40bb6958-a68b-3be5-baf9-386eb1e54c67 ([UPDATE_GAME_MODE])
[00:51:17] [Render thread/WARN] (Minecraft) Ignoring player info update for unknown player 40bb6958-a68b-3be5-baf9-386eb1e54c67 ([UPDATE_GAME_MODE])
[00:51:17] [Render thread/WARN] (Minecraft) Ignoring player info update for unknown player 3124d0d2-e61a-3f7b-b237-1d7d47e46f26 ([UPDATE_GAME_MODE])
[00:51:17] [Render thread/WARN] (Minecraft) Ignoring player info update for unknown player 3124d0d2-e61a-3f7b-b237-1d7d47e46f26 ([UPDATE_GAME_MODE])
[00:51:21] [Render thread/WARN] (Minecraft) Ignoring player info update for unknown player efc78c52-5e50-378e-9c15-b0417e5c1b58 ([UPDATE_GAME_MODE])
[00:51:21] [Render thread/WARN] (Minecraft) Ignoring player info update for unknown player efc78c52-5e50-378e-9c15-b0417e5c1b58 ([UPDATE_GAME_MODE])
[00:51:21] [Render thread/WARN] (Minecraft) Ignoring player info update for unknown player efc78c52-5e50-378e-9c15-b0417e5c1b58 ([UPDATE_GAME_MODE])
[00:51:21] [Render thread/WARN] (Minecraft) Ignoring player info update for unknown player efc78c52-5e50-378e-9c15-b0417e5c1b58 ([UPDATE_GAME_MODE])
[00:51:27] [Render thread/WARN] (Minecraft) Ignoring player info update for unknown player 7808b36e-0471-3c32-a835-9fdf4ec47057 ([UPDATE_GAME_MODE])
[00:51:27] [Render thread/WARN] (Minecraft) Ignoring player info update for unknown player 7808b36e-0471-3c32-a835-9fdf4ec47057 ([UPDATE_GAME_MODE])
[00:51:30] [Render thread/INFO] (Minecraft) [System] [CHAT] Ⓖ [ɢᴜᴀʀᴅɪᴀɴ] whathas ⇨ gg
[00:51:34] [Render thread/INFO] (Minecraft) [System] [CHAT] Ⓖ [ɢᴜᴀʀᴅɪᴀɴ] whathas ⇨ xddddddddd
[00:51:39] [Render thread/WARN] (Minecraft) Ignoring player info update for unknown player 23c4e5ab-3466-3502-876c-ba2876424a29 ([UPDATE_GAME_MODE])
[00:51:39] [Render thread/WARN] (Minecraft) Ignoring player info update for unknown player 23c4e5ab-3466-3502-876c-ba2876424a29 ([UPDATE_GAME_MODE])
[00:51:42] [Render thread/WARN] (Minecraft) Ignoring player info update for unknown player 25e05cf2-9207-372a-a761-4c763c846ed8 ([UPDATE_GAME_MODE])
[00:51:42] [Render thread/WARN] (Minecraft) Ignoring player info update for unknown player 25e05cf2-9207-372a-a761-4c763c846ed8 ([UPDATE_GAME_MODE])
[00:51:42] [Render thread/WARN] (Minecraft) Ignoring player info update for unknown player 2dc1f945-cd3a-34c5-872e-5f2be453339f ([UPDATE_GAME_MODE])
[00:51:42] [Render thread/WARN] (Minecraft) Ignoring player info update for unknown player 2dc1f945-cd3a-34c5-872e-5f2be453339f ([UPDATE_GAME_MODE])
[00:51:43] [Render thread/WARN] (Minecraft) Ignoring player info update for unknown player 29358ca3-9028-35b9-b052-de40b63f9608 ([UPDATE_GAME_MODE])
[00:51:43] [Render thread/WARN] (Minecraft) Ignoring player info update for unknown player 29358ca3-9028-35b9-b052-de40b63f9608 ([UPDATE_GAME_MODE])
[00:51:43] [Render thread/WARN] (Minecraft) Ignoring player info update for unknown player fb5a3b91-4384-346f-b94d-6c73de340507 ([UPDATE_GAME_MODE])
[00:51:43] [Render thread/WARN] (Minecraft) Ignoring player info update for unknown player fb5a3b91-4384-346f-b94d-6c73de340507 ([UPDATE_GAME_MODE])
[00:51:43] [Render thread/WARN] (Minecraft) Ignoring player info update for unknown player fb5a3b91-4384-346f-b94d-6c73de340507 ([UPDATE_GAME_MODE])
[00:51:43] [Render thread/WARN] (Minecraft) Ignoring player info update for unknown player fb5a3b91-4384-346f-b94d-6c73de340507 ([UPDATE_GAME_MODE])
[00:51:47] [Render thread/WARN] (Minecraft) Ignoring player info update for unknown player 8984487a-417e-368b-aa8c-9fa6f562d385 ([UPDATE_GAME_MODE])
[00:51:47] [Render thread/WARN] (Minecraft) Ignoring player info update for unknown player 8984487a-417e-368b-aa8c-9fa6f562d385 ([UPDATE_GAME_MODE])
[00:51:47] [Render thread/WARN] (Minecraft) Ignoring player info update for unknown player 7b9ba0e7-f29b-3fdb-998c-dcf750b847b4 ([UPDATE_GAME_MODE])
[00:51:47] [Render thread/WARN] (Minecraft) Ignoring player info update for unknown player 7b9ba0e7-f29b-3fdb-998c-dcf750b847b4 ([UPDATE_GAME_MODE])
[00:51:47] [Render thread/WARN] (Minecraft) Ignoring player info update for unknown player 7b9ba0e7-f29b-3fdb-998c-dcf750b847b4 ([UPDATE_GAME_MODE])
[00:51:47] [Render thread/WARN] (Minecraft) Ignoring player info update for unknown player 7b9ba0e7-f29b-3fdb-998c-dcf750b847b4 ([UPDATE_GAME_MODE])
[00:51:55] [Render thread/WARN] (Minecraft) Ignoring player info update for unknown player 286cffc0-1020-38fd-82eb-ab69eb64e5c2 ([UPDATE_GAME_MODE])
[00:51:55] [Render thread/WARN] (Minecraft) Ignoring player info update for unknown player 286cffc0-1020-38fd-82eb-ab69eb64e5c2 ([UPDATE_GAME_MODE])
[00:51:55] [Render thread/WARN] (Minecraft) Ignoring player info update for unknown player 286cffc0-1020-38fd-82eb-ab69eb64e5c2 ([UPDATE_GAME_MODE])
[00:51:55] [Render thread/WARN] (Minecraft) Ignoring player info update for unknown player 286cffc0-1020-38fd-82eb-ab69eb64e5c2 ([UPDATE_GAME_MODE])
[00:51:56] [Render thread/INFO] (Minecraft) [System] [CHAT] Ⓖ [Игрок] tookitov ⇨ уууууу чувак ты без моего конфига!!!!
[00:52:04] [Render thread/INFO] (Minecraft) [System] [CHAT] Ⓖ [ᴋɴɪɢʜᴛ] Fergekreal1 WIN ⇨ ZXC3clq get good get d3buda ds 999boish
[00:52:06] [Render thread/WARN] (Minecraft) Ignoring player info update for unknown player f4de6056-ce42-33f8-905b-2a226b6b3ef2 ([UPDATE_GAME_MODE])
[00:52:06] [Render thread/WARN] (Minecraft) Ignoring player info update for unknown player f4de6056-ce42-33f8-905b-2a226b6b3ef2 ([UPDATE_GAME_MODE])
[00:52:06] [Render thread/WARN] (Minecraft) Ignoring player info update for unknown player f4de6056-ce42-33f8-905b-2a226b6b3ef2 ([UPDATE_GAME_MODE])
[00:52:06] [Render thread/WARN] (Minecraft) Ignoring player info update for unknown player f4de6056-ce42-33f8-905b-2a226b6b3ef2 ([UPDATE_GAME_MODE])
[00:52:07] [Render thread/INFO] (Minecraft) [System] [CHAT] ╔
[00:52:07] [Render thread/INFO] (Minecraft) [System] [CHAT] ╠       ! НАБОР В КОМАНДУ ПРОЕКТА !
[00:52:07] [Render thread/INFO] (Minecraft) [System] [CHAT] ╠ Открыт осенний набор в Команду Проекта
[00:52:07] [Render thread/INFO] (Minecraft) [System] [CHAT] ╠ Давай бороться с читерами вместе!
[00:52:07] [Render thread/INFO] (Minecraft) [System] [CHAT] ╠ Подавай заявку и ты: vk.cc/cCSS5u
[00:52:07] [Render thread/INFO] (Minecraft) [System] [CHAT] ╚
[00:52:09] [Render thread/INFO] (Minecraft) [System] [CHAT] Ⓖ [Игрок] tookitov ⇨ на худший чит .!.
[00:52:09] [Render thread/WARN] (Minecraft) Ignoring player info update for unknown player 1d8485c2-4efa-31e1-9d53-687acef88ee2 ([UPDATE_GAME_MODE])
[00:52:09] [Render thread/WARN] (Minecraft) Ignoring player info update for unknown player 1d8485c2-4efa-31e1-9d53-687acef88ee2 ([UPDATE_GAME_MODE])
[00:52:16] [Render thread/WARN] (Minecraft) Ignoring player info update for unknown player 5e310e36-29c7-3668-9ef4-153e1b779dfd ([UPDATE_GAME_MODE])
[00:52:16] [Render thread/WARN] (Minecraft) Ignoring player info update for unknown player 5e310e36-29c7-3668-9ef4-153e1b779dfd ([UPDATE_GAME_MODE])
[00:52:17] [Render thread/WARN] (Minecraft) Ignoring player info update for unknown player a6df2495-60f6-3f3d-9e0d-d563781500cf ([UPDATE_GAME_MODE])
[00:52:17] [Render thread/WARN] (Minecraft) Ignoring player info update for unknown player a6df2495-60f6-3f3d-9e0d-d563781500cf ([UPDATE_GAME_MODE])
[00:52:21] [Render thread/WARN] (Minecraft) Ignoring player info update for unknown player 6e75b003-84ee-3a0d-9bc7-1056c94a3ca2 ([UPDATE_GAME_MODE])
[00:52:21] [Render thread/WARN] (Minecraft) Ignoring player info update for unknown player 6e75b003-84ee-3a0d-9bc7-1056c94a3ca2 ([UPDATE_GAME_MODE])
[00:52:21] [Render thread/WARN] (Minecraft) Ignoring player info update for unknown player 6e75b003-84ee-3a0d-9bc7-1056c94a3ca2 ([UPDATE_GAME_MODE])
[00:52:21] [Render thread/WARN] (Minecraft) Ignoring player info update for unknown player 6e75b003-84ee-3a0d-9bc7-1056c94a3ca2 ([UPDATE_GAME_MODE])
[00:52:30] [Render thread/INFO] (Minecraft) [System] [CHAT] Ⓖ [Игрок] Lunar6209 ⇨ squiexa333 -ezz потух в 2к26году бро, дс c803amnoy
[00:52:32] [Render thread/WARN] (Minecraft) Ignoring player info update for unknown player 88a54055-b243-3447-99dd-0409eede13a9 ([UPDATE_GAME_MODE])
[00:52:32] [Render thread/WARN] (Minecraft) Ignoring player info update for unknown player 88a54055-b243-3447-99dd-0409eede13a9 ([UPDATE_GAME_MODE])
[00:52:32] [Render thread/WARN] (Minecraft) Ignoring player info update for unknown player 88a54055-b243-3447-99dd-0409eede13a9 ([UPDATE_GAME_MODE])
[00:52:32] [Render thread/WARN] (Minecraft) Ignoring player info update for unknown player 88a54055-b243-3447-99dd-0409eede13a9 ([UPDATE_GAME_MODE])
[00:52:33] [Render thread/WARN] (Minecraft) Ignoring player info update for unknown player c47b1b88-ad5d-39fd-a124-412f51466345 ([UPDATE_GAME_MODE])
[00:52:33] [Render thread/WARN] (Minecraft) Ignoring player info update for unknown player c47b1b88-ad5d-39fd-a124-412f51466345 ([UPDATE_GAME_MODE])
[00:52:34] [Render thread/INFO] (Minecraft) [System] [CHAT] Ⓛ [Игрок] Galaktika_stee67 ⇨ какой вообще лучший чит без минусов
[00:52:42] [Render thread/WARN] (Minecraft) Ignoring player info update for unknown player 325a2831-5255-3601-b47a-97bbae94a4c1 ([UPDATE_GAME_MODE])
[00:52:42] [Render thread/WARN] (Minecraft) Ignoring player info update for unknown player 325a2831-5255-3601-b47a-97bbae94a4c1 ([UPDATE_GAME_MODE])
[00:52:42] [Render thread/WARN] (Minecraft) Ignoring player info update for unknown player 325a2831-5255-3601-b47a-97bbae94a4c1 ([UPDATE_GAME_MODE])
[00:52:42] [Render thread/WARN] (Minecraft) Ignoring player info update for unknown player 325a2831-5255-3601-b47a-97bbae94a4c1 ([UPDATE_GAME_MODE])
[00:52:46] [Render thread/WARN] (Minecraft) Ignoring player info update for unknown player 998a6136-9a07-3d76-b7f7-f465d4ffd68f ([UPDATE_GAME_MODE])
[00:52:46] [Render thread/WARN] (Minecraft) Ignoring player info update for unknown player 998a6136-9a07-3d76-b7f7-f465d4ffd68f ([UPDATE_GAME_MODE])
[00:52:46] [Render thread/WARN] (Minecraft) Ignoring player info update for unknown player 998a6136-9a07-3d76-b7f7-f465d4ffd68f ([UPDATE_GAME_MODE])
[00:52:46] [Render thread/WARN] (Minecraft) Ignoring player info update for unknown player 998a6136-9a07-3d76-b7f7-f465d4ffd68f ([UPDATE_GAME_MODE])
[00:52:47] [Render thread/INFO] (Minecraft) [System] [CHAT] Ⓛ [Игрок] Nikob3ck ⇨ delux
[00:52:48] [Render thread/INFO] (Minecraft) [System] [CHAT] Ⓛ [Игрок] Lunar6209 ⇨ винстон
[00:52:51] [Render thread/INFO] (Minecraft) [System] [CHAT] Ⓛ [ɢᴏᴅ] Snippa2012 ⇨ нету таких
[00:52:53] [Render thread/WARN] (Minecraft) Ignoring player info update for unknown player eae77944-7b8a-3c9a-863d-c8fc03fb1825 ([UPDATE_GAME_MODE])
[00:52:53] [Render thread/WARN] (Minecraft) Ignoring player info update for unknown player eae77944-7b8a-3c9a-863d-c8fc03fb1825 ([UPDATE_GAME_MODE])
[00:52:54] [Render thread/WARN] (Minecraft) Ignoring player info update for unknown player 770f4ed4-2988-3373-b93f-ac0ee7d744f2 ([UPDATE_GAME_MODE])
[00:52:54] [Render thread/WARN] (Minecraft) Ignoring player info update for unknown player 770f4ed4-2988-3373-b93f-ac0ee7d744f2 ([UPDATE_GAME_MODE])
[00:52:54] [Render thread/WARN] (Minecraft) Ignoring player info update for unknown player 770f4ed4-2988-3373-b93f-ac0ee7d744f2 ([UPDATE_GAME_MODE])
[00:52:54] [Render thread/WARN] (Minecraft) Ignoring player info update for unknown player 770f4ed4-2988-3373-b93f-ac0ee7d744f2 ([UPDATE_GAME_MODE])
[00:52:56] [Render thread/INFO] (Minecraft) [System] [CHAT] Ⓖ [Игрок] tookitov ⇨ уууууу чувак ты без моего конфига!!!!
[00:52:56] [Render thread/WARN] (Minecraft) Ignoring player info update for unknown player 559adf52-11e4-3659-a732-69fc07c44cbb ([UPDATE_GAME_MODE])
[00:52:56] [Render thread/WARN] (Minecraft) Ignoring player info update for unknown player 559adf52-11e4-3659-a732-69fc07c44cbb ([UPDATE_GAME_MODE])
[00:52:56] [Render thread/WARN] (Minecraft) Ignoring player info update for unknown player 559adf52-11e4-3659-a732-69fc07c44cbb ([UPDATE_GAME_MODE])
[00:52:56] [Render thread/WARN] (Minecraft) Ignoring player info update for unknown player 559adf52-11e4-3659-a732-69fc07c44cbb ([UPDATE_GAME_MODE])
[00:52:57] [Render thread/INFO] (Minecraft) [System] [CHAT] Ⓛ [ᴋɴɪɢʜᴛ] AbbbbbbAbbbbb_67 ⇨ катлаван
[00:52:57] [Render thread/INFO] (Minecraft) [System] [CHAT] Ⓛ [Игрок] Lunar6209 ⇨ винстон але
[00:53:02] [Render thread/INFO] (Minecraft) [System] [CHAT] Ⓛ [ɢᴏᴅ] Snippa2012 ⇨ все банятся
[00:53:06] [Render thread/WARN] (Minecraft) Ignoring player info update for unknown player 29002ca4-1bcb-3ef1-ae4b-67a43aa3b04d ([UPDATE_GAME_MODE])
[00:53:06] [Render thread/WARN] (Minecraft) Ignoring player info update for unknown player 29002ca4-1bcb-3ef1-ae4b-67a43aa3b04d ([UPDATE_GAME_MODE])
[00:53:06] [Render thread/WARN] (Minecraft) Ignoring player info update for unknown player 29002ca4-1bcb-3ef1-ae4b-67a43aa3b04d ([UPDATE_GAME_MODE])
[00:53:06] [Render thread/WARN] (Minecraft) Ignoring player info update for unknown player 29002ca4-1bcb-3ef1-ae4b-67a43aa3b04d ([UPDATE_GAME_MODE])
[00:53:13] [Render thread/WARN] (Minecraft) Ignoring player info update for unknown player ff690c51-4db2-3625-aa93-f6943626a9b2 ([UPDATE_GAME_MODE])
[00:53:13] [Render thread/WARN] (Minecraft) Ignoring player info update for unknown player ff690c51-4db2-3625-aa93-f6943626a9b2 ([UPDATE_GAME_MODE])
[00:53:13] [Render thread/WARN] (Minecraft) Ignoring player info update for unknown player ff690c51-4db2-3625-aa93-f6943626a9b2 ([UPDATE_GAME_MODE])
[00:53:13] [Render thread/WARN] (Minecraft) Ignoring player info update for unknown player ff690c51-4db2-3625-aa93-f6943626a9b2 ([UPDATE_GAME_MODE])
[00:53:20] [Render thread/INFO] (Minecraft) [System] [CHAT] Ⓛ [ɢᴏᴅ] ZDOXOTPEREDOZA HARD ⇨ люстерия не банится
[00:53:21] [Render thread/WARN] (Minecraft) Ignoring player info update for unknown player c93d9d84-8023-36ee-9c60-d2ec2276eac1 ([UPDATE_GAME_MODE])
[00:53:21] [Render thread/WARN] (Minecraft) Ignoring player info update for unknown player c93d9d84-8023-36ee-9c60-d2ec2276eac1 ([UPDATE_GAME_MODE])
[00:53:21] [Render thread/WARN] (Minecraft) Ignoring player info update for unknown player c93d9d84-8023-36ee-9c60-d2ec2276eac1 ([UPDATE_GAME_MODE])
[00:53:21] [Render thread/WARN] (Minecraft) Ignoring player info update for unknown player c93d9d84-8023-36ee-9c60-d2ec2276eac1 ([UPDATE_GAME_MODE])
[00:53:22] [Render thread/INFO] (Minecraft) [System] [CHAT] Ⓛ [Игрок] Lunar6209 ⇨ snippa2012 пошли 1х1
[00:53:23] [Render thread/WARN] (Minecraft) Ignoring player info update for unknown player 5f08d4ab-b8e3-301c-b8d4-7704d262b933 ([UPDATE_GAME_MODE])
[00:53:23] [Render thread/WARN] (Minecraft) Ignoring player info update for unknown player 5f08d4ab-b8e3-301c-b8d4-7704d262b933 ([UPDATE_GAME_MODE])
[00:53:26] [Render thread/WARN] (Minecraft) Ignoring player info update for unknown player b5952dae-d7ce-3fed-b712-5f1a49bed593 ([UPDATE_GAME_MODE])
[00:53:26] [Render thread/WARN] (Minecraft) Ignoring player info update for unknown player b5952dae-d7ce-3fed-b712-5f1a49bed593 ([UPDATE_GAME_MODE])
[00:53:26] [Render thread/WARN] (Minecraft) Ignoring player info update for unknown player b5952dae-d7ce-3fed-b712-5f1a49bed593 ([UPDATE_GAME_MODE])
[00:53:26] [Render thread/WARN] (Minecraft) Ignoring player info update for unknown player b5952dae-d7ce-3fed-b712-5f1a49bed593 ([UPDATE_GAME_MODE])
[00:53:29] [Render thread/WARN] (Minecraft) Ignoring player info update for unknown player 7c7389a3-22b3-3806-9f32-464cfe2ebc5c ([UPDATE_GAME_MODE])
[00:53:29] [Render thread/WARN] (Minecraft) Ignoring player info update for unknown player 7c7389a3-22b3-3806-9f32-464cfe2ebc5c ([UPDATE_GAME_MODE])
[00:53:31] [Render thread/INFO] (Minecraft) [System] [CHAT] Ⓛ [Игрок] Lunar6209 ⇨ я с винстоном он топ
[00:53:32] [Render thread/INFO] (Minecraft) [System] [CHAT] Ⓛ [ɢᴏᴅ] Snippa2012 ⇨ не
[00:53:34] [Render thread/WARN] (Minecraft) Ignoring player info update for unknown player 3c8ee264-5f87-3c27-9ad9-47f5739f8b66 ([UPDATE_GAME_MODE])
[00:53:34] [Render thread/WARN] (Minecraft) Ignoring player info update for unknown player 3c8ee264-5f87-3c27-9ad9-47f5739f8b66 ([UPDATE_GAME_MODE])
[00:53:34] [Render thread/WARN] (Minecraft) Ignoring player info update for unknown player b158a44b-89a5-3a8e-ab03-0582ec94b00b ([UPDATE_GAME_MODE])
[00:53:34] [Render thread/WARN] (Minecraft) Ignoring player info update for unknown player b158a44b-89a5-3a8e-ab03-0582ec94b00b ([UPDATE_GAME_MODE])
[00:53:37] [Render thread/INFO] (Minecraft) [System] [CHAT] ╔
[00:53:37] [Render thread/INFO] (Minecraft) [System] [CHAT] ╠ Подписывайтесь на наш ТГ - telegram.me/spookytimenet
[00:53:37] [Render thread/INFO] (Minecraft) [System] [CHAT] ╚
[00:53:40] [Render thread/INFO] (Minecraft) [System] [CHAT] Ⓛ [Игрок] tookitov ⇨ да братуха
[00:53:40] [Render thread/INFO] (Minecraft) [System] [CHAT] Ⓖ [Игрок] Lunar6209 ⇨ 4 блока бупасэ
[00:53:44] [Render thread/WARN] (Minecraft) Ignoring player info update for unknown player 40f608a4-25aa-33e0-82a3-5930a7fe08df ([UPDATE_GAME_MODE])
[00:53:44] [Render thread/WARN] (Minecraft) Ignoring player info update for unknown player 40f608a4-25aa-33e0-82a3-5930a7fe08df ([UPDATE_GAME_MODE])
[00:53:44] [Render thread/WARN] (Minecraft) Ignoring player info update for unknown player 40f608a4-25aa-33e0-82a3-5930a7fe08df ([UPDATE_GAME_MODE])
[00:53:44] [Render thread/WARN] (Minecraft) Ignoring player info update for unknown player 40f608a4-25aa-33e0-82a3-5930a7fe08df ([UPDATE_GAME_MODE])
[00:53:46] [Render thread/INFO] (Minecraft) [System] [CHAT] Ⓛ [Игрок] tookitov ⇨ именно моя килка не банится
[00:53:48] [Render thread/INFO] (Minecraft) [System] [CHAT] Ⓖ [Игрок] turkizmlox ⇨ уя
[00:53:48] [Render thread/WARN] (Minecraft) Ignoring player info update for unknown player 3e1c5bb0-b9bd-3f7c-b92d-8c931143bd79 ([UPDATE_GAME_MODE])
[00:53:48] [Render thread/WARN] (Minecraft) Ignoring player info update for unknown player 3e1c5bb0-b9bd-3f7c-b92d-8c931143bd79 ([UPDATE_GAME_MODE])
[00:53:48] [Render thread/WARN] (Minecraft) Ignoring player info update for unknown player 3e1c5bb0-b9bd-3f7c-b92d-8c931143bd79 ([UPDATE_GAME_MODE])
[00:53:48] [Render thread/WARN] (Minecraft) Ignoring player info update for unknown player 3e1c5bb0-b9bd-3f7c-b92d-8c931143bd79 ([UPDATE_GAME_MODE])
[00:53:49] [Render thread/WARN] (Minecraft) Ignoring player info update for unknown player 40f608a4-25aa-33e0-82a3-5930a7fe08df ([UPDATE_GAME_MODE])
[00:53:49] [Render thread/WARN] (Minecraft) Ignoring player info update for unknown player 40f608a4-25aa-33e0-82a3-5930a7fe08df ([UPDATE_GAME_MODE])
[00:53:49] [Render thread/WARN] (Minecraft) Ignoring player info update for unknown player 40f608a4-25aa-33e0-82a3-5930a7fe08df ([UPDATE_GAME_MODE])
[00:53:49] [Render thread/WARN] (Minecraft) Ignoring player info update for unknown player 40f608a4-25aa-33e0-82a3-5930a7fe08df ([UPDATE_GAME_MODE])
[00:53:50] [Render thread/INFO] (Minecraft) [System] [CHAT] Ⓖ [Игрок] turkizmlox ⇨ ez
[00:53:51] [Render thread/WARN] (Minecraft) Ignoring player info update for unknown player bf28680c-34a3-32ce-b50a-89ae3ba7d8b3 ([UPDATE_GAME_MODE])
[00:53:51] [Render thread/WARN] (Minecraft) Ignoring player info update for unknown player bf28680c-34a3-32ce-b50a-89ae3ba7d8b3 ([UPDATE_GAME_MODE])
[00:53:51] [Render thread/WARN] (Minecraft) Ignoring player info update for unknown player bf28680c-34a3-32ce-b50a-89ae3ba7d8b3 ([UPDATE_GAME_MODE])
[00:53:51] [Render thread/WARN] (Minecraft) Ignoring player info update for unknown player bf28680c-34a3-32ce-b50a-89ae3ba7d8b3 ([UPDATE_GAME_MODE])
[00:53:59] [Render thread/WARN] (Minecraft) Ignoring player info update for unknown player 87274281-9380-35a2-81e0-d674a7beb8f5 ([UPDATE_GAME_MODE])
[00:53:59] [Render thread/WARN] (Minecraft) Ignoring player info update for unknown player 87274281-9380-35a2-81e0-d674a7beb8f5 ([UPDATE_GAME_MODE])
[00:53:59] [Render thread/WARN] (Minecraft) Ignoring player info update for unknown player 87274281-9380-35a2-81e0-d674a7beb8f5 ([UPDATE_GAME_MODE])
[00:53:59] [Render thread/WARN] (Minecraft) Ignoring player info update for unknown player 87274281-9380-35a2-81e0-d674a7beb8f5 ([UPDATE_GAME_MODE])
[00:54:00] [Render thread/INFO] (Minecraft) [System] [CHAT] Ⓖ [Игрок] tookitov ⇨ Snippa2012
[00:54:00] [Render thread/WARN] (Minecraft) Ignoring player info update for unknown player d60373c6-db8f-3d9f-8cb4-aa45b4e6b90e ([UPDATE_GAME_MODE])
[00:54:00] [Render thread/WARN] (Minecraft) Ignoring player info update for unknown player d60373c6-db8f-3d9f-8cb4-aa45b4e6b90e ([UPDATE_GAME_MODE])
[00:54:02] [Render thread/WARN] (Minecraft) Ignoring player info update for unknown player 5e4ad41f-67f5-3b4c-9115-300501045b84 ([UPDATE_GAME_MODE])
[00:54:02] [Render thread/WARN] (Minecraft) Ignoring player info update for unknown player 5e4ad41f-67f5-3b4c-9115-300501045b84 ([UPDATE_GAME_MODE])
[00:54:02] [Render thread/WARN] (Minecraft) Ignoring player info update for unknown player 5e4ad41f-67f5-3b4c-9115-300501045b84 ([UPDATE_GAME_MODE])
[00:54:02] [Render thread/WARN] (Minecraft) Ignoring player info update for unknown player 5e4ad41f-67f5-3b4c-9115-300501045b84 ([UPDATE_GAME_MODE])
[00:54:02] [Render thread/WARN] (Minecraft) Ignoring player info update for unknown player 29002ca4-1bcb-3ef1-ae4b-67a43aa3b04d ([UPDATE_GAME_MODE])
[00:54:02] [Render thread/WARN] (Minecraft) Ignoring player info update for unknown player 29002ca4-1bcb-3ef1-ae4b-67a43aa3b04d ([UPDATE_GAME_MODE])
[00:54:02] [Render thread/WARN] (Minecraft) Ignoring player info update for unknown player 29002ca4-1bcb-3ef1-ae4b-67a43aa3b04d ([UPDATE_GAME_MODE])
[00:54:02] [Render thread/WARN] (Minecraft) Ignoring player info update for unknown player 29002ca4-1bcb-3ef1-ae4b-67a43aa3b04d ([UPDATE_GAME_MODE])
[00:54:07] [Render thread/WARN] (Minecraft) Ignoring player info update for unknown player eeeb68ef-0104-3cbb-ba86-6f9b5d46150c ([UPDATE_GAME_MODE])
[00:54:07] [Render thread/WARN] (Minecraft) Ignoring player info update for unknown player eeeb68ef-0104-3cbb-ba86-6f9b5d46150c ([UPDATE_GAME_MODE])
[00:54:09] [Render thread/WARN] (Minecraft) Ignoring player info update for unknown player b742094e-95b4-3cee-8a69-20d33c1dbab4 ([UPDATE_GAME_MODE])
[00:54:09] [Render thread/WARN] (Minecraft) Ignoring player info update for unknown player b742094e-95b4-3cee-8a69-20d33c1dbab4 ([UPDATE_GAME_MODE])
[00:54:10] [Render thread/WARN] (Minecraft) Ignoring player info update for unknown player 25e05cf2-9207-372a-a761-4c763c846ed8 ([UPDATE_GAME_MODE])
[00:54:10] [Render thread/WARN] (Minecraft) Ignoring player info update for unknown player 25e05cf2-9207-372a-a761-4c763c846ed8 ([UPDATE_GAME_MODE])
[00:54:10] [Render thread/WARN] (Minecraft) Ignoring player info update for unknown player 25e05cf2-9207-372a-a761-4c763c846ed8 ([UPDATE_GAME_MODE])
[00:54:10] [Render thread/WARN] (Minecraft) Ignoring player info update for unknown player 25e05cf2-9207-372a-a761-4c763c846ed8 ([UPDATE_GAME_MODE])
[00:54:11] [Render thread/WARN] (Minecraft) Ignoring player info update for unknown player 76c8d23b-6b49-3c25-8d95-eb3ccb615443 ([UPDATE_GAME_MODE])
[00:54:11] [Render thread/WARN] (Minecraft) Ignoring player info update for unknown player 76c8d23b-6b49-3c25-8d95-eb3ccb615443 ([UPDATE_GAME_MODE])
[00:54:14] [Render thread/WARN] (Minecraft) Ignoring player info update for unknown player 709c6c1a-4aa3-3023-a2a9-8f3fbb25795a ([UPDATE_GAME_MODE])
[00:54:14] [Render thread/WARN] (Minecraft) Ignoring player info update for unknown player 709c6c1a-4aa3-3023-a2a9-8f3fbb25795a ([UPDATE_GAME_MODE])
[00:54:16] [Render thread/WARN] (Minecraft) Ignoring player info update for unknown player 5d16a1d2-c893-3eef-b567-75079e72b529 ([UPDATE_GAME_MODE])
[00:54:16] [Render thread/WARN] (Minecraft) Ignoring player info update for unknown player 5d16a1d2-c893-3eef-b567-75079e72b529 ([UPDATE_GAME_MODE])
[00:54:18] [Render thread/WARN] (Minecraft) Ignoring player info update for unknown player 18334da6-1b69-3232-9384-b9f6a0d35ff3 ([UPDATE_GAME_MODE])
[00:54:18] [Render thread/WARN] (Minecraft) Ignoring player info update for unknown player 18334da6-1b69-3232-9384-b9f6a0d35ff3 ([UPDATE_GAME_MODE])
[00:54:18] [Render thread/WARN] (Minecraft) Ignoring player info update for unknown player 7fb31433-90ab-334c-bbaa-9bf53d967aa3 ([UPDATE_GAME_MODE])
[00:54:18] [Render thread/WARN] (Minecraft) Ignoring player info update for unknown player 7fb31433-90ab-334c-bbaa-9bf53d967aa3 ([UPDATE_GAME_MODE])
[00:54:18] [Render thread/WARN] (Minecraft) Ignoring player info update for unknown player 7fb31433-90ab-334c-bbaa-9bf53d967aa3 ([UPDATE_GAME_MODE])
[00:54:18] [Render thread/WARN] (Minecraft) Ignoring player info update for unknown player 7fb31433-90ab-334c-bbaa-9bf53d967aa3 ([UPDATE_GAME_MODE])
[00:54:19] [Render thread/WARN] (Minecraft) Ignoring player info update for unknown player 8d5ec3a5-86a6-3fea-8cb9-29405cb9905e ([UPDATE_GAME_MODE])
[00:54:19] [Render thread/WARN] (Minecraft) Ignoring player info update for unknown player 8d5ec3a5-86a6-3fea-8cb9-29405cb9905e ([UPDATE_GAME_MODE])
[00:54:19] [Render thread/WARN] (Minecraft) Ignoring player info update for unknown player 8d5ec3a5-86a6-3fea-8cb9-29405cb9905e ([UPDATE_GAME_MODE])
[00:54:19] [Render thread/WARN] (Minecraft) Ignoring player info update for unknown player 8d5ec3a5-86a6-3fea-8cb9-29405cb9905e ([UPDATE_GAME_MODE])
[00:54:20] [Render thread/WARN] (Minecraft) Ignoring player info update for unknown player 180282fe-d555-3b0b-b2fd-ebeae4a0eb61 ([UPDATE_GAME_MODE])
[00:54:20] [Render thread/WARN] (Minecraft) Ignoring player info update for unknown player 180282fe-d555-3b0b-b2fd-ebeae4a0eb61 ([UPDATE_GAME_MODE])
[00:54:21] [Render thread/INFO] (Minecraft) [System] [CHAT] Ⓛ [ɢᴏᴅ] Snippa2012 ⇨ на ансофта лесть мощно + на дуелях анти чит фри
[00:54:23] [Render thread/WARN] (Minecraft) Ignoring player info update for unknown player a86dae51-aac9-32ad-a7cd-63896712fd7f ([UPDATE_GAME_MODE])
[00:54:23] [Render thread/WARN] (Minecraft) Ignoring player info update for unknown player a86dae51-aac9-32ad-a7cd-63896712fd7f ([UPDATE_GAME_MODE])
[00:54:30] [Render thread/WARN] (Minecraft) Ignoring player info update for unknown player 149a815c-2ba6-3d0d-96ec-5adaaa7a579e ([UPDATE_GAME_MODE])
[00:54:30] [Render thread/WARN] (Minecraft) Ignoring player info update for unknown player 149a815c-2ba6-3d0d-96ec-5adaaa7a579e ([UPDATE_GAME_MODE])
[00:54:30] [Render thread/WARN] (Minecraft) Ignoring player info update for unknown player 149a815c-2ba6-3d0d-96ec-5adaaa7a579e ([UPDATE_GAME_MODE])
[00:54:30] [Render thread/WARN] (Minecraft) Ignoring player info update for unknown player 149a815c-2ba6-3d0d-96ec-5adaaa7a579e ([UPDATE_GAME_MODE])
[00:54:32] [Render thread/INFO] (Minecraft) [System] [CHAT] Ⓛ [ɢᴏᴅ] Snippa2012 ⇨ на анке банится
[00:54:35] [Render thread/WARN] (Minecraft) Ignoring player info update for unknown player c9c5d4e2-8d1f-399e-a241-3afc8d0d4fd1 ([UPDATE_GAME_MODE])
[00:54:35] [Render thread/WARN] (Minecraft) Ignoring player info update for unknown player c9c5d4e2-8d1f-399e-a241-3afc8d0d4fd1 ([UPDATE_GAME_MODE])
[00:54:35] [Render thread/WARN] (Minecraft) Ignoring player info update for unknown player c9c5d4e2-8d1f-399e-a241-3afc8d0d4fd1 ([UPDATE_GAME_MODE])
[00:54:35] [Render thread/WARN] (Minecraft) Ignoring player info update for unknown player c9c5d4e2-8d1f-399e-a241-3afc8d0d4fd1 ([UPDATE_GAME_MODE])
[00:54:38] [Render thread/WARN] (Minecraft) Ignoring player info update for unknown player 56f6b83f-cbc7-38c0-86c5-286f212929fe ([UPDATE_GAME_MODE])
[00:54:38] [Render thread/WARN] (Minecraft) Ignoring player info update for unknown player 56f6b83f-cbc7-38c0-86c5-286f212929fe ([UPDATE_GAME_MODE])
[00:54:38] [Render thread/WARN] (Minecraft) Ignoring player info update for unknown player 56f6b83f-cbc7-38c0-86c5-286f212929fe ([UPDATE_GAME_MODE])
[00:54:38] [Render thread/WARN] (Minecraft) Ignoring player info update for unknown player 56f6b83f-cbc7-38c0-86c5-286f212929fe ([UPDATE_GAME_MODE])
[00:54:38] [Render thread/INFO] (Minecraft) [System] [CHAT] Ⓛ [Игрок] tookitov ⇨ да братуха
[00:54:43] [Render thread/WARN] (Minecraft) Ignoring player info update for unknown player faf27402-cbfa-346d-9145-8f7a979475e7 ([UPDATE_GAME_MODE])
[00:54:43] [Render thread/WARN] (Minecraft) Ignoring player info update for unknown player faf27402-cbfa-346d-9145-8f7a979475e7 ([UPDATE_GAME_MODE])
[00:54:43] [Render thread/WARN] (Minecraft) Ignoring player info update for unknown player faf27402-cbfa-346d-9145-8f7a979475e7 ([UPDATE_GAME_MODE])
[00:54:43] [Render thread/WARN] (Minecraft) Ignoring player info update for unknown player faf27402-cbfa-346d-9145-8f7a979475e7 ([UPDATE_GAME_MODE])
[00:54:49] [Render thread/WARN] (Minecraft) Ignoring player info update for unknown player 3d3e462e-f7cf-3210-9e8f-6bf385c95399 ([UPDATE_GAME_MODE])
[00:54:49] [Render thread/WARN] (Minecraft) Ignoring player info update for unknown player 3d3e462e-f7cf-3210-9e8f-6bf385c95399 ([UPDATE_GAME_MODE])
[00:54:50] [Render thread/WARN] (Minecraft) Ignoring player info update for unknown player 4b192c6f-ff04-3d0c-904c-75c5388f3347 ([UPDATE_GAME_MODE])
[00:54:50] [Render thread/WARN] (Minecraft) Ignoring player info update for unknown player 4b192c6f-ff04-3d0c-904c-75c5388f3347 ([UPDATE_GAME_MODE])
[00:54:50] [Render thread/WARN] (Minecraft) Ignoring player info update for unknown player 4b192c6f-ff04-3d0c-904c-75c5388f3347 ([UPDATE_GAME_MODE])
[00:54:50] [Render thread/WARN] (Minecraft) Ignoring player info update for unknown player 4b192c6f-ff04-3d0c-904c-75c5388f3347 ([UPDATE_GAME_MODE])
[00:54:51] [Render thread/WARN] (Minecraft) Ignoring player info update for unknown player dceb76a5-b47a-345d-9f90-4d0bf0156d30 ([UPDATE_GAME_MODE])
[00:54:51] [Render thread/WARN] (Minecraft) Ignoring player info update for unknown player dceb76a5-b47a-345d-9f90-4d0bf0156d30 ([UPDATE_GAME_MODE])
[00:54:51] [Render thread/WARN] (Minecraft) Ignoring player info update for unknown player dceb76a5-b47a-345d-9f90-4d0bf0156d30 ([UPDATE_GAME_MODE])
[00:54:51] [Render thread/WARN] (Minecraft) Ignoring player info update for unknown player dceb76a5-b47a-345d-9f90-4d0bf0156d30 ([UPDATE_GAME_MODE])
[00:54:56] [Render thread/INFO] (Minecraft) [System] [CHAT] Ⓛ [Игрок] tookitov ⇨ у меня килка уже 30 дней не банится
[00:55:02] [Render thread/WARN] (Minecraft) Ignoring player info update for unknown player e24d2fda-7bfe-3a80-9c0d-cca58d7010ce ([UPDATE_GAME_MODE])
[00:55:02] [Render thread/WARN] (Minecraft) Ignoring player info update for unknown player e24d2fda-7bfe-3a80-9c0d-cca58d7010ce ([UPDATE_GAME_MODE])
[00:55:07] [Render thread/INFO] (Minecraft) [System] [CHAT] ╔
[00:55:07] [Render thread/INFO] (Minecraft) [System] [CHAT] ╠ Подключайся к нашим сообществам /links
[00:55:07] [Render thread/INFO] (Minecraft) [System] [CHAT] ╚
[00:55:07] [Render thread/WARN] (Minecraft) Ignoring player info update for unknown player 000b1c91-7a9c-3635-908d-dd5ce8272414 ([UPDATE_GAME_MODE])
[00:55:07] [Render thread/WARN] (Minecraft) Ignoring player info update for unknown player 000b1c91-7a9c-3635-908d-dd5ce8272414 ([UPDATE_GAME_MODE])
[00:55:08] [Render thread/INFO] (Minecraft) [System] [CHAT] Ⓛ [Игрок] tookitov ⇨ нигде
[00:55:15] [Render thread/WARN] (Minecraft) Ignoring player info update for unknown player 4e70cec4-ab7d-32e7-9635-48057c7bd794 ([UPDATE_GAME_MODE])
[00:55:15] [Render thread/WARN] (Minecraft) Ignoring player info update for unknown player 4e70cec4-ab7d-32e7-9635-48057c7bd794 ([UPDATE_GAME_MODE])
[00:55:17] [Render thread/INFO] (Minecraft) [System] [CHAT] Ⓛ [Игрок] tookitov ⇨ ты чувак просто без моего конфига!!!!!!!!!!
[00:55:18] [Render thread/WARN] (Minecraft) Ignoring player info update for unknown player f1f1217b-6a12-37b1-96fa-7a477470e855 ([UPDATE_GAME_MODE])
[00:55:18] [Render thread/WARN] (Minecraft) Ignoring player info update for unknown player f1f1217b-6a12-37b1-96fa-7a477470e855 ([UPDATE_GAME_MODE])
[00:55:18] [Render thread/WARN] (Minecraft) Ignoring player info update for unknown player f1f1217b-6a12-37b1-96fa-7a477470e855 ([UPDATE_GAME_MODE])
[00:55:18] [Render thread/WARN] (Minecraft) Ignoring player info update for unknown player f1f1217b-6a12-37b1-96fa-7a477470e855 ([UPDATE_GAME_MODE])
[00:55:25] [Render thread/INFO] (Minecraft) [System] [CHAT] Ⓛ [Игрок] sigmapronik ⇨ ты померэ
[00:55:26] [Render thread/WARN] (Minecraft) Ignoring player info update for unknown player d8c311b1-bf7d-3876-a1fb-42be2d61aab8 ([UPDATE_GAME_MODE])
[00:55:26] [Render thread/WARN] (Minecraft) Ignoring player info update for unknown player d8c311b1-bf7d-3876-a1fb-42be2d61aab8 ([UPDATE_GAME_MODE])
[00:55:26] [Render thread/WARN] (Minecraft) Ignoring player info update for unknown player d8c311b1-bf7d-3876-a1fb-42be2d61aab8 ([UPDATE_GAME_MODE])
[00:55:26] [Render thread/WARN] (Minecraft) Ignoring player info update for unknown player d8c311b1-bf7d-3876-a1fb-42be2d61aab8 ([UPDATE_GAME_MODE])
[00:55:26] [Render thread/WARN] (Minecraft) Ignoring player info update for unknown player cd7b39b4-f718-37aa-b74e-0e8ebfe6cd27 ([UPDATE_GAME_MODE])
[00:55:26] [Render thread/WARN] (Minecraft) Ignoring player info update for unknown player cd7b39b4-f718-37aa-b74e-0e8ebfe6cd27 ([UPDATE_GAME_MODE])
[00:55:26] [Render thread/WARN] (Minecraft) Ignoring player info update for unknown player cd7b39b4-f718-37aa-b74e-0e8ebfe6cd27 ([UPDATE_GAME_MODE])
[00:55:26] [Render thread/WARN] (Minecraft) Ignoring player info update for unknown player cd7b39b4-f718-37aa-b74e-0e8ebfe6cd27 ([UPDATE_GAME_MODE])
[00:55:34] [Render thread/WARN] (Minecraft) Ignoring player info update for unknown player 6f9c6313-cf34-35e7-b759-16b4b5690f08 ([UPDATE_GAME_MODE])
[00:55:34] [Render thread/WARN] (Minecraft) Ignoring player info update for unknown player 6f9c6313-cf34-35e7-b759-16b4b5690f08 ([UPDATE_GAME_MODE])
[00:55:34] [Render thread/WARN] (Minecraft) Ignoring player info update for unknown player 6f9c6313-cf34-35e7-b759-16b4b5690f08 ([UPDATE_GAME_MODE])
[00:55:34] [Render thread/WARN] (Minecraft) Ignoring player info update for unknown player 6f9c6313-cf34-35e7-b759-16b4b5690f08 ([UPDATE_GAME_MODE])
[00:55:35] [Render thread/WARN] (Minecraft) Ignoring player info update for unknown player f4de6056-ce42-33f8-905b-2a226b6b3ef2 ([UPDATE_GAME_MODE])
[00:55:35] [Render thread/WARN] (Minecraft) Ignoring player info update for unknown player f4de6056-ce42-33f8-905b-2a226b6b3ef2 ([UPDATE_GAME_MODE])
[00:55:35] [Render thread/WARN] (Minecraft) Ignoring player info update for unknown player f4de6056-ce42-33f8-905b-2a226b6b3ef2 ([UPDATE_GAME_MODE])
[00:55:35] [Render thread/WARN] (Minecraft) Ignoring player info update for unknown player f4de6056-ce42-33f8-905b-2a226b6b3ef2 ([UPDATE_GAME_MODE])
[00:55:35] [Render thread/WARN] (Minecraft) Ignoring player info update for unknown player 76719a13-c4c5-3d0a-928a-cd138a52230e ([UPDATE_GAME_MODE])
[00:55:35] [Render thread/WARN] (Minecraft) Ignoring player info update for unknown player 76719a13-c4c5-3d0a-928a-cd138a52230e ([UPDATE_GAME_MODE])
[00:55:35] [Render thread/WARN] (Minecraft) Ignoring player info update for unknown player 76719a13-c4c5-3d0a-928a-cd138a52230e ([UPDATE_GAME_MODE])
[00:55:35] [Render thread/WARN] (Minecraft) Ignoring player info update for unknown player 76719a13-c4c5-3d0a-928a-cd138a52230e ([UPDATE_GAME_MODE])
[00:55:36] [Render thread/WARN] (Minecraft) Ignoring player info update for unknown player b645da74-a7fc-3ddf-8ce7-bc822bbefa94 ([UPDATE_GAME_MODE])
[00:55:36] [Render thread/WARN] (Minecraft) Ignoring player info update for unknown player b645da74-a7fc-3ddf-8ce7-bc822bbefa94 ([UPDATE_GAME_MODE])
[00:55:39] [Render thread/WARN] (Minecraft) Ignoring player info update for unknown player ed0a8371-6c53-3715-9c13-985351763563 ([UPDATE_GAME_MODE])
[00:55:39] [Render thread/WARN] (Minecraft) Ignoring player info update for unknown player ed0a8371-6c53-3715-9c13-985351763563 ([UPDATE_GAME_MODE])
[00:55:44] [Render thread/INFO] (Minecraft) [System] [CHAT] Ⓖ [ᴋɴɪɢʜᴛ] Fergekreal1 WIN ⇨ zru6rur get good get d3buda ds 999boish
[00:55:47] [Render thread/WARN] (Minecraft) Ignoring player info update for unknown player ff03e5af-40aa-3d3e-ba92-58033e59bb74 ([UPDATE_GAME_MODE])
[00:55:47] [Render thread/WARN] (Minecraft) Ignoring player info update for unknown player ff03e5af-40aa-3d3e-ba92-58033e59bb74 ([UPDATE_GAME_MODE])
[00:55:55] [Render thread/WARN] (Minecraft) Ignoring player info update for unknown player 8984487a-417e-368b-aa8c-9fa6f562d385 ([UPDATE_GAME_MODE])
[00:55:55] [Render thread/WARN] (Minecraft) Ignoring player info update for unknown player 8984487a-417e-368b-aa8c-9fa6f562d385 ([UPDATE_GAME_MODE])
[00:55:55] [Render thread/WARN] (Minecraft) Ignoring player info update for unknown player 8984487a-417e-368b-aa8c-9fa6f562d385 ([UPDATE_GAME_MODE])
[00:55:55] [Render thread/WARN] (Minecraft) Ignoring player info update for unknown player 8984487a-417e-368b-aa8c-9fa6f562d385 ([UPDATE_GAME_MODE])
[00:55:58] [Render thread/WARN] (Minecraft) Ignoring player info update for unknown player b65a4d06-8a09-3da9-a256-7da661a2f733 ([UPDATE_GAME_MODE])
[00:55:58] [Render thread/WARN] (Minecraft) Ignoring player info update for unknown player b65a4d06-8a09-3da9-a256-7da661a2f733 ([UPDATE_GAME_MODE])
[00:55:58] [Render thread/WARN] (Minecraft) Ignoring player info update for unknown player b65a4d06-8a09-3da9-a256-7da661a2f733 ([UPDATE_GAME_MODE])
[00:55:58] [Render thread/WARN] (Minecraft) Ignoring player info update for unknown player b65a4d06-8a09-3da9-a256-7da661a2f733 ([UPDATE_GAME_MODE])
[00:56:10] [Render thread/WARN] (Minecraft) Ignoring player info update for unknown player 29002ca4-1bcb-3ef1-ae4b-67a43aa3b04d ([UPDATE_GAME_MODE])
[00:56:10] [Render thread/WARN] (Minecraft) Ignoring player info update for unknown player 29002ca4-1bcb-3ef1-ae4b-67a43aa3b04d ([UPDATE_GAME_MODE])
[00:56:10] [Render thread/WARN] (Minecraft) Ignoring player info update for unknown player 29002ca4-1bcb-3ef1-ae4b-67a43aa3b04d ([UPDATE_GAME_MODE])
[00:56:10] [Render thread/WARN] (Minecraft) Ignoring player info update for unknown player 29002ca4-1bcb-3ef1-ae4b-67a43aa3b04d ([UPDATE_GAME_MODE])
[00:56:19] [Render thread/WARN] (Minecraft) Ignoring player info update for unknown player 41cc448b-61f4-3040-9d2d-02af1a489a83 ([UPDATE_GAME_MODE])
[00:56:19] [Render thread/WARN] (Minecraft) Ignoring player info update for unknown player 41cc448b-61f4-3040-9d2d-02af1a489a83 ([UPDATE_GAME_MODE])
[00:56:19] [Render thread/WARN] (Minecraft) Ignoring player info update for unknown player 41cc448b-61f4-3040-9d2d-02af1a489a83 ([UPDATE_GAME_MODE])
[00:56:19] [Render thread/WARN] (Minecraft) Ignoring player info update for unknown player 41cc448b-61f4-3040-9d2d-02af1a489a83 ([UPDATE_GAME_MODE])
[00:56:25] [Render thread/WARN] (Minecraft) Ignoring player info update for unknown player 5c3fea6b-aff2-3a12-bcca-2398c0f05a00 ([UPDATE_GAME_MODE])
[00:56:25] [Render thread/WARN] (Minecraft) Ignoring player info update for unknown player 5c3fea6b-aff2-3a12-bcca-2398c0f05a00 ([UPDATE_GAME_MODE])
[00:56:25] [Render thread/WARN] (Minecraft) Ignoring player info update for unknown player 5c3fea6b-aff2-3a12-bcca-2398c0f05a00 ([UPDATE_GAME_MODE])
[00:56:25] [Render thread/WARN] (Minecraft) Ignoring player info update for unknown player 5c3fea6b-aff2-3a12-bcca-2398c0f05a00 ([UPDATE_GAME_MODE])
[00:56:25] [Render thread/WARN] (Minecraft) Ignoring player info update for unknown player 3d55a2fe-9efb-340f-ac97-ff8ef93259f4 ([UPDATE_GAME_MODE])
[00:56:25] [Render thread/WARN] (Minecraft) Ignoring player info update for unknown player 3d55a2fe-9efb-340f-ac97-ff8ef93259f4 ([UPDATE_GAME_MODE])
[00:56:25] [Render thread/WARN] (Minecraft) Ignoring player info update for unknown player 3d55a2fe-9efb-340f-ac97-ff8ef93259f4 ([UPDATE_GAME_MODE])
[00:56:25] [Render thread/WARN] (Minecraft) Ignoring player info update for unknown player 3d55a2fe-9efb-340f-ac97-ff8ef93259f4 ([UPDATE_GAME_MODE])
[00:56:27] [Render thread/WARN] (Minecraft) Ignoring player info update for unknown player f4de6056-ce42-33f8-905b-2a226b6b3ef2 ([UPDATE_GAME_MODE])
[00:56:27] [Render thread/WARN] (Minecraft) Ignoring player info update for unknown player f4de6056-ce42-33f8-905b-2a226b6b3ef2 ([UPDATE_GAME_MODE])
[00:56:27] [Render thread/WARN] (Minecraft) Ignoring player info update for unknown player f4de6056-ce42-33f8-905b-2a226b6b3ef2 ([UPDATE_GAME_MODE])
[00:56:27] [Render thread/WARN] (Minecraft) Ignoring player info update for unknown player f4de6056-ce42-33f8-905b-2a226b6b3ef2 ([UPDATE_GAME_MODE])
[00:56:28] [Render thread/WARN] (Minecraft) Ignoring player info update for unknown player 9ed81ff1-f3c3-3507-8abb-d7e394b5a071 ([UPDATE_GAME_MODE])
[00:56:28] [Render thread/WARN] (Minecraft) Ignoring player info update for unknown player 9ed81ff1-f3c3-3507-8abb-d7e394b5a071 ([UPDATE_GAME_MODE])
[00:56:28] [Render thread/WARN] (Minecraft) Ignoring player info update for unknown player 9ed81ff1-f3c3-3507-8abb-d7e394b5a071 ([UPDATE_GAME_MODE])
[00:56:28] [Render thread/WARN] (Minecraft) Ignoring player info update for unknown player 9ed81ff1-f3c3-3507-8abb-d7e394b5a071 ([UPDATE_GAME_MODE])
[00:56:32] [Render thread/WARN] (Minecraft) Ignoring player info update for unknown player 5a6d2299-ff86-3f26-b085-d5b9c077f97b ([UPDATE_GAME_MODE])
[00:56:32] [Render thread/WARN] (Minecraft) Ignoring player info update for unknown player 5a6d2299-ff86-3f26-b085-d5b9c077f97b ([UPDATE_GAME_MODE])
[00:56:34] [Render thread/WARN] (Minecraft) Ignoring player info update for unknown player 821de0f1-f7cd-32d2-8ff1-d38aef5405a9 ([UPDATE_GAME_MODE])
[00:56:34] [Render thread/WARN] (Minecraft) Ignoring player info update for unknown player 821de0f1-f7cd-32d2-8ff1-d38aef5405a9 ([UPDATE_GAME_MODE])
[00:56:34] [Render thread/WARN] (Minecraft) Ignoring player info update for unknown player 821de0f1-f7cd-32d2-8ff1-d38aef5405a9 ([UPDATE_GAME_MODE])
[00:56:34] [Render thread/WARN] (Minecraft) Ignoring player info update for unknown player 821de0f1-f7cd-32d2-8ff1-d38aef5405a9 ([UPDATE_GAME_MODE])
[00:56:37] [Render thread/INFO] (Minecraft) [System] [CHAT] ╔
[00:56:37] [Render thread/INFO] (Minecraft) [System] [CHAT] ╠ Мы есть в ВК - vk.com/spookytimenet
[00:56:37] [Render thread/INFO] (Minecraft) [System] [CHAT] ╚
[00:56:43] [Render thread/WARN] (Minecraft) Ignoring player info update for unknown player 99ef297e-a250-3b24-b299-1d2f4331eb40 ([UPDATE_GAME_MODE])
[00:56:43] [Render thread/WARN] (Minecraft) Ignoring player info update for unknown player 99ef297e-a250-3b24-b299-1d2f4331eb40 ([UPDATE_GAME_MODE])
[00:56:46] [Render thread/WARN] (Minecraft) Ignoring player info update for unknown player 60bb43ad-58cd-3c2f-bc52-85bfb7c5cf78 ([UPDATE_GAME_MODE])
[00:56:46] [Render thread/WARN] (Minecraft) Ignoring player info update for unknown player 60bb43ad-58cd-3c2f-bc52-85bfb7c5cf78 ([UPDATE_GAME_MODE])
[00:56:48] [Render thread/WARN] (Minecraft) Ignoring player info update for unknown player 54d9f40b-b8d0-3778-a682-2df795fc05ad ([UPDATE_GAME_MODE])
[00:56:48] [Render thread/WARN] (Minecraft) Ignoring player info update for unknown player 54d9f40b-b8d0-3778-a682-2df795fc05ad ([UPDATE_GAME_MODE])
[00:56:53] [Render thread/WARN] (Minecraft) Ignoring player info update for unknown player efc78c52-5e50-378e-9c15-b0417e5c1b58 ([UPDATE_GAME_MODE])
[00:56:53] [Render thread/WARN] (Minecraft) Ignoring player info update for unknown player efc78c52-5e50-378e-9c15-b0417e5c1b58 ([UPDATE_GAME_MODE])
[00:56:53] [Render thread/WARN] (Minecraft) Ignoring player info update for unknown player efc78c52-5e50-378e-9c15-b0417e5c1b58 ([UPDATE_GAME_MODE])
[00:56:53] [Render thread/WARN] (Minecraft) Ignoring player info update for unknown player efc78c52-5e50-378e-9c15-b0417e5c1b58 ([UPDATE_GAME_MODE])
[00:56:53] [Render thread/WARN] (Minecraft) Ignoring player info update for unknown player 7663dfd1-d31a-3768-af06-d002fc2fc4b2 ([UPDATE_GAME_MODE])
[00:56:53] [Render thread/WARN] (Minecraft) Ignoring player info update for unknown player 7663dfd1-d31a-3768-af06-d002fc2fc4b2 ([UPDATE_GAME_MODE])
[00:57:01] [Render thread/WARN] (Minecraft) Ignoring player info update for unknown player 88cf151f-19fc-3fb3-b5b1-7cc255dc4392 ([UPDATE_GAME_MODE])
[00:57:01] [Render thread/WARN] (Minecraft) Ignoring player info update for unknown player 88cf151f-19fc-3fb3-b5b1-7cc255dc4392 ([UPDATE_GAME_MODE])
[00:57:01] [Render thread/WARN] (Minecraft) Ignoring player info update for unknown player 88cf151f-19fc-3fb3-b5b1-7cc255dc4392 ([UPDATE_GAME_MODE])
[00:57:01] [Render thread/WARN] (Minecraft) Ignoring player info update for unknown player 88cf151f-19fc-3fb3-b5b1-7cc255dc4392 ([UPDATE_GAME_MODE])
[00:57:01] [Render thread/WARN] (Minecraft) Ignoring player info update for unknown player efc78c52-5e50-378e-9c15-b0417e5c1b58 ([UPDATE_GAME_MODE])
[00:57:01] [Render thread/WARN] (Minecraft) Ignoring player info update for unknown player efc78c52-5e50-378e-9c15-b0417e5c1b58 ([UPDATE_GAME_MODE])
[00:57:01] [Render thread/WARN] (Minecraft) Ignoring player info update for unknown player efc78c52-5e50-378e-9c15-b0417e5c1b58 ([UPDATE_GAME_MODE])
[00:57:01] [Render thread/WARN] (Minecraft) Ignoring player info update for unknown player efc78c52-5e50-378e-9c15-b0417e5c1b58 ([UPDATE_GAME_MODE])
[00:57:03] [Render thread/WARN] (Minecraft) Ignoring player info update for unknown player 4388505f-34ef-3ea5-9eba-330e1a1b332f ([UPDATE_GAME_MODE])
[00:57:03] [Render thread/WARN] (Minecraft) Ignoring player info update for unknown player 4388505f-34ef-3ea5-9eba-330e1a1b332f ([UPDATE_GAME_MODE])
[00:57:03] [Render thread/WARN] (Minecraft) Ignoring player info update for unknown player 4388505f-34ef-3ea5-9eba-330e1a1b332f ([UPDATE_GAME_MODE])
[00:57:03] [Render thread/WARN] (Minecraft) Ignoring player info update for unknown player 4388505f-34ef-3ea5-9eba-330e1a1b332f ([UPDATE_GAME_MODE])
[00:57:03] [Render thread/WARN] (Minecraft) Ignoring player info update for unknown player 30f4710b-07c3-323c-a0a7-9431146ff8ca ([UPDATE_GAME_MODE])
[00:57:03] [Render thread/WARN] (Minecraft) Ignoring player info update for unknown player 30f4710b-07c3-323c-a0a7-9431146ff8ca ([UPDATE_GAME_MODE])
[00:57:11] [Render thread/INFO] (Minecraft) [System] [CHAT] Ⓛ [ɢᴏᴅ] Snippa2012 ⇨ я с 1.12.2 под софтами играю и вот только пока анчти чит не стали делать лучше на всех серверах
[00:57:12] [Render thread/WARN] (Minecraft) Ignoring player info update for unknown player 626a7ef9-a590-30ed-a132-b5574c934498 ([UPDATE_GAME_MODE])
[00:57:12] [Render thread/WARN] (Minecraft) Ignoring player info update for unknown player 626a7ef9-a590-30ed-a132-b5574c934498 ([UPDATE_GAME_MODE])
[00:57:12] [Render thread/WARN] (Minecraft) Ignoring player info update for unknown player 626a7ef9-a590-30ed-a132-b5574c934498 ([UPDATE_GAME_MODE])
[00:57:12] [Render thread/WARN] (Minecraft) Ignoring player info update for unknown player 626a7ef9-a590-30ed-a132-b5574c934498 ([UPDATE_GAME_MODE])
[00:57:13] [Render thread/WARN] (Minecraft) Ignoring player info update for unknown player 28322038-ff7f-3b8c-8fe9-44adfbf1b750 ([UPDATE_GAME_MODE])
[00:57:13] [Render thread/WARN] (Minecraft) Ignoring player info update for unknown player 28322038-ff7f-3b8c-8fe9-44adfbf1b750 ([UPDATE_GAME_MODE])
[00:57:17] [Render thread/WARN] (Minecraft) Ignoring player info update for unknown player a1396ad1-6c68-395a-ab97-e60f014506d6 ([UPDATE_GAME_MODE])
[00:57:17] [Render thread/WARN] (Minecraft) Ignoring player info update for unknown player a1396ad1-6c68-395a-ab97-e60f014506d6 ([UPDATE_GAME_MODE])
[00:57:17] [Render thread/WARN] (Minecraft) Ignoring player info update for unknown player a1396ad1-6c68-395a-ab97-e60f014506d6 ([UPDATE_GAME_MODE])
[00:57:17] [Render thread/WARN] (Minecraft) Ignoring player info update for unknown player a1396ad1-6c68-395a-ab97-e60f014506d6 ([UPDATE_GAME_MODE])
[00:57:18] [Render thread/WARN] (Minecraft) Ignoring player info update for unknown player 827d1c32-3209-3b30-898c-a721208fbf36 ([UPDATE_GAME_MODE])
[00:57:18] [Render thread/WARN] (Minecraft) Ignoring player info update for unknown player 827d1c32-3209-3b30-898c-a721208fbf36 ([UPDATE_GAME_MODE])
[00:57:18] [Render thread/WARN] (Minecraft) Ignoring player info update for unknown player 827d1c32-3209-3b30-898c-a721208fbf36 ([UPDATE_GAME_MODE])
[00:57:18] [Render thread/WARN] (Minecraft) Ignoring player info update for unknown player 827d1c32-3209-3b30-898c-a721208fbf36 ([UPDATE_GAME_MODE])
[00:57:18] [Render thread/WARN] (Minecraft) Ignoring player info update for unknown player 5cd02adc-42c2-3fc7-999f-5e8e997eb414 ([UPDATE_GAME_MODE])
[00:57:18] [Render thread/WARN] (Minecraft) Ignoring player info update for unknown player 5cd02adc-42c2-3fc7-999f-5e8e997eb414 ([UPDATE_GAME_MODE])
[00:57:22] [Render thread/WARN] (Minecraft) Ignoring player info update for unknown player cd7b39b4-f718-37aa-b74e-0e8ebfe6cd27 ([UPDATE_GAME_MODE])
[00:57:22] [Render thread/WARN] (Minecraft) Ignoring player info update for unknown player cd7b39b4-f718-37aa-b74e-0e8ebfe6cd27 ([UPDATE_GAME_MODE])
[00:57:22] [Render thread/WARN] (Minecraft) Ignoring player info update for unknown player cd7b39b4-f718-37aa-b74e-0e8ebfe6cd27 ([UPDATE_GAME_MODE])
[00:57:22] [Render thread/WARN] (Minecraft) Ignoring player info update for unknown player cd7b39b4-f718-37aa-b74e-0e8ebfe6cd27 ([UPDATE_GAME_MODE])
[00:57:24] [Render thread/WARN] (Minecraft) Ignoring player info update for unknown player 8776d6df-92f9-3a9e-bf94-d0388d17e604 ([UPDATE_GAME_MODE])
[00:57:24] [Render thread/WARN] (Minecraft) Ignoring player info update for unknown player 8776d6df-92f9-3a9e-bf94-d0388d17e604 ([UPDATE_GAME_MODE])
[00:57:26] [Render thread/INFO] (Minecraft) [System] [CHAT] Ⓖ [Игрок] XdeadForBESTIR1 ⇨ 1WantToMinistr спс за удель
[00:57:26] [Render thread/WARN] (Minecraft) Ignoring player info update for unknown player 8cd9ff52-3e70-3a68-a6a8-10bd6b522d4f ([UPDATE_GAME_MODE])
[00:57:26] [Render thread/WARN] (Minecraft) Ignoring player info update for unknown player 8cd9ff52-3e70-3a68-a6a8-10bd6b522d4f ([UPDATE_GAME_MODE])
[00:57:33] [Render thread/WARN] (Minecraft) Ignoring player info update for unknown player 5cd02adc-42c2-3fc7-999f-5e8e997eb414 ([UPDATE_GAME_MODE])
[00:57:33] [Render thread/WARN] (Minecraft) Ignoring player info update for unknown player 5cd02adc-42c2-3fc7-999f-5e8e997eb414 ([UPDATE_GAME_MODE])
[00:57:33] [Render thread/WARN] (Minecraft) Ignoring player info update for unknown player 5cd02adc-42c2-3fc7-999f-5e8e997eb414 ([UPDATE_GAME_MODE])
[00:57:33] [Render thread/WARN] (Minecraft) Ignoring player info update for unknown player 5cd02adc-42c2-3fc7-999f-5e8e997eb414 ([UPDATE_GAME_MODE])
[00:57:33] [Render thread/INFO] (Minecraft) [System] [CHAT] Ⓖ [ɢᴏᴅ] 1WantToMinistr SUICIDE ⇨ и тебе)
[00:57:35] [Render thread/WARN] (Minecraft) Ignoring player info update for unknown player 4d7e1e0f-3706-3109-a2e0-9b83d175712c ([UPDATE_GAME_MODE])
[00:57:35] [Render thread/WARN] (Minecraft) Ignoring player info update for unknown player 4d7e1e0f-3706-3109-a2e0-9b83d175712c ([UPDATE_GAME_MODE])
[00:57:35] [Render thread/WARN] (Minecraft) Ignoring player info update for unknown player d2aed469-036a-351d-a233-3601557ba6ca ([UPDATE_GAME_MODE])
[00:57:35] [Render thread/WARN] (Minecraft) Ignoring player info update for unknown player d2aed469-036a-351d-a233-3601557ba6ca ([UPDATE_GAME_MODE])
[00:57:35] [Render thread/WARN] (Minecraft) Ignoring player info update for unknown player d2aed469-036a-351d-a233-3601557ba6ca ([UPDATE_GAME_MODE])
[00:57:35] [Render thread/WARN] (Minecraft) Ignoring player info update for unknown player d2aed469-036a-351d-a233-3601557ba6ca ([UPDATE_GAME_MODE])
[00:57:37] [Render thread/WARN] (Minecraft) Ignoring player info update for unknown player 7c7389a3-22b3-3806-9f32-464cfe2ebc5c ([UPDATE_GAME_MODE])
[00:57:37] [Render thread/WARN] (Minecraft) Ignoring player info update for unknown player 7c7389a3-22b3-3806-9f32-464cfe2ebc5c ([UPDATE_GAME_MODE])
[00:57:37] [Render thread/WARN] (Minecraft) Ignoring player info update for unknown player 7c7389a3-22b3-3806-9f32-464cfe2ebc5c ([UPDATE_GAME_MODE])
[00:57:37] [Render thread/WARN] (Minecraft) Ignoring player info update for unknown player 7c7389a3-22b3-3806-9f32-464cfe2ebc5c ([UPDATE_GAME_MODE])
[00:57:37] [Render thread/WARN] (Minecraft) Ignoring player info update for unknown player a85eaa7e-7d2b-30bc-8e32-7c2e590e0270 ([UPDATE_GAME_MODE])
[00:57:37] [Render thread/WARN] (Minecraft) Ignoring player info update for unknown player a85eaa7e-7d2b-30bc-8e32-7c2e590e0270 ([UPDATE_GAME_MODE])
[00:57:37] [Render thread/WARN] (Minecraft) Ignoring player info update for unknown player a85eaa7e-7d2b-30bc-8e32-7c2e590e0270 ([UPDATE_GAME_MODE])
[00:57:37] [Render thread/WARN] (Minecraft) Ignoring player info update for unknown player a85eaa7e-7d2b-30bc-8e32-7c2e590e0270 ([UPDATE_GAME_MODE])
[00:57:46] [Render thread/WARN] (Minecraft) Ignoring player info update for unknown player 4d7e1e0f-3706-3109-a2e0-9b83d175712c ([UPDATE_GAME_MODE])
[00:57:46] [Render thread/WARN] (Minecraft) Ignoring player info update for unknown player 4d7e1e0f-3706-3109-a2e0-9b83d175712c ([UPDATE_GAME_MODE])
[00:57:46] [Render thread/WARN] (Minecraft) Ignoring player info update for unknown player 4d7e1e0f-3706-3109-a2e0-9b83d175712c ([UPDATE_GAME_MODE])
[00:57:46] [Render thread/WARN] (Minecraft) Ignoring player info update for unknown player 4d7e1e0f-3706-3109-a2e0-9b83d175712c ([UPDATE_GAME_MODE])
[00:57:51] [Render thread/WARN] (Minecraft) Ignoring player info update for unknown player ce1aa491-42e8-3667-897c-0881ad27367b ([UPDATE_GAME_MODE])
[00:57:51] [Render thread/WARN] (Minecraft) Ignoring player info update for unknown player ce1aa491-42e8-3667-897c-0881ad27367b ([UPDATE_GAME_MODE])
[00:57:51] [Render thread/WARN] (Minecraft) Ignoring player info update for unknown player ce1aa491-42e8-3667-897c-0881ad27367b ([UPDATE_GAME_MODE])
[00:57:51] [Render thread/WARN] (Minecraft) Ignoring player info update for unknown player ce1aa491-42e8-3667-897c-0881ad27367b ([UPDATE_GAME_MODE])
[00:57:57] [Render thread/WARN] (Minecraft) Ignoring player info update for unknown player cfbed98b-41c9-3263-bf41-632a32aa4cef ([UPDATE_GAME_MODE])
[00:57:57] [Render thread/WARN] (Minecraft) Ignoring player info update for unknown player cfbed98b-41c9-3263-bf41-632a32aa4cef ([UPDATE_GAME_MODE])
[00:57:57] [Render thread/WARN] (Minecraft) Ignoring player info update for unknown player f4de6056-ce42-33f8-905b-2a226b6b3ef2 ([UPDATE_GAME_MODE])
[00:57:57] [Render thread/WARN] (Minecraft) Ignoring player info update for unknown player f4de6056-ce42-33f8-905b-2a226b6b3ef2 ([UPDATE_GAME_MODE])
[00:57:57] [Render thread/WARN] (Minecraft) Ignoring player info update for unknown player f4de6056-ce42-33f8-905b-2a226b6b3ef2 ([UPDATE_GAME_MODE])
[00:57:57] [Render thread/WARN] (Minecraft) Ignoring player info update for unknown player f4de6056-ce42-33f8-905b-2a226b6b3ef2 ([UPDATE_GAME_MODE])
[00:57:57] [Render thread/WARN] (Minecraft) Ignoring player info update for unknown player 8cba1bdb-7bc3-32e0-a482-d169f007490e ([UPDATE_GAME_MODE])
[00:57:57] [Render thread/WARN] (Minecraft) Ignoring player info update for unknown player 8cba1bdb-7bc3-32e0-a482-d169f007490e ([UPDATE_GAME_MODE])
[00:57:57] [Render thread/WARN] (Minecraft) Ignoring player info update for unknown player 8cba1bdb-7bc3-32e0-a482-d169f007490e ([UPDATE_GAME_MODE])
[00:57:57] [Render thread/WARN] (Minecraft) Ignoring player info update for unknown player 8cba1bdb-7bc3-32e0-a482-d169f007490e ([UPDATE_GAME_MODE])
[00:57:58] [Render thread/WARN] (Minecraft) Ignoring player info update for unknown player 29108ac8-c893-3312-96ed-d0cd19ece385 ([UPDATE_GAME_MODE])
[00:57:58] [Render thread/WARN] (Minecraft) Ignoring player info update for unknown player 29108ac8-c893-3312-96ed-d0cd19ece385 ([UPDATE_GAME_MODE])
[00:57:58] [Render thread/WARN] (Minecraft) Ignoring player info update for unknown player 29108ac8-c893-3312-96ed-d0cd19ece385 ([UPDATE_GAME_MODE])
[00:57:58] [Render thread/WARN] (Minecraft) Ignoring player info update for unknown player 29108ac8-c893-3312-96ed-d0cd19ece385 ([UPDATE_GAME_MODE])
[00:58:01] [Render thread/WARN] (Minecraft) Ignoring player info update for unknown player db553f22-469e-37c7-900a-e18ea2b0ba3d ([UPDATE_GAME_MODE])
[00:58:01] [Render thread/WARN] (Minecraft) Ignoring player info update for unknown player db553f22-469e-37c7-900a-e18ea2b0ba3d ([UPDATE_GAME_MODE])
[00:58:07] [Render thread/INFO] (Minecraft) [System] [CHAT] ╔
[00:58:07] [Render thread/INFO] (Minecraft) [System] [CHAT] ╠          ! ГОЛОСОВОЙ ЧАТ !
[00:58:07] [Render thread/INFO] (Minecraft) [System] [CHAT] ╠ Теперь на сервере можно говорить!
[00:58:07] [Render thread/INFO] (Minecraft) [System] [CHAT] ╠ Подробная информация /voice
[00:58:07] [Render thread/INFO] (Minecraft) [System] [CHAT] ╚
[00:58:08] [Render thread/WARN] (Minecraft) Ignoring player info update for unknown player 1bdbc5d5-6cd0-3acb-be4d-ce7c890621cf ([UPDATE_GAME_MODE])
[00:58:08] [Render thread/WARN] (Minecraft) Ignoring player info update for unknown player 1bdbc5d5-6cd0-3acb-be4d-ce7c890621cf ([UPDATE_GAME_MODE])
[00:58:13] [Render thread/INFO] (Minecraft) [System] [CHAT] Ⓛ [Игрок] HyperWave1111111 ⇨ runer ez
[00:58:18] [Render thread/WARN] (Minecraft) Ignoring player info update for unknown player fcc22da6-c54f-333a-98dc-f8085d2cbc45 ([UPDATE_GAME_MODE])
[00:58:18] [Render thread/WARN] (Minecraft) Ignoring player info update for unknown player fcc22da6-c54f-333a-98dc-f8085d2cbc45 ([UPDATE_GAME_MODE])
[00:58:21] [Render thread/WARN] (Minecraft) Ignoring player info update for unknown player 00b99f48-1864-328d-9985-2d3bb8828f6b ([UPDATE_GAME_MODE])
[00:58:21] [Render thread/WARN] (Minecraft) Ignoring player info update for unknown player 00b99f48-1864-328d-9985-2d3bb8828f6b ([UPDATE_GAME_MODE])
[00:58:21] [Render thread/WARN] (Minecraft) Ignoring player info update for unknown player 00b99f48-1864-328d-9985-2d3bb8828f6b ([UPDATE_GAME_MODE])
[00:58:21] [Render thread/WARN] (Minecraft) Ignoring player info update for unknown player 00b99f48-1864-328d-9985-2d3bb8828f6b ([UPDATE_GAME_MODE])
[00:58:23] [Render thread/WARN] (Minecraft) Ignoring player info update for unknown player f4de6056-ce42-33f8-905b-2a226b6b3ef2 ([UPDATE_GAME_MODE])
[00:58:23] [Render thread/WARN] (Minecraft) Ignoring player info update for unknown player f4de6056-ce42-33f8-905b-2a226b6b3ef2 ([UPDATE_GAME_MODE])
[00:58:23] [Render thread/WARN] (Minecraft) Ignoring player info update for unknown player f4de6056-ce42-33f8-905b-2a226b6b3ef2 ([UPDATE_GAME_MODE])
[00:58:23] [Render thread/WARN] (Minecraft) Ignoring player info update for unknown player f4de6056-ce42-33f8-905b-2a226b6b3ef2 ([UPDATE_GAME_MODE])
[00:58:27] [Render thread/WARN] (Minecraft) Ignoring player info update for unknown player f2a3e16a-ddf2-33c1-b4a4-2cbcde27fba1 ([UPDATE_GAME_MODE])
[00:58:27] [Render thread/WARN] (Minecraft) Ignoring player info update for unknown player f2a3e16a-ddf2-33c1-b4a4-2cbcde27fba1 ([UPDATE_GAME_MODE])
[00:58:27] [Render thread/WARN] (Minecraft) Ignoring player info update for unknown player 5cd02adc-42c2-3fc7-999f-5e8e997eb414 ([UPDATE_GAME_MODE])
[00:58:27] [Render thread/WARN] (Minecraft) Ignoring player info update for unknown player 5cd02adc-42c2-3fc7-999f-5e8e997eb414 ([UPDATE_GAME_MODE])
[00:58:27] [Render thread/WARN] (Minecraft) Ignoring player info update for unknown player 5cd02adc-42c2-3fc7-999f-5e8e997eb414 ([UPDATE_GAME_MODE])
[00:58:27] [Render thread/WARN] (Minecraft) Ignoring player info update for unknown player 5cd02adc-42c2-3fc7-999f-5e8e997eb414 ([UPDATE_GAME_MODE])
[00:58:30] [Render thread/WARN] (Minecraft) Ignoring player info update for unknown player e4cb082f-8fab-3332-8e53-fb848af81a7a ([UPDATE_GAME_MODE])
[00:58:30] [Render thread/WARN] (Minecraft) Ignoring player info update for unknown player e4cb082f-8fab-3332-8e53-fb848af81a7a ([UPDATE_GAME_MODE])
[00:58:30] [Render thread/WARN] (Minecraft) Ignoring player info update for unknown player e4cb082f-8fab-3332-8e53-fb848af81a7a ([UPDATE_GAME_MODE])
[00:58:30] [Render thread/WARN] (Minecraft) Ignoring player info update for unknown player e4cb082f-8fab-3332-8e53-fb848af81a7a ([UPDATE_GAME_MODE])
[00:58:38] [Render thread/WARN] (Minecraft) Ignoring player info update for unknown player 4fec64d7-6be6-3bfd-8ed2-5e996a92a69e ([UPDATE_GAME_MODE])
[00:58:38] [Render thread/WARN] (Minecraft) Ignoring player info update for unknown player 4fec64d7-6be6-3bfd-8ed2-5e996a92a69e ([UPDATE_GAME_MODE])
[00:58:43] [Render thread/WARN] (Minecraft) Ignoring player info update for unknown player 8f1c41a4-84ac-3d2f-8a2c-dd9001ae2110 ([UPDATE_GAME_MODE])
[00:58:43] [Render thread/WARN] (Minecraft) Ignoring player info update for unknown player 8f1c41a4-84ac-3d2f-8a2c-dd9001ae2110 ([UPDATE_GAME_MODE])
[00:58:43] [Render thread/WARN] (Minecraft) Ignoring player info update for unknown player 3bc61d71-fb06-350b-9457-9198a9152035 ([UPDATE_GAME_MODE])
[00:58:43] [Render thread/WARN] (Minecraft) Ignoring player info update for unknown player 3bc61d71-fb06-350b-9457-9198a9152035 ([UPDATE_GAME_MODE])
[00:58:43] [Render thread/WARN] (Minecraft) Ignoring player info update for unknown player 3bc61d71-fb06-350b-9457-9198a9152035 ([UPDATE_GAME_MODE])
[00:58:43] [Render thread/WARN] (Minecraft) Ignoring player info update for unknown player 3bc61d71-fb06-350b-9457-9198a9152035 ([UPDATE_GAME_MODE])
[00:58:52] [Render thread/WARN] (Minecraft) Ignoring player info update for unknown player dfcd0a7f-ee7b-365f-aafa-88b37b4a23c7 ([UPDATE_GAME_MODE])
[00:58:52] [Render thread/WARN] (Minecraft) Ignoring player info update for unknown player dfcd0a7f-ee7b-365f-aafa-88b37b4a23c7 ([UPDATE_GAME_MODE])
[00:58:52] [Render thread/WARN] (Minecraft) Ignoring player info update for unknown player dfcd0a7f-ee7b-365f-aafa-88b37b4a23c7 ([UPDATE_GAME_MODE])
[00:58:52] [Render thread/WARN] (Minecraft) Ignoring player info update for unknown player dfcd0a7f-ee7b-365f-aafa-88b37b4a23c7 ([UPDATE_GAME_MODE])
[00:58:57] [Render thread/WARN] (Minecraft) Ignoring player info update for unknown player 4b1a3d05-63ce-3b17-9708-6d47ccc53ec0 ([UPDATE_GAME_MODE])
[00:58:57] [Render thread/WARN] (Minecraft) Ignoring player info update for unknown player 4b1a3d05-63ce-3b17-9708-6d47ccc53ec0 ([UPDATE_GAME_MODE])
[00:58:59] [Render thread/WARN] (Minecraft) Ignoring player info update for unknown player 1eacfdb6-6850-3f6c-aa7c-8bd76292dd1a ([UPDATE_GAME_MODE])
[00:58:59] [Render thread/WARN] (Minecraft) Ignoring player info update for unknown player 1eacfdb6-6850-3f6c-aa7c-8bd76292dd1a ([UPDATE_GAME_MODE])
[00:58:59] [Render thread/WARN] (Minecraft) Ignoring player info update for unknown player 1eacfdb6-6850-3f6c-aa7c-8bd76292dd1a ([UPDATE_GAME_MODE])
[00:58:59] [Render thread/WARN] (Minecraft) Ignoring player info update for unknown player 1eacfdb6-6850-3f6c-aa7c-8bd76292dd1a ([UPDATE_GAME_MODE])
[00:58:59] [Render thread/WARN] (Minecraft) Ignoring player info update for unknown player 58f6c050-97a0-3523-87cc-a9cedacef56a ([UPDATE_GAME_MODE])
[00:58:59] [Render thread/WARN] (Minecraft) Ignoring player info update for unknown player 58f6c050-97a0-3523-87cc-a9cedacef56a ([UPDATE_GAME_MODE])
[00:59:01] [Render thread/WARN] (Minecraft) Ignoring player info update for unknown player e26bea6e-a927-37e0-8f8d-088c42674756 ([UPDATE_GAME_MODE])
[00:59:01] [Render thread/WARN] (Minecraft) Ignoring player info update for unknown player e26bea6e-a927-37e0-8f8d-088c42674756 ([UPDATE_GAME_MODE])
[00:59:01] [Render thread/WARN] (Minecraft) Ignoring player info update for unknown player e26bea6e-a927-37e0-8f8d-088c42674756 ([UPDATE_GAME_MODE])
[00:59:01] [Render thread/WARN] (Minecraft) Ignoring player info update for unknown player e26bea6e-a927-37e0-8f8d-088c42674756 ([UPDATE_GAME_MODE])
[00:59:02] [Render thread/WARN] (Minecraft) Ignoring player info update for unknown player 794f6166-c41a-31f4-84a6-96c353d97c1a ([UPDATE_GAME_MODE])
[00:59:02] [Render thread/WARN] (Minecraft) Ignoring player info update for unknown player 794f6166-c41a-31f4-84a6-96c353d97c1a ([UPDATE_GAME_MODE])
[00:59:02] [Render thread/WARN] (Minecraft) Ignoring player info update for unknown player 794f6166-c41a-31f4-84a6-96c353d97c1a ([UPDATE_GAME_MODE])
[00:59:02] [Render thread/WARN] (Minecraft) Ignoring player info update for unknown player 794f6166-c41a-31f4-84a6-96c353d97c1a ([UPDATE_GAME_MODE])
[00:59:04] [Render thread/WARN] (Minecraft) Ignoring player info update for unknown player d3cd09df-9b39-3387-9a59-71f968e1690a ([UPDATE_GAME_MODE])
[00:59:04] [Render thread/WARN] (Minecraft) Ignoring player info update for unknown player d3cd09df-9b39-3387-9a59-71f968e1690a ([UPDATE_GAME_MODE])
[00:59:04] [Render thread/WARN] (Minecraft) Ignoring player info update for unknown player d3cd09df-9b39-3387-9a59-71f968e1690a ([UPDATE_GAME_MODE])
[00:59:04] [Render thread/WARN] (Minecraft) Ignoring player info update for unknown player d3cd09df-9b39-3387-9a59-71f968e1690a ([UPDATE_GAME_MODE])
[00:59:04] [Render thread/WARN] (Minecraft) Ignoring player info update for unknown player cf8e3e75-c5a4-32c5-872a-9dcd6c079a3b ([UPDATE_GAME_MODE])
[00:59:04] [Render thread/WARN] (Minecraft) Ignoring player info update for unknown player cf8e3e75-c5a4-32c5-872a-9dcd6c079a3b ([UPDATE_GAME_MODE])
[00:59:04] [Render thread/WARN] (Minecraft) Ignoring player info update for unknown player cf8e3e75-c5a4-32c5-872a-9dcd6c079a3b ([UPDATE_GAME_MODE])
[00:59:04] [Render thread/WARN] (Minecraft) Ignoring player info update for unknown player cf8e3e75-c5a4-32c5-872a-9dcd6c079a3b ([UPDATE_GAME_MODE])
[00:59:06] [Render thread/INFO] (Minecraft) [System] [CHAT] Ⓖ [Игрок] XdeadForBESTIR1 ⇨ soft ez Nesujele
[00:59:07] [Render thread/WARN] (Minecraft) Ignoring player info update for unknown player da1e7274-ec21-3fa8-9ff9-d230acc43a5b ([UPDATE_GAME_MODE])
[00:59:07] [Render thread/WARN] (Minecraft) Ignoring player info update for unknown player da1e7274-ec21-3fa8-9ff9-d230acc43a5b ([UPDATE_GAME_MODE])
[00:59:10] [Render thread/WARN] (Minecraft) Ignoring player info update for unknown player f7980221-3a4f-31dc-a196-ff08de90c91e ([UPDATE_GAME_MODE])
[00:59:10] [Render thread/WARN] (Minecraft) Ignoring player info update for unknown player f7980221-3a4f-31dc-a196-ff08de90c91e ([UPDATE_GAME_MODE])
[00:59:10] [Render thread/WARN] (Minecraft) Ignoring player info update for unknown player f7980221-3a4f-31dc-a196-ff08de90c91e ([UPDATE_GAME_MODE])
[00:59:10] [Render thread/WARN] (Minecraft) Ignoring player info update for unknown player f7980221-3a4f-31dc-a196-ff08de90c91e ([UPDATE_GAME_MODE])
[00:59:10] [Render thread/WARN] (Minecraft) Ignoring player info update for unknown player 6cbbc916-0f48-3ce3-85bb-9353a00d4889 ([UPDATE_GAME_MODE])
[00:59:10] [Render thread/WARN] (Minecraft) Ignoring player info update for unknown player 6cbbc916-0f48-3ce3-85bb-9353a00d4889 ([UPDATE_GAME_MODE])
[00:59:10] [Render thread/WARN] (Minecraft) Ignoring player info update for unknown player 6cbbc916-0f48-3ce3-85bb-9353a00d4889 ([UPDATE_GAME_MODE])
[00:59:10] [Render thread/WARN] (Minecraft) Ignoring player info update for unknown player 6cbbc916-0f48-3ce3-85bb-9353a00d4889 ([UPDATE_GAME_MODE])
[00:59:12] [Render thread/WARN] (Minecraft) Ignoring player info update for unknown player a5396f9d-9501-315a-a9e0-87d5d972816c ([UPDATE_GAME_MODE])
[00:59:12] [Render thread/WARN] (Minecraft) Ignoring player info update for unknown player a5396f9d-9501-315a-a9e0-87d5d972816c ([UPDATE_GAME_MODE])
[00:59:12] [Render thread/WARN] (Minecraft) Ignoring player info update for unknown player a5396f9d-9501-315a-a9e0-87d5d972816c ([UPDATE_GAME_MODE])
[00:59:12] [Render thread/WARN] (Minecraft) Ignoring player info update for unknown player a5396f9d-9501-315a-a9e0-87d5d972816c ([UPDATE_GAME_MODE])
[00:59:30] [Render thread/WARN] (Minecraft) Ignoring player info update for unknown player 3a55ac37-85a4-3bce-8c15-35034c8c88f1 ([UPDATE_GAME_MODE])
[00:59:30] [Render thread/WARN] (Minecraft) Ignoring player info update for unknown player 3a55ac37-85a4-3bce-8c15-35034c8c88f1 ([UPDATE_GAME_MODE])
[00:59:30] [Render thread/WARN] (Minecraft) Ignoring player info update for unknown player 3a55ac37-85a4-3bce-8c15-35034c8c88f1 ([UPDATE_GAME_MODE])
[00:59:30] [Render thread/WARN] (Minecraft) Ignoring player info update for unknown player 3a55ac37-85a4-3bce-8c15-35034c8c88f1 ([UPDATE_GAME_MODE])
[00:59:32] [Render thread/WARN] (Minecraft) Ignoring player info update for unknown player a8f98f1c-ca59-31ad-8d87-f1286dbb0160 ([UPDATE_GAME_MODE])
[00:59:32] [Render thread/WARN] (Minecraft) Ignoring player info update for unknown player a8f98f1c-ca59-31ad-8d87-f1286dbb0160 ([UPDATE_GAME_MODE])
[00:59:32] [Render thread/WARN] (Minecraft) Ignoring player info update for unknown player a8f98f1c-ca59-31ad-8d87-f1286dbb0160 ([UPDATE_GAME_MODE])
[00:59:32] [Render thread/WARN] (Minecraft) Ignoring player info update for unknown player a8f98f1c-ca59-31ad-8d87-f1286dbb0160 ([UPDATE_GAME_MODE])
[00:59:35] [Render thread/WARN] (Minecraft) Ignoring player info update for unknown player 064fa10d-13b6-3e78-9486-2289e76a76a1 ([UPDATE_GAME_MODE])
[00:59:35] [Render thread/WARN] (Minecraft) Ignoring player info update for unknown player 064fa10d-13b6-3e78-9486-2289e76a76a1 ([UPDATE_GAME_MODE])
[00:59:37] [Render thread/INFO] (Minecraft) [System] [CHAT] ╔
[00:59:37] [Render thread/INFO] (Minecraft) [System] [CHAT] ╠ Подписывайтесь на наш ТТ - tiktok.com/@spookytime_tt
[00:59:37] [Render thread/INFO] (Minecraft) [System] [CHAT] ╚
[00:59:40] [Render thread/WARN] (Minecraft) Ignoring player info update for unknown player 766c1ff3-7130-3927-a6e4-5df68d4401a5 ([UPDATE_GAME_MODE])
[00:59:40] [Render thread/WARN] (Minecraft) Ignoring player info update for unknown player 766c1ff3-7130-3927-a6e4-5df68d4401a5 ([UPDATE_GAME_MODE])
[00:59:55] [Render thread/WARN] (Minecraft) Ignoring player info update for unknown player b52e4362-e025-3a4b-94b5-9a6e04413726 ([UPDATE_GAME_MODE])
[00:59:55] [Render thread/WARN] (Minecraft) Ignoring player info update for unknown player b52e4362-e025-3a4b-94b5-9a6e04413726 ([UPDATE_GAME_MODE])
[00:59:55] [Render thread/WARN] (Minecraft) Ignoring player info update for unknown player b52e4362-e025-3a4b-94b5-9a6e04413726 ([UPDATE_GAME_MODE])
[00:59:55] [Render thread/WARN] (Minecraft) Ignoring player info update for unknown player b52e4362-e025-3a4b-94b5-9a6e04413726 ([UPDATE_GAME_MODE])
[00:59:59] [Render thread/WARN] (Minecraft) Ignoring player info update for unknown player 2f1b08d6-302f-3b26-994b-0710945480d2 ([UPDATE_GAME_MODE])
[00:59:59] [Render thread/WARN] (Minecraft) Ignoring player info update for unknown player 2f1b08d6-302f-3b26-994b-0710945480d2 ([UPDATE_GAME_MODE])
[01:00:06] [Render thread/INFO] (Minecraft) [System] [CHAT] Ⓖ [ɢᴏᴅ] ssintez SUICIDE ⇨ ansoft duel
[01:00:08] [Render thread/WARN] (Minecraft) Ignoring player info update for unknown player cb9f6974-26fa-37f0-b518-504158dd6467 ([UPDATE_GAME_MODE])
[01:00:08] [Render thread/WARN] (Minecraft) Ignoring player info update for unknown player cb9f6974-26fa-37f0-b518-504158dd6467 ([UPDATE_GAME_MODE])
[01:00:08] [Render thread/WARN] (Minecraft) Ignoring player info update for unknown player cb9f6974-26fa-37f0-b518-504158dd6467 ([UPDATE_GAME_MODE])
[01:00:08] [Render thread/WARN] (Minecraft) Ignoring player info update for unknown player cb9f6974-26fa-37f0-b518-504158dd6467 ([UPDATE_GAME_MODE])
[01:00:09] [Render thread/WARN] (Minecraft) Ignoring player info update for unknown player efdb9ea4-716c-3719-9733-efdb6eddbcb5 ([UPDATE_GAME_MODE])
[01:00:09] [Render thread/WARN] (Minecraft) Ignoring player info update for unknown player efdb9ea4-716c-3719-9733-efdb6eddbcb5 ([UPDATE_GAME_MODE])
[01:00:09] [Render thread/WARN] (Minecraft) Ignoring player info update for unknown player efdb9ea4-716c-3719-9733-efdb6eddbcb5 ([UPDATE_GAME_MODE])
[01:00:09] [Render thread/WARN] (Minecraft) Ignoring player info update for unknown player efdb9ea4-716c-3719-9733-efdb6eddbcb5 ([UPDATE_GAME_MODE])
[01:00:12] [Render thread/INFO] (Minecraft) [System] [CHAT] Ⓛ [ɢᴏᴅ] Snippa2012 ⇨ какой самый лучший софт за всю историю
[01:00:21] [Render thread/WARN] (Minecraft) Ignoring player info update for unknown player e26bea6e-a927-37e0-8f8d-088c42674756 ([UPDATE_GAME_MODE])
[01:00:21] [Render thread/WARN] (Minecraft) Ignoring player info update for unknown player e26bea6e-a927-37e0-8f8d-088c42674756 ([UPDATE_GAME_MODE])
[01:00:21] [Render thread/WARN] (Minecraft) Ignoring player info update for unknown player e26bea6e-a927-37e0-8f8d-088c42674756 ([UPDATE_GAME_MODE])
[01:00:21] [Render thread/WARN] (Minecraft) Ignoring player info update for unknown player e26bea6e-a927-37e0-8f8d-088c42674756 ([UPDATE_GAME_MODE])
[01:00:25] [Render thread/WARN] (Minecraft) Ignoring player info update for unknown player 556a62f5-9f11-3b73-aa99-9d941916dba3 ([UPDATE_GAME_MODE])
[01:00:25] [Render thread/WARN] (Minecraft) Ignoring player info update for unknown player 556a62f5-9f11-3b73-aa99-9d941916dba3 ([UPDATE_GAME_MODE])
[01:00:25] [Render thread/WARN] (Minecraft) Ignoring player info update for unknown player 556a62f5-9f11-3b73-aa99-9d941916dba3 ([UPDATE_GAME_MODE])
[01:00:25] [Render thread/WARN] (Minecraft) Ignoring player info update for unknown player 556a62f5-9f11-3b73-aa99-9d941916dba3 ([UPDATE_GAME_MODE])
[01:00:25] [Render thread/WARN] (Minecraft) Ignoring player info update for unknown player a8f98f1c-ca59-31ad-8d87-f1286dbb0160 ([UPDATE_GAME_MODE])
[01:00:25] [Render thread/WARN] (Minecraft) Ignoring player info update for unknown player a8f98f1c-ca59-31ad-8d87-f1286dbb0160 ([UPDATE_GAME_MODE])
[01:00:25] [Render thread/WARN] (Minecraft) Ignoring player info update for unknown player a8f98f1c-ca59-31ad-8d87-f1286dbb0160 ([UPDATE_GAME_MODE])
[01:00:25] [Render thread/WARN] (Minecraft) Ignoring player info update for unknown player a8f98f1c-ca59-31ad-8d87-f1286dbb0160 ([UPDATE_GAME_MODE])
[01:00:32] [Render thread/WARN] (Minecraft) Ignoring player info update for unknown player e7bebe43-ded0-3be5-a372-aff8c2465874 ([UPDATE_GAME_MODE])
[01:00:32] [Render thread/WARN] (Minecraft) Ignoring player info update for unknown player e7bebe43-ded0-3be5-a372-aff8c2465874 ([UPDATE_GAME_MODE])
[01:00:36] [Render thread/WARN] (Minecraft) Ignoring player info update for unknown player 8cd8c1f6-37c0-322b-abba-903cb28580b1 ([UPDATE_GAME_MODE])
[01:00:36] [Render thread/WARN] (Minecraft) Ignoring player info update for unknown player 8cd8c1f6-37c0-322b-abba-903cb28580b1 ([UPDATE_GAME_MODE])
[01:00:36] [Render thread/WARN] (Minecraft) Ignoring player info update for unknown player a8f98f1c-ca59-31ad-8d87-f1286dbb0160 ([UPDATE_GAME_MODE])
[01:00:36] [Render thread/WARN] (Minecraft) Ignoring player info update for unknown player a8f98f1c-ca59-31ad-8d87-f1286dbb0160 ([UPDATE_GAME_MODE])
[01:00:36] [Render thread/WARN] (Minecraft) Ignoring player info update for unknown player a8f98f1c-ca59-31ad-8d87-f1286dbb0160 ([UPDATE_GAME_MODE])
[01:00:36] [Render thread/WARN] (Minecraft) Ignoring player info update for unknown player a8f98f1c-ca59-31ad-8d87-f1286dbb0160 ([UPDATE_GAME_MODE])
[01:00:39] [Render thread/WARN] (Minecraft) Ignoring player info update for unknown player 3f757cc5-0c23-3a9b-b841-74bd802fc8e4 ([UPDATE_GAME_MODE])
[01:00:39] [Render thread/WARN] (Minecraft) Ignoring player info update for unknown player 3f757cc5-0c23-3a9b-b841-74bd802fc8e4 ([UPDATE_GAME_MODE])
[01:00:40] [Render thread/WARN] (Minecraft) Ignoring player info update for unknown player e7901733-eef1-3e04-834e-b70406d86072 ([UPDATE_GAME_MODE])
[01:00:40] [Render thread/WARN] (Minecraft) Ignoring player info update for unknown player e7901733-eef1-3e04-834e-b70406d86072 ([UPDATE_GAME_MODE])
[01:00:42] [Render thread/WARN] (Minecraft) Ignoring player info update for unknown player f65d2347-957a-3347-a07a-4a6711e3d30c ([UPDATE_GAME_MODE])
[01:00:42] [Render thread/WARN] (Minecraft) Ignoring player info update for unknown player f65d2347-957a-3347-a07a-4a6711e3d30c ([UPDATE_GAME_MODE])
[01:00:42] [Render thread/WARN] (Minecraft) Ignoring player info update for unknown player f65d2347-957a-3347-a07a-4a6711e3d30c ([UPDATE_GAME_MODE])
[01:00:42] [Render thread/WARN] (Minecraft) Ignoring player info update for unknown player f65d2347-957a-3347-a07a-4a6711e3d30c ([UPDATE_GAME_MODE])
[01:00:44] [Render thread/INFO] (Minecraft) [System] [CHAT] Ⓛ [ɢᴏᴅ] Mr_satomka PVP ⇨ СОСОССОСО
[01:00:49] [Render thread/WARN] (Minecraft) Ignoring player info update for unknown player a8f98f1c-ca59-31ad-8d87-f1286dbb0160 ([UPDATE_GAME_MODE])
[01:00:49] [Render thread/WARN] (Minecraft) Ignoring player info update for unknown player a8f98f1c-ca59-31ad-8d87-f1286dbb0160 ([UPDATE_GAME_MODE])
[01:00:49] [Render thread/WARN] (Minecraft) Ignoring player info update for unknown player a8f98f1c-ca59-31ad-8d87-f1286dbb0160 ([UPDATE_GAME_MODE])
[01:00:49] [Render thread/WARN] (Minecraft) Ignoring player info update for unknown player a8f98f1c-ca59-31ad-8d87-f1286dbb0160 ([UPDATE_GAME_MODE])
[01:00:50] [Render thread/INFO] (Minecraft) [System] [CHAT] Ⓛ [ɢᴏᴅ] Mr_satomka PVP ⇨ НИЩЕТА ЕБАНОЕ
[01:00:54] [Render thread/WARN] (Minecraft) Ignoring player info update for unknown player f4ba2921-2504-309d-916f-289bb775ac48 ([UPDATE_GAME_MODE])
[01:00:54] [Render thread/WARN] (Minecraft) Ignoring player info update for unknown player f4ba2921-2504-309d-916f-289bb775ac48 ([UPDATE_GAME_MODE])
[01:00:54] [Render thread/WARN] (Minecraft) Ignoring player info update for unknown player f4ba2921-2504-309d-916f-289bb775ac48 ([UPDATE_GAME_MODE])
[01:00:54] [Render thread/WARN] (Minecraft) Ignoring player info update for unknown player f4ba2921-2504-309d-916f-289bb775ac48 ([UPDATE_GAME_MODE])
[01:00:59] [Render thread/WARN] (Minecraft) Ignoring player info update for unknown player 6b170587-9ddb-3460-8b96-bce1a989bc6a ([UPDATE_GAME_MODE])
[01:00:59] [Render thread/WARN] (Minecraft) Ignoring player info update for unknown player 6b170587-9ddb-3460-8b96-bce1a989bc6a ([UPDATE_GAME_MODE])
[01:00:59] [Render thread/WARN] (Minecraft) Ignoring player info update for unknown player 6b170587-9ddb-3460-8b96-bce1a989bc6a ([UPDATE_GAME_MODE])
[01:00:59] [Render thread/WARN] (Minecraft) Ignoring player info update for unknown player 6b170587-9ddb-3460-8b96-bce1a989bc6a ([UPDATE_GAME_MODE])
[01:01:00] [Render thread/WARN] (Minecraft) Ignoring player info update for unknown player 5df60c77-37ae-3125-a1ac-c3744ea5617e ([UPDATE_GAME_MODE])
[01:01:00] [Render thread/WARN] (Minecraft) Ignoring player info update for unknown player 5df60c77-37ae-3125-a1ac-c3744ea5617e ([UPDATE_GAME_MODE])
[01:01:00] [Render thread/WARN] (Minecraft) Ignoring player info update for unknown player 5df60c77-37ae-3125-a1ac-c3744ea5617e ([UPDATE_GAME_MODE])
[01:01:00] [Render thread/WARN] (Minecraft) Ignoring player info update for unknown player 5df60c77-37ae-3125-a1ac-c3744ea5617e ([UPDATE_GAME_MODE])
[01:01:01] [Render thread/INFO] (Minecraft) [System] [CHAT] Ⓛ [ɢᴏᴅ] skyloveqqgg WIN ⇨ ea
[01:01:01] [Render thread/WARN] (Minecraft) Ignoring player info update for unknown player cb9f6974-26fa-37f0-b518-504158dd6467 ([UPDATE_GAME_MODE])
[01:01:01] [Render thread/WARN] (Minecraft) Ignoring player info update for unknown player cb9f6974-26fa-37f0-b518-504158dd6467 ([UPDATE_GAME_MODE])
[01:01:01] [Render thread/WARN] (Minecraft) Ignoring player info update for unknown player cb9f6974-26fa-37f0-b518-504158dd6467 ([UPDATE_GAME_MODE])
[01:01:01] [Render thread/WARN] (Minecraft) Ignoring player info update for unknown player cb9f6974-26fa-37f0-b518-504158dd6467 ([UPDATE_GAME_MODE])
[01:01:04] [Render thread/INFO] (Minecraft) [System] [CHAT] Ⓛ [ɢᴏᴅ] skyloveqqgg WIN ⇨ ez
[01:01:04] [Render thread/WARN] (Minecraft) Ignoring player info update for unknown player 998a6136-9a07-3d76-b7f7-f465d4ffd68f ([UPDATE_GAME_MODE])
[01:01:04] [Render thread/WARN] (Minecraft) Ignoring player info update for unknown player 998a6136-9a07-3d76-b7f7-f465d4ffd68f ([UPDATE_GAME_MODE])
[01:01:04] [Render thread/WARN] (Minecraft) Ignoring player info update for unknown player 998a6136-9a07-3d76-b7f7-f465d4ffd68f ([UPDATE_GAME_MODE])
[01:01:04] [Render thread/WARN] (Minecraft) Ignoring player info update for unknown player 998a6136-9a07-3d76-b7f7-f465d4ffd68f ([UPDATE_GAME_MODE])
[01:01:07] [Render thread/INFO] (Minecraft) [System] [CHAT] ╔
[01:01:07] [Render thread/INFO] (Minecraft) [System] [CHAT] ╠ Мы есть в ДС - discord.gg/spookytime
[01:01:07] [Render thread/INFO] (Minecraft) [System] [CHAT] ╚
[01:01:11] [Render thread/WARN] (Minecraft) Ignoring player info update for unknown player cb9f6974-26fa-37f0-b518-504158dd6467 ([UPDATE_GAME_MODE])
[01:01:11] [Render thread/WARN] (Minecraft) Ignoring player info update for unknown player cb9f6974-26fa-37f0-b518-504158dd6467 ([UPDATE_GAME_MODE])
[01:01:11] [Render thread/WARN] (Minecraft) Ignoring player info update for unknown player cb9f6974-26fa-37f0-b518-504158dd6467 ([UPDATE_GAME_MODE])
[01:01:11] [Render thread/WARN] (Minecraft) Ignoring player info update for unknown player cb9f6974-26fa-37f0-b518-504158dd6467 ([UPDATE_GAME_MODE])
[01:01:16] [Render thread/WARN] (Minecraft) Ignoring player info update for unknown player cf8e3e75-c5a4-32c5-872a-9dcd6c079a3b ([UPDATE_GAME_MODE])
[01:01:16] [Render thread/WARN] (Minecraft) Ignoring player info update for unknown player cf8e3e75-c5a4-32c5-872a-9dcd6c079a3b ([UPDATE_GAME_MODE])
[01:01:16] [Render thread/WARN] (Minecraft) Ignoring player info update for unknown player cf8e3e75-c5a4-32c5-872a-9dcd6c079a3b ([UPDATE_GAME_MODE])
[01:01:16] [Render thread/WARN] (Minecraft) Ignoring player info update for unknown player cf8e3e75-c5a4-32c5-872a-9dcd6c079a3b ([UPDATE_GAME_MODE])
[01:01:16] [Render thread/WARN] (Minecraft) Ignoring player info update for unknown player 57e73fc8-4f37-377d-8425-6ee49e150159 ([UPDATE_GAME_MODE])
[01:01:16] [Render thread/WARN] (Minecraft) Ignoring player info update for unknown player 57e73fc8-4f37-377d-8425-6ee49e150159 ([UPDATE_GAME_MODE])
[01:01:18] [Render thread/WARN] (Minecraft) Ignoring player info update for unknown player cf4e6091-e052-3c9e-9ed5-3411f989b112 ([UPDATE_GAME_MODE])
[01:01:18] [Render thread/WARN] (Minecraft) Ignoring player info update for unknown player cf4e6091-e052-3c9e-9ed5-3411f989b112 ([UPDATE_GAME_MODE])
[01:01:18] [Render thread/WARN] (Minecraft) Ignoring player info update for unknown player 5ab25462-3610-3322-90b4-99449881005e ([UPDATE_GAME_MODE])
[01:01:18] [Render thread/WARN] (Minecraft) Ignoring player info update for unknown player 5ab25462-3610-3322-90b4-99449881005e ([UPDATE_GAME_MODE])
[01:01:18] [Render thread/WARN] (Minecraft) Ignoring player info update for unknown player 5ab25462-3610-3322-90b4-99449881005e ([UPDATE_GAME_MODE])
[01:01:18] [Render thread/WARN] (Minecraft) Ignoring player info update for unknown player 5ab25462-3610-3322-90b4-99449881005e ([UPDATE_GAME_MODE])
[01:01:22] [Render thread/WARN] (Minecraft) Ignoring player info update for unknown player 1d474e25-37af-329b-abf4-eb5d87493fc5 ([UPDATE_GAME_MODE])
[01:01:22] [Render thread/WARN] (Minecraft) Ignoring player info update for unknown player 1d474e25-37af-329b-abf4-eb5d87493fc5 ([UPDATE_GAME_MODE])
[01:01:22] [Render thread/WARN] (Minecraft) Ignoring player info update for unknown player 1d474e25-37af-329b-abf4-eb5d87493fc5 ([UPDATE_GAME_MODE])
[01:01:22] [Render thread/WARN] (Minecraft) Ignoring player info update for unknown player 1d474e25-37af-329b-abf4-eb5d87493fc5 ([UPDATE_GAME_MODE])
[01:01:22] [Render thread/WARN] (Minecraft) Ignoring player info update for unknown player 38b9aa94-2fcc-3721-b0e4-046366b14603 ([UPDATE_GAME_MODE])
[01:01:22] [Render thread/WARN] (Minecraft) Ignoring player info update for unknown player 38b9aa94-2fcc-3721-b0e4-046366b14603 ([UPDATE_GAME_MODE])
[01:01:29] [Render thread/WARN] (Minecraft) Ignoring player info update for unknown player a8f98f1c-ca59-31ad-8d87-f1286dbb0160 ([UPDATE_GAME_MODE])
[01:01:29] [Render thread/WARN] (Minecraft) Ignoring player info update for unknown player a8f98f1c-ca59-31ad-8d87-f1286dbb0160 ([UPDATE_GAME_MODE])
[01:01:29] [Render thread/WARN] (Minecraft) Ignoring player info update for unknown player a8f98f1c-ca59-31ad-8d87-f1286dbb0160 ([UPDATE_GAME_MODE])
[01:01:29] [Render thread/WARN] (Minecraft) Ignoring player info update for unknown player a8f98f1c-ca59-31ad-8d87-f1286dbb0160 ([UPDATE_GAME_MODE])
[01:01:33] [Render thread/WARN] (Minecraft) Ignoring player info update for unknown player 05317bfe-fa75-3e55-8286-648383ba8f2b ([UPDATE_GAME_MODE])
[01:01:33] [Render thread/WARN] (Minecraft) Ignoring player info update for unknown player 05317bfe-fa75-3e55-8286-648383ba8f2b ([UPDATE_GAME_MODE])
[01:01:38] [Render thread/WARN] (Minecraft) Ignoring player info update for unknown player f65d2347-957a-3347-a07a-4a6711e3d30c ([UPDATE_GAME_MODE])
[01:01:38] [Render thread/WARN] (Minecraft) Ignoring player info update for unknown player f65d2347-957a-3347-a07a-4a6711e3d30c ([UPDATE_GAME_MODE])
[01:01:38] [Render thread/WARN] (Minecraft) Ignoring player info update for unknown player f65d2347-957a-3347-a07a-4a6711e3d30c ([UPDATE_GAME_MODE])
[01:01:38] [Render thread/WARN] (Minecraft) Ignoring player info update for unknown player f65d2347-957a-3347-a07a-4a6711e3d30c ([UPDATE_GAME_MODE])
[01:01:40] [Render thread/WARN] (Minecraft) Ignoring player info update for unknown player cb9f6974-26fa-37f0-b518-504158dd6467 ([UPDATE_GAME_MODE])
[01:01:40] [Render thread/WARN] (Minecraft) Ignoring player info update for unknown player cb9f6974-26fa-37f0-b518-504158dd6467 ([UPDATE_GAME_MODE])
[01:01:40] [Render thread/WARN] (Minecraft) Ignoring player info update for unknown player cb9f6974-26fa-37f0-b518-504158dd6467 ([UPDATE_GAME_MODE])
[01:01:40] [Render thread/WARN] (Minecraft) Ignoring player info update for unknown player cb9f6974-26fa-37f0-b518-504158dd6467 ([UPDATE_GAME_MODE])
[01:01:51] [Render thread/WARN] (Minecraft) Ignoring player info update for unknown player d44b1145-322c-3cb9-8d8a-24b81e2c14ce ([UPDATE_GAME_MODE])
[01:01:51] [Render thread/WARN] (Minecraft) Ignoring player info update for unknown player d44b1145-322c-3cb9-8d8a-24b81e2c14ce ([UPDATE_GAME_MODE])
[01:01:51] [Render thread/WARN] (Minecraft) Ignoring player info update for unknown player d44b1145-322c-3cb9-8d8a-24b81e2c14ce ([UPDATE_GAME_MODE])
[01:01:51] [Render thread/WARN] (Minecraft) Ignoring player info update for unknown player d44b1145-322c-3cb9-8d8a-24b81e2c14ce ([UPDATE_GAME_MODE])
[01:01:57] [Render thread/WARN] (Minecraft) Ignoring player info update for unknown player f33272b3-e477-3027-8276-32d64576fa3c ([UPDATE_GAME_MODE])
[01:01:57] [Render thread/WARN] (Minecraft) Ignoring player info update for unknown player f33272b3-e477-3027-8276-32d64576fa3c ([UPDATE_GAME_MODE])
[01:02:00] [Render thread/WARN] (Minecraft) Ignoring player info update for unknown player 236eec76-617e-3049-8cbc-069f477d85a8 ([UPDATE_GAME_MODE])
[01:02:00] [Render thread/WARN] (Minecraft) Ignoring player info update for unknown player 236eec76-617e-3049-8cbc-069f477d85a8 ([UPDATE_GAME_MODE])
[01:02:02] [Render thread/WARN] (Minecraft) Ignoring player info update for unknown player 05317bfe-fa75-3e55-8286-648383ba8f2b ([UPDATE_GAME_MODE])
[01:02:02] [Render thread/WARN] (Minecraft) Ignoring player info update for unknown player 05317bfe-fa75-3e55-8286-648383ba8f2b ([UPDATE_GAME_MODE])
[01:02:02] [Render thread/WARN] (Minecraft) Ignoring player info update for unknown player 05317bfe-fa75-3e55-8286-648383ba8f2b ([UPDATE_GAME_MODE])
[01:02:02] [Render thread/WARN] (Minecraft) Ignoring player info update for unknown player 05317bfe-fa75-3e55-8286-648383ba8f2b ([UPDATE_GAME_MODE])
[01:02:05] [Render thread/WARN] (Minecraft) Ignoring player info update for unknown player b1f43b34-1698-3bef-9e6e-31c02ef10429 ([UPDATE_GAME_MODE])
[01:02:05] [Render thread/WARN] (Minecraft) Ignoring player info update for unknown player b1f43b34-1698-3bef-9e6e-31c02ef10429 ([UPDATE_GAME_MODE])
[01:02:05] [Render thread/WARN] (Minecraft) Ignoring player info update for unknown player b1f43b34-1698-3bef-9e6e-31c02ef10429 ([UPDATE_GAME_MODE])
[01:02:05] [Render thread/WARN] (Minecraft) Ignoring player info update for unknown player b1f43b34-1698-3bef-9e6e-31c02ef10429 ([UPDATE_GAME_MODE])
[01:02:06] [Render thread/WARN] (Minecraft) Ignoring player info update for unknown player 947ef176-abbb-361d-ba62-5aaf808f94b1 ([UPDATE_GAME_MODE])
[01:02:06] [Render thread/WARN] (Minecraft) Ignoring player info update for unknown player 947ef176-abbb-361d-ba62-5aaf808f94b1 ([UPDATE_GAME_MODE])
[01:02:11] [Render thread/WARN] (Minecraft) Ignoring player info update for unknown player 46dedd8c-549e-35bd-8ad1-b38078ea1638 ([UPDATE_GAME_MODE])
[01:02:11] [Render thread/WARN] (Minecraft) Ignoring player info update for unknown player 46dedd8c-549e-35bd-8ad1-b38078ea1638 ([UPDATE_GAME_MODE])
[01:02:11] [Render thread/WARN] (Minecraft) Ignoring player info update for unknown player 46dedd8c-549e-35bd-8ad1-b38078ea1638 ([UPDATE_GAME_MODE])
[01:02:11] [Render thread/WARN] (Minecraft) Ignoring player info update for unknown player 46dedd8c-549e-35bd-8ad1-b38078ea1638 ([UPDATE_GAME_MODE])
[01:02:20] [Render thread/WARN] (Minecraft) Ignoring player info update for unknown player c74f8ddb-6d95-3ec0-b694-e0cca8c1f2ac ([UPDATE_GAME_MODE])
[01:02:20] [Render thread/WARN] (Minecraft) Ignoring player info update for unknown player c74f8ddb-6d95-3ec0-b694-e0cca8c1f2ac ([UPDATE_GAME_MODE])
[01:02:20] [Render thread/WARN] (Minecraft) Ignoring player info update for unknown player c74f8ddb-6d95-3ec0-b694-e0cca8c1f2ac ([UPDATE_GAME_MODE])
[01:02:20] [Render thread/WARN] (Minecraft) Ignoring player info update for unknown player c74f8ddb-6d95-3ec0-b694-e0cca8c1f2ac ([UPDATE_GAME_MODE])
[01:02:21] [Render thread/WARN] (Minecraft) Ignoring player info update for unknown player 9d39492d-f554-395b-90a8-927263b14554 ([UPDATE_GAME_MODE])
[01:02:21] [Render thread/WARN] (Minecraft) Ignoring player info update for unknown player 9d39492d-f554-395b-90a8-927263b14554 ([UPDATE_GAME_MODE])
[01:02:21] [Render thread/WARN] (Minecraft) Ignoring player info update for unknown player 9d39492d-f554-395b-90a8-927263b14554 ([UPDATE_GAME_MODE])
[01:02:21] [Render thread/WARN] (Minecraft) Ignoring player info update for unknown player 9d39492d-f554-395b-90a8-927263b14554 ([UPDATE_GAME_MODE])
[01:02:24] [Render thread/WARN] (Minecraft) Ignoring player info update for unknown player b1b24c53-a3bb-3bed-9f13-391f9721b28e ([UPDATE_GAME_MODE])
[01:02:24] [Render thread/WARN] (Minecraft) Ignoring player info update for unknown player b1b24c53-a3bb-3bed-9f13-391f9721b28e ([UPDATE_GAME_MODE])
[01:02:24] [Render thread/WARN] (Minecraft) Ignoring player info update for unknown player b1b24c53-a3bb-3bed-9f13-391f9721b28e ([UPDATE_GAME_MODE])
[01:02:24] [Render thread/WARN] (Minecraft) Ignoring player info update for unknown player b1b24c53-a3bb-3bed-9f13-391f9721b28e ([UPDATE_GAME_MODE])
[01:02:28] [Render thread/WARN] (Minecraft) Ignoring player info update for unknown player 46dedd8c-549e-35bd-8ad1-b38078ea1638 ([UPDATE_GAME_MODE])
[01:02:28] [Render thread/WARN] (Minecraft) Ignoring player info update for unknown player 46dedd8c-549e-35bd-8ad1-b38078ea1638 ([UPDATE_GAME_MODE])
[01:02:28] [Render thread/WARN] (Minecraft) Ignoring player info update for unknown player 46dedd8c-549e-35bd-8ad1-b38078ea1638 ([UPDATE_GAME_MODE])
[01:02:28] [Render thread/WARN] (Minecraft) Ignoring player info update for unknown player 46dedd8c-549e-35bd-8ad1-b38078ea1638 ([UPDATE_GAME_MODE])
[01:02:37] [Render thread/WARN] (Minecraft) Ignoring player info update for unknown player dc23ec02-8be9-3382-8d26-01ccd8c20d0a ([UPDATE_GAME_MODE])
[01:02:37] [Render thread/WARN] (Minecraft) Ignoring player info update for unknown player dc23ec02-8be9-3382-8d26-01ccd8c20d0a ([UPDATE_GAME_MODE])
[01:02:37] [Render thread/WARN] (Minecraft) Ignoring player info update for unknown player dc23ec02-8be9-3382-8d26-01ccd8c20d0a ([UPDATE_GAME_MODE])
[01:02:37] [Render thread/WARN] (Minecraft) Ignoring player info update for unknown player dc23ec02-8be9-3382-8d26-01ccd8c20d0a ([UPDATE_GAME_MODE])
[01:02:37] [Render thread/INFO] (Minecraft) [System] [CHAT] ╔
[01:02:37] [Render thread/INFO] (Minecraft) [System] [CHAT] ╠       ! НАБОР В КОМАНДУ ПРОЕКТА !
[01:02:37] [Render thread/INFO] (Minecraft) [System] [CHAT] ╠ Открыт осенний набор в Команду Проекта
[01:02:37] [Render thread/INFO] (Minecraft) [System] [CHAT] ╠ Давай бороться с читерами вместе!
[01:02:37] [Render thread/INFO] (Minecraft) [System] [CHAT] ╠ Подавай заявку и ты: vk.cc/cCSS5u
[01:02:37] [Render thread/INFO] (Minecraft) [System] [CHAT] ╚
[01:02:42] [Render thread/WARN] (Minecraft) Ignoring player info update for unknown player 46dedd8c-549e-35bd-8ad1-b38078ea1638 ([UPDATE_GAME_MODE])
[01:02:42] [Render thread/WARN] (Minecraft) Ignoring player info update for unknown player 46dedd8c-549e-35bd-8ad1-b38078ea1638 ([UPDATE_GAME_MODE])
[01:02:42] [Render thread/WARN] (Minecraft) Ignoring player info update for unknown player 46dedd8c-549e-35bd-8ad1-b38078ea1638 ([UPDATE_GAME_MODE])
[01:02:42] [Render thread/WARN] (Minecraft) Ignoring player info update for unknown player 46dedd8c-549e-35bd-8ad1-b38078ea1638 ([UPDATE_GAME_MODE])
[01:02:45] [Render thread/WARN] (Minecraft) Ignoring player info update for unknown player cf7925f8-c2d9-393c-9e28-5288515d372a ([UPDATE_GAME_MODE])
[01:02:45] [Render thread/WARN] (Minecraft) Ignoring player info update for unknown player cf7925f8-c2d9-393c-9e28-5288515d372a ([UPDATE_GAME_MODE])
[01:02:45] [Render thread/WARN] (Minecraft) Ignoring player info update for unknown player cf7925f8-c2d9-393c-9e28-5288515d372a ([UPDATE_GAME_MODE])
[01:02:45] [Render thread/WARN] (Minecraft) Ignoring player info update for unknown player cf7925f8-c2d9-393c-9e28-5288515d372a ([UPDATE_GAME_MODE])
[01:02:45] [Render thread/WARN] (Minecraft) Ignoring player info update for unknown player 9b041711-dd48-309d-bd79-fc77ac86dbc5 ([UPDATE_GAME_MODE])
[01:02:45] [Render thread/WARN] (Minecraft) Ignoring player info update for unknown player 9b041711-dd48-309d-bd79-fc77ac86dbc5 ([UPDATE_GAME_MODE])
[01:02:45] [Render thread/WARN] (Minecraft) Ignoring player info update for unknown player 9b041711-dd48-309d-bd79-fc77ac86dbc5 ([UPDATE_GAME_MODE])
[01:02:45] [Render thread/WARN] (Minecraft) Ignoring player info update for unknown player 9b041711-dd48-309d-bd79-fc77ac86dbc5 ([UPDATE_GAME_MODE])
[01:02:49] [Render thread/WARN] (Minecraft) Ignoring player info update for unknown player 8ce757b5-ba50-3163-b0c4-bf17adeeb471 ([UPDATE_GAME_MODE])
[01:02:49] [Render thread/WARN] (Minecraft) Ignoring player info update for unknown player 8ce757b5-ba50-3163-b0c4-bf17adeeb471 ([UPDATE_GAME_MODE])
[01:02:49] [Render thread/WARN] (Minecraft) Ignoring player info update for unknown player 8ce757b5-ba50-3163-b0c4-bf17adeeb471 ([UPDATE_GAME_MODE])
[01:02:49] [Render thread/WARN] (Minecraft) Ignoring player info update for unknown player 8ce757b5-ba50-3163-b0c4-bf17adeeb471 ([UPDATE_GAME_MODE])
[01:02:55] [Render thread/WARN] (Minecraft) Ignoring player info update for unknown player 12ff4d87-c5c5-31e0-bf2d-52e631aeda73 ([UPDATE_GAME_MODE])
[01:02:55] [Render thread/WARN] (Minecraft) Ignoring player info update for unknown player 12ff4d87-c5c5-31e0-bf2d-52e631aeda73 ([UPDATE_GAME_MODE])
[01:02:58] [Render thread/WARN] (Minecraft) Ignoring player info update for unknown player 701dd68b-6b59-329e-a5bc-edc652c8d9b9 ([UPDATE_GAME_MODE])
[01:02:58] [Render thread/WARN] (Minecraft) Ignoring player info update for unknown player 701dd68b-6b59-329e-a5bc-edc652c8d9b9 ([UPDATE_GAME_MODE])
[01:02:58] [Render thread/WARN] (Minecraft) Ignoring player info update for unknown player 701dd68b-6b59-329e-a5bc-edc652c8d9b9 ([UPDATE_GAME_MODE])
[01:02:58] [Render thread/WARN] (Minecraft) Ignoring player info update for unknown player 701dd68b-6b59-329e-a5bc-edc652c8d9b9 ([UPDATE_GAME_MODE])
[01:03:03] [Render thread/WARN] (Minecraft) Ignoring player info update for unknown player 6c6964c6-9c45-3d7e-84fb-3dd20d9da602 ([UPDATE_GAME_MODE])
[01:03:03] [Render thread/WARN] (Minecraft) Ignoring player info update for unknown player 6c6964c6-9c45-3d7e-84fb-3dd20d9da602 ([UPDATE_GAME_MODE])
[01:03:14] [Render thread/WARN] (Minecraft) Ignoring player info update for unknown player e1b90868-be8b-35c7-be86-f93b88633511 ([UPDATE_GAME_MODE])
[01:03:14] [Render thread/WARN] (Minecraft) Ignoring player info update for unknown player e1b90868-be8b-35c7-be86-f93b88633511 ([UPDATE_GAME_MODE])
[01:03:14] [Render thread/WARN] (Minecraft) Ignoring player info update for unknown player e1b90868-be8b-35c7-be86-f93b88633511 ([UPDATE_GAME_MODE])
[01:03:14] [Render thread/WARN] (Minecraft) Ignoring player info update for unknown player e1b90868-be8b-35c7-be86-f93b88633511 ([UPDATE_GAME_MODE])
[01:03:16] [Render thread/WARN] (Minecraft) Ignoring player info update for unknown player c92128b3-dab2-3ccd-bef1-f46bad931d9c ([UPDATE_GAME_MODE])
[01:03:16] [Render thread/WARN] (Minecraft) Ignoring player info update for unknown player c92128b3-dab2-3ccd-bef1-f46bad931d9c ([UPDATE_GAME_MODE])
[01:03:16] [Render thread/WARN] (Minecraft) Ignoring player info update for unknown player c92128b3-dab2-3ccd-bef1-f46bad931d9c ([UPDATE_GAME_MODE])
[01:03:16] [Render thread/WARN] (Minecraft) Ignoring player info update for unknown player c92128b3-dab2-3ccd-bef1-f46bad931d9c ([UPDATE_GAME_MODE])
[01:03:34] [Render thread/WARN] (Minecraft) Ignoring player info update for unknown player 58f6c050-97a0-3523-87cc-a9cedacef56a ([UPDATE_GAME_MODE])
[01:03:34] [Render thread/WARN] (Minecraft) Ignoring player info update for unknown player 58f6c050-97a0-3523-87cc-a9cedacef56a ([UPDATE_GAME_MODE])
[01:03:34] [Render thread/WARN] (Minecraft) Ignoring player info update for unknown player 58f6c050-97a0-3523-87cc-a9cedacef56a ([UPDATE_GAME_MODE])
[01:03:34] [Render thread/WARN] (Minecraft) Ignoring player info update for unknown player 58f6c050-97a0-3523-87cc-a9cedacef56a ([UPDATE_GAME_MODE])
[01:03:35] [Render thread/WARN] (Minecraft) Ignoring player info update for unknown player 9f297604-8995-3c10-99f4-a88aa83af519 ([UPDATE_GAME_MODE])
[01:03:35] [Render thread/WARN] (Minecraft) Ignoring player info update for unknown player 9f297604-8995-3c10-99f4-a88aa83af519 ([UPDATE_GAME_MODE])
[01:03:35] [Render thread/WARN] (Minecraft) Ignoring player info update for unknown player 9f297604-8995-3c10-99f4-a88aa83af519 ([UPDATE_GAME_MODE])
[01:03:35] [Render thread/WARN] (Minecraft) Ignoring player info update for unknown player 9f297604-8995-3c10-99f4-a88aa83af519 ([UPDATE_GAME_MODE])
[01:03:48] [Render thread/WARN] (Minecraft) Ignoring player info update for unknown player 4708bd9d-097d-3d56-9612-d961ea2aef9c ([UPDATE_GAME_MODE])
[01:03:48] [Render thread/WARN] (Minecraft) Ignoring player info update for unknown player 4708bd9d-097d-3d56-9612-d961ea2aef9c ([UPDATE_GAME_MODE])
[01:04:00] [Render thread/WARN] (Minecraft) Ignoring player info update for unknown player 56f6b83f-cbc7-38c0-86c5-286f212929fe ([UPDATE_GAME_MODE])
[01:04:00] [Render thread/WARN] (Minecraft) Ignoring player info update for unknown player 56f6b83f-cbc7-38c0-86c5-286f212929fe ([UPDATE_GAME_MODE])
[01:04:00] [Render thread/WARN] (Minecraft) Ignoring player info update for unknown player 56f6b83f-cbc7-38c0-86c5-286f212929fe ([UPDATE_GAME_MODE])
[01:04:00] [Render thread/WARN] (Minecraft) Ignoring player info update for unknown player 56f6b83f-cbc7-38c0-86c5-286f212929fe ([UPDATE_GAME_MODE])
[01:04:01] [Render thread/WARN] (Minecraft) Ignoring player info update for unknown player 27f53a4f-9a4d-3a07-a3ac-6b8fdd701636 ([UPDATE_GAME_MODE])
[01:04:01] [Render thread/WARN] (Minecraft) Ignoring player info update for unknown player 27f53a4f-9a4d-3a07-a3ac-6b8fdd701636 ([UPDATE_GAME_MODE])
[01:04:05] [Render thread/WARN] (Minecraft) Ignoring player info update for unknown player 8b63ec87-98d5-361e-9165-eab836ca5b44 ([UPDATE_GAME_MODE])
[01:04:05] [Render thread/WARN] (Minecraft) Ignoring player info update for unknown player 8b63ec87-98d5-361e-9165-eab836ca5b44 ([UPDATE_GAME_MODE])
[01:04:05] [Render thread/WARN] (Minecraft) Ignoring player info update for unknown player 8b63ec87-98d5-361e-9165-eab836ca5b44 ([UPDATE_GAME_MODE])
[01:04:05] [Render thread/WARN] (Minecraft) Ignoring player info update for unknown player 8b63ec87-98d5-361e-9165-eab836ca5b44 ([UPDATE_GAME_MODE])
[01:04:05] [Render thread/WARN] (Minecraft) Ignoring player info update for unknown player 61619865-695e-3356-b9e9-f26cd779b6a9 ([UPDATE_GAME_MODE])
[01:04:05] [Render thread/WARN] (Minecraft) Ignoring player info update for unknown player 61619865-695e-3356-b9e9-f26cd779b6a9 ([UPDATE_GAME_MODE])
[01:04:07] [Render thread/INFO] (Minecraft) [System] [CHAT] ╔
[01:04:07] [Render thread/INFO] (Minecraft) [System] [CHAT] ╠ Подписывайтесь на наш ТГ - telegram.me/spookytimenet
[01:04:07] [Render thread/INFO] (Minecraft) [System] [CHAT] ╚
[01:04:08] [Render thread/WARN] (Minecraft) Ignoring player info update for unknown player 08de8732-5f31-36c7-911d-c78730162dd7 ([UPDATE_GAME_MODE])
[01:04:08] [Render thread/WARN] (Minecraft) Ignoring player info update for unknown player 08de8732-5f31-36c7-911d-c78730162dd7 ([UPDATE_GAME_MODE])
[01:04:08] [Render thread/WARN] (Minecraft) Ignoring player info update for unknown player 08de8732-5f31-36c7-911d-c78730162dd7 ([UPDATE_GAME_MODE])
[01:04:08] [Render thread/WARN] (Minecraft) Ignoring player info update for unknown player 08de8732-5f31-36c7-911d-c78730162dd7 ([UPDATE_GAME_MODE])
[01:04:09] [Render thread/WARN] (Minecraft) Ignoring player info update for unknown player 9f297604-8995-3c10-99f4-a88aa83af519 ([UPDATE_GAME_MODE])
[01:04:09] [Render thread/WARN] (Minecraft) Ignoring player info update for unknown player 9f297604-8995-3c10-99f4-a88aa83af519 ([UPDATE_GAME_MODE])
[01:04:09] [Render thread/WARN] (Minecraft) Ignoring player info update for unknown player 9f297604-8995-3c10-99f4-a88aa83af519 ([UPDATE_GAME_MODE])
[01:04:09] [Render thread/WARN] (Minecraft) Ignoring player info update for unknown player 9f297604-8995-3c10-99f4-a88aa83af519 ([UPDATE_GAME_MODE])
[01:04:10] [Render thread/WARN] (Minecraft) Ignoring player info update for unknown player 01748347-8590-3051-8791-19600930e2c2 ([UPDATE_GAME_MODE])
[01:04:10] [Render thread/WARN] (Minecraft) Ignoring player info update for unknown player 01748347-8590-3051-8791-19600930e2c2 ([UPDATE_GAME_MODE])
[01:04:10] [Render thread/WARN] (Minecraft) Ignoring player info update for unknown player 01748347-8590-3051-8791-19600930e2c2 ([UPDATE_GAME_MODE])
[01:04:10] [Render thread/WARN] (Minecraft) Ignoring player info update for unknown player 01748347-8590-3051-8791-19600930e2c2 ([UPDATE_GAME_MODE])
[01:04:13] [Render thread/WARN] (Minecraft) Ignoring player info update for unknown player 1721fd4b-5909-3f11-9fd2-3e1d84ea2493 ([UPDATE_GAME_MODE])
[01:04:13] [Render thread/WARN] (Minecraft) Ignoring player info update for unknown player 1721fd4b-5909-3f11-9fd2-3e1d84ea2493 ([UPDATE_GAME_MODE])
[01:04:18] [Render thread/WARN] (Minecraft) Ignoring player info update for unknown player a8f98f1c-ca59-31ad-8d87-f1286dbb0160 ([UPDATE_GAME_MODE])
[01:04:18] [Render thread/WARN] (Minecraft) Ignoring player info update for unknown player a8f98f1c-ca59-31ad-8d87-f1286dbb0160 ([UPDATE_GAME_MODE])
[01:04:18] [Render thread/WARN] (Minecraft) Ignoring player info update for unknown player a8f98f1c-ca59-31ad-8d87-f1286dbb0160 ([UPDATE_GAME_MODE])
[01:04:18] [Render thread/WARN] (Minecraft) Ignoring player info update for unknown player a8f98f1c-ca59-31ad-8d87-f1286dbb0160 ([UPDATE_GAME_MODE])
[01:04:25] [Render thread/WARN] (Minecraft) Ignoring player info update for unknown player 1956eafc-6935-3e3d-8de3-ff1d84ebaceb ([UPDATE_GAME_MODE])
[01:04:25] [Render thread/WARN] (Minecraft) Ignoring player info update for unknown player 1956eafc-6935-3e3d-8de3-ff1d84ebaceb ([UPDATE_GAME_MODE])
[01:04:34] [Render thread/WARN] (Minecraft) Ignoring player info update for unknown player a8f98f1c-ca59-31ad-8d87-f1286dbb0160 ([UPDATE_GAME_MODE])
[01:04:34] [Render thread/WARN] (Minecraft) Ignoring player info update for unknown player a8f98f1c-ca59-31ad-8d87-f1286dbb0160 ([UPDATE_GAME_MODE])
[01:04:34] [Render thread/WARN] (Minecraft) Ignoring player info update for unknown player a8f98f1c-ca59-31ad-8d87-f1286dbb0160 ([UPDATE_GAME_MODE])
[01:04:34] [Render thread/WARN] (Minecraft) Ignoring player info update for unknown player a8f98f1c-ca59-31ad-8d87-f1286dbb0160 ([UPDATE_GAME_MODE])
[01:04:36] [Render thread/WARN] (Minecraft) Ignoring player info update for unknown player 22ca5411-a17b-3d00-bdf3-a086a2bda252 ([UPDATE_GAME_MODE])
[01:04:36] [Render thread/WARN] (Minecraft) Ignoring player info update for unknown player 22ca5411-a17b-3d00-bdf3-a086a2bda252 ([UPDATE_GAME_MODE])
[01:04:41] [Render thread/WARN] (Minecraft) Ignoring player info update for unknown player ebcbc19c-9330-3cd3-ad02-ebe6ab5888fb ([UPDATE_GAME_MODE])
[01:04:41] [Render thread/WARN] (Minecraft) Ignoring player info update for unknown player ebcbc19c-9330-3cd3-ad02-ebe6ab5888fb ([UPDATE_GAME_MODE])
[01:04:46] [Render thread/INFO] (Minecraft) [System] [CHAT] Ⓖ [Игрок] DoubleGlasswww ⇨ zru6rur софт б***ь скачал венус фри крутой
[01:04:47] [Render thread/WARN] (Minecraft) Ignoring player info update for unknown player a8f98f1c-ca59-31ad-8d87-f1286dbb0160 ([UPDATE_GAME_MODE])
[01:04:47] [Render thread/WARN] (Minecraft) Ignoring player info update for unknown player a8f98f1c-ca59-31ad-8d87-f1286dbb0160 ([UPDATE_GAME_MODE])
[01:04:47] [Render thread/WARN] (Minecraft) Ignoring player info update for unknown player a8f98f1c-ca59-31ad-8d87-f1286dbb0160 ([UPDATE_GAME_MODE])
[01:04:47] [Render thread/WARN] (Minecraft) Ignoring player info update for unknown player a8f98f1c-ca59-31ad-8d87-f1286dbb0160 ([UPDATE_GAME_MODE])
[01:04:49] [Render thread/WARN] (Minecraft) Ignoring player info update for unknown player 8c9a42ad-3e47-36ea-b109-a7da2bd73036 ([UPDATE_GAME_MODE])
[01:04:49] [Render thread/WARN] (Minecraft) Ignoring player info update for unknown player 8c9a42ad-3e47-36ea-b109-a7da2bd73036 ([UPDATE_GAME_MODE])
[01:04:50] [Render thread/WARN] (Minecraft) Ignoring player info update for unknown player 8776d6df-92f9-3a9e-bf94-d0388d17e604 ([UPDATE_GAME_MODE])
[01:04:50] [Render thread/WARN] (Minecraft) Ignoring player info update for unknown player 8776d6df-92f9-3a9e-bf94-d0388d17e604 ([UPDATE_GAME_MODE])
[01:04:50] [Render thread/WARN] (Minecraft) Ignoring player info update for unknown player 8776d6df-92f9-3a9e-bf94-d0388d17e604 ([UPDATE_GAME_MODE])
[01:04:50] [Render thread/WARN] (Minecraft) Ignoring player info update for unknown player 8776d6df-92f9-3a9e-bf94-d0388d17e604 ([UPDATE_GAME_MODE])
[01:04:51] [Render thread/WARN] (Minecraft) Ignoring player info update for unknown player d1da5266-f14b-36a4-a57b-90bdc30ebd1f ([UPDATE_GAME_MODE])
[01:04:51] [Render thread/WARN] (Minecraft) Ignoring player info update for unknown player d1da5266-f14b-36a4-a57b-90bdc30ebd1f ([UPDATE_GAME_MODE])
[01:05:07] [Render thread/INFO] (Minecraft) [System] [CHAT] Ⓖ [Игрок] tookitov ⇨ DoubleGlasswww ты всем проигрываешь потому что без моего конфига!
[01:05:15] [Render thread/WARN] (Minecraft) Ignoring player info update for unknown player 1c599f21-f285-3859-b0a6-b3513cbc9653 ([UPDATE_GAME_MODE])
[01:05:15] [Render thread/WARN] (Minecraft) Ignoring player info update for unknown player 1c599f21-f285-3859-b0a6-b3513cbc9653 ([UPDATE_GAME_MODE])
[01:05:15] [Render thread/WARN] (Minecraft) Ignoring player info update for unknown player 1c599f21-f285-3859-b0a6-b3513cbc9653 ([UPDATE_GAME_MODE])
[01:05:15] [Render thread/WARN] (Minecraft) Ignoring player info update for unknown player 1c599f21-f285-3859-b0a6-b3513cbc9653 ([UPDATE_GAME_MODE])
[01:05:19] [Render thread/WARN] (Minecraft) Ignoring player info update for unknown player 03d61847-fbb4-3ecf-9efb-203ade15b00f ([UPDATE_GAME_MODE])
[01:05:19] [Render thread/WARN] (Minecraft) Ignoring player info update for unknown player 03d61847-fbb4-3ecf-9efb-203ade15b00f ([UPDATE_GAME_MODE])
[01:05:19] [Render thread/WARN] (Minecraft) Ignoring player info update for unknown player 03d61847-fbb4-3ecf-9efb-203ade15b00f ([UPDATE_GAME_MODE])
[01:05:19] [Render thread/WARN] (Minecraft) Ignoring player info update for unknown player 03d61847-fbb4-3ecf-9efb-203ade15b00f ([UPDATE_GAME_MODE])
[01:05:23] [Render thread/WARN] (Minecraft) Ignoring player info update for unknown player 7e45f3eb-a650-33ed-8f58-12bfbe563730 ([UPDATE_GAME_MODE])
[01:05:23] [Render thread/WARN] (Minecraft) Ignoring player info update for unknown player 7e45f3eb-a650-33ed-8f58-12bfbe563730 ([UPDATE_GAME_MODE])
[01:05:35] [Render thread/WARN] (Minecraft) Ignoring player info update for unknown player 9d39492d-f554-395b-90a8-927263b14554 ([UPDATE_GAME_MODE])
[01:05:35] [Render thread/WARN] (Minecraft) Ignoring player info update for unknown player 9d39492d-f554-395b-90a8-927263b14554 ([UPDATE_GAME_MODE])
[01:05:35] [Render thread/WARN] (Minecraft) Ignoring player info update for unknown player 9d39492d-f554-395b-90a8-927263b14554 ([UPDATE_GAME_MODE])
[01:05:35] [Render thread/WARN] (Minecraft) Ignoring player info update for unknown player 9d39492d-f554-395b-90a8-927263b14554 ([UPDATE_GAME_MODE])
[01:05:37] [Render thread/INFO] (Minecraft) [System] [CHAT] ╔
[01:05:37] [Render thread/INFO] (Minecraft) [System] [CHAT] ╠ Подключайся к нашим сообществам /links
[01:05:37] [Render thread/INFO] (Minecraft) [System] [CHAT] ╚
[01:05:41] [Render thread/WARN] (Minecraft) Ignoring player info update for unknown player eb12e59b-7373-346d-a9a4-89a063e76119 ([UPDATE_GAME_MODE])
[01:05:41] [Render thread/WARN] (Minecraft) Ignoring player info update for unknown player eb12e59b-7373-346d-a9a4-89a063e76119 ([UPDATE_GAME_MODE])
[01:05:41] [Render thread/WARN] (Minecraft) Ignoring player info update for unknown player eb12e59b-7373-346d-a9a4-89a063e76119 ([UPDATE_GAME_MODE])
[01:05:41] [Render thread/WARN] (Minecraft) Ignoring player info update for unknown player eb12e59b-7373-346d-a9a4-89a063e76119 ([UPDATE_GAME_MODE])
[01:06:00] [Render thread/WARN] (Minecraft) Ignoring player info update for unknown player fcae4cf6-4f8b-36a9-802c-77eb7fc046b3 ([UPDATE_GAME_MODE])
[01:06:00] [Render thread/WARN] (Minecraft) Ignoring player info update for unknown player fcae4cf6-4f8b-36a9-802c-77eb7fc046b3 ([UPDATE_GAME_MODE])
[01:06:00] [Render thread/WARN] (Minecraft) Ignoring player info update for unknown player fcae4cf6-4f8b-36a9-802c-77eb7fc046b3 ([UPDATE_GAME_MODE])
[01:06:00] [Render thread/WARN] (Minecraft) Ignoring player info update for unknown player fcae4cf6-4f8b-36a9-802c-77eb7fc046b3 ([UPDATE_GAME_MODE])
[01:06:01] [Render thread/WARN] (Minecraft) Ignoring player info update for unknown player 42ca22f3-3f64-3976-be13-11ddf678f868 ([UPDATE_GAME_MODE])
[01:06:01] [Render thread/WARN] (Minecraft) Ignoring player info update for unknown player 42ca22f3-3f64-3976-be13-11ddf678f868 ([UPDATE_GAME_MODE])
[01:06:07] [Render thread/WARN] (Minecraft) Ignoring player info update for unknown player 8bd01cb4-7e0f-3768-a25c-8bea4978eb37 ([UPDATE_GAME_MODE])
[01:06:07] [Render thread/WARN] (Minecraft) Ignoring player info update for unknown player 8bd01cb4-7e0f-3768-a25c-8bea4978eb37 ([UPDATE_GAME_MODE])
[01:06:07] [Render thread/WARN] (Minecraft) Ignoring player info update for unknown player 8bd01cb4-7e0f-3768-a25c-8bea4978eb37 ([UPDATE_GAME_MODE])
[01:06:07] [Render thread/WARN] (Minecraft) Ignoring player info update for unknown player 8bd01cb4-7e0f-3768-a25c-8bea4978eb37 ([UPDATE_GAME_MODE])
[01:06:11] [Render thread/WARN] (Minecraft) Ignoring player info update for unknown player f11ebc41-d88c-314a-a665-f668ff1cbf8f ([UPDATE_GAME_MODE])
[01:06:11] [Render thread/WARN] (Minecraft) Ignoring player info update for unknown player f11ebc41-d88c-314a-a665-f668ff1cbf8f ([UPDATE_GAME_MODE])
[01:06:11] [Render thread/WARN] (Minecraft) Ignoring player info update for unknown player f11ebc41-d88c-314a-a665-f668ff1cbf8f ([UPDATE_GAME_MODE])
[01:06:11] [Render thread/WARN] (Minecraft) Ignoring player info update for unknown player f11ebc41-d88c-314a-a665-f668ff1cbf8f ([UPDATE_GAME_MODE])
[01:06:22] [Render thread/WARN] (Minecraft) Ignoring player info update for unknown player 2ec827e9-2b2b-3aa5-ad0f-953d3f86825e ([UPDATE_GAME_MODE])
[01:06:22] [Render thread/WARN] (Minecraft) Ignoring player info update for unknown player 2ec827e9-2b2b-3aa5-ad0f-953d3f86825e ([UPDATE_GAME_MODE])
[01:06:29] [Render thread/WARN] (Minecraft) Ignoring player info update for unknown player e2e0d396-7988-3e29-86f6-c4ae02f12659 ([UPDATE_GAME_MODE])
[01:06:29] [Render thread/WARN] (Minecraft) Ignoring player info update for unknown player e2e0d396-7988-3e29-86f6-c4ae02f12659 ([UPDATE_GAME_MODE])
[01:06:29] [Render thread/WARN] (Minecraft) Ignoring player info update for unknown player e2e0d396-7988-3e29-86f6-c4ae02f12659 ([UPDATE_GAME_MODE])
[01:06:29] [Render thread/WARN] (Minecraft) Ignoring player info update for unknown player e2e0d396-7988-3e29-86f6-c4ae02f12659 ([UPDATE_GAME_MODE])
[01:06:32] [Render thread/WARN] (Minecraft) Ignoring player info update for unknown player d69b5e0e-e73c-3a2a-b9d9-49133d088133 ([UPDATE_GAME_MODE])
[01:06:32] [Render thread/WARN] (Minecraft) Ignoring player info update for unknown player d69b5e0e-e73c-3a2a-b9d9-49133d088133 ([UPDATE_GAME_MODE])
[01:06:33] [Render thread/WARN] (Minecraft) Ignoring player info update for unknown player e5c6ee7b-6217-335b-b1ec-b7bff4f3d44d ([UPDATE_GAME_MODE])
[01:06:33] [Render thread/WARN] (Minecraft) Ignoring player info update for unknown player e5c6ee7b-6217-335b-b1ec-b7bff4f3d44d ([UPDATE_GAME_MODE])
[01:06:34] [Render thread/WARN] (Minecraft) Ignoring player info update for unknown player 836244e8-c291-36a5-8c55-98d158faff8f ([UPDATE_GAME_MODE])
[01:06:34] [Render thread/WARN] (Minecraft) Ignoring player info update for unknown player 836244e8-c291-36a5-8c55-98d158faff8f ([UPDATE_GAME_MODE])
[01:06:34] [Render thread/WARN] (Minecraft) Ignoring player info update for unknown player 836244e8-c291-36a5-8c55-98d158faff8f ([UPDATE_GAME_MODE])
[01:06:34] [Render thread/WARN] (Minecraft) Ignoring player info update for unknown player 836244e8-c291-36a5-8c55-98d158faff8f ([UPDATE_GAME_MODE])
[01:06:35] [Render thread/WARN] (Minecraft) Ignoring player info update for unknown player f3e5f9cb-9279-3aa8-a56a-ad7dc78b5bda ([UPDATE_GAME_MODE])
[01:06:35] [Render thread/WARN] (Minecraft) Ignoring player info update for unknown player f3e5f9cb-9279-3aa8-a56a-ad7dc78b5bda ([UPDATE_GAME_MODE])
[01:06:35] [Render thread/WARN] (Minecraft) Ignoring player info update for unknown player f3e5f9cb-9279-3aa8-a56a-ad7dc78b5bda ([UPDATE_GAME_MODE])
[01:06:35] [Render thread/WARN] (Minecraft) Ignoring player info update for unknown player f3e5f9cb-9279-3aa8-a56a-ad7dc78b5bda ([UPDATE_GAME_MODE])
[01:06:44] [Render thread/WARN] (Minecraft) Ignoring player info update for unknown player 0a822f1e-b876-38fe-9fba-018a21d16ab5 ([UPDATE_GAME_MODE])
[01:06:44] [Render thread/WARN] (Minecraft) Ignoring player info update for unknown player 0a822f1e-b876-38fe-9fba-018a21d16ab5 ([UPDATE_GAME_MODE])
[01:06:44] [Render thread/WARN] (Minecraft) Ignoring player info update for unknown player 0a822f1e-b876-38fe-9fba-018a21d16ab5 ([UPDATE_GAME_MODE])
[01:06:44] [Render thread/WARN] (Minecraft) Ignoring player info update for unknown player 0a822f1e-b876-38fe-9fba-018a21d16ab5 ([UPDATE_GAME_MODE])
[01:06:52] [Render thread/WARN] (Minecraft) Ignoring player info update for unknown player 823167d2-b452-3088-978a-6ea73fab517b ([UPDATE_GAME_MODE])
[01:06:52] [Render thread/WARN] (Minecraft) Ignoring player info update for unknown player 823167d2-b452-3088-978a-6ea73fab517b ([UPDATE_GAME_MODE])
[01:06:52] [Render thread/WARN] (Minecraft) Ignoring player info update for unknown player 823167d2-b452-3088-978a-6ea73fab517b ([UPDATE_GAME_MODE])
[01:06:52] [Render thread/WARN] (Minecraft) Ignoring player info update for unknown player 823167d2-b452-3088-978a-6ea73fab517b ([UPDATE_GAME_MODE])
[01:07:02] [Render thread/WARN] (Minecraft) Ignoring player info update for unknown player cdc82b05-8b4a-3393-8fc1-9f0d06a6a8d6 ([UPDATE_GAME_MODE])
[01:07:02] [Render thread/WARN] (Minecraft) Ignoring player info update for unknown player cdc82b05-8b4a-3393-8fc1-9f0d06a6a8d6 ([UPDATE_GAME_MODE])
[01:07:04] [Render thread/WARN] (Minecraft) Ignoring player info update for unknown player c60123c6-387b-3cd4-8f7e-26322f847f52 ([UPDATE_GAME_MODE])
[01:07:04] [Render thread/WARN] (Minecraft) Ignoring player info update for unknown player c60123c6-387b-3cd4-8f7e-26322f847f52 ([UPDATE_GAME_MODE])
[01:07:04] [Render thread/WARN] (Minecraft) Ignoring player info update for unknown player c60123c6-387b-3cd4-8f7e-26322f847f52 ([UPDATE_GAME_MODE])
[01:07:04] [Render thread/WARN] (Minecraft) Ignoring player info update for unknown player c60123c6-387b-3cd4-8f7e-26322f847f52 ([UPDATE_GAME_MODE])
[01:07:07] [Render thread/INFO] (Minecraft) [System] [CHAT] ╔
[01:07:07] [Render thread/INFO] (Minecraft) [System] [CHAT] ╠ Мы есть в ВК - vk.com/spookytimenet
[01:07:07] [Render thread/INFO] (Minecraft) [System] [CHAT] ╚
[01:07:08] [Render thread/WARN] (Minecraft) Ignoring player info update for unknown player 1147d2c8-167e-3c8e-acdb-74a86bea8b17 ([UPDATE_GAME_MODE])
[01:07:08] [Render thread/WARN] (Minecraft) Ignoring player info update for unknown player 1147d2c8-167e-3c8e-acdb-74a86bea8b17 ([UPDATE_GAME_MODE])
[01:07:08] [Render thread/WARN] (Minecraft) Ignoring player info update for unknown player ccfeaeaa-fa76-373e-828d-cb28a205928f ([UPDATE_GAME_MODE])
[01:07:08] [Render thread/WARN] (Minecraft) Ignoring player info update for unknown player ccfeaeaa-fa76-373e-828d-cb28a205928f ([UPDATE_GAME_MODE])
[01:07:16] [Render thread/WARN] (Minecraft) Ignoring player info update for unknown player a45a8d33-62ad-3c4e-8a58-2e7f33756f4a ([UPDATE_GAME_MODE])
[01:07:16] [Render thread/WARN] (Minecraft) Ignoring player info update for unknown player a45a8d33-62ad-3c4e-8a58-2e7f33756f4a ([UPDATE_GAME_MODE])
[01:07:16] [Render thread/WARN] (Minecraft) Ignoring player info update for unknown player a45a8d33-62ad-3c4e-8a58-2e7f33756f4a ([UPDATE_GAME_MODE])
[01:07:16] [Render thread/WARN] (Minecraft) Ignoring player info update for unknown player a45a8d33-62ad-3c4e-8a58-2e7f33756f4a ([UPDATE_GAME_MODE])
[01:07:20] [Render thread/WARN] (Minecraft) Ignoring player info update for unknown player de8e0050-5796-3a9e-92e9-d80f79520679 ([UPDATE_GAME_MODE])
[01:07:20] [Render thread/WARN] (Minecraft) Ignoring player info update for unknown player de8e0050-5796-3a9e-92e9-d80f79520679 ([UPDATE_GAME_MODE])
[01:07:20] [Render thread/WARN] (Minecraft) Ignoring player info update for unknown player de8e0050-5796-3a9e-92e9-d80f79520679 ([UPDATE_GAME_MODE])
[01:07:20] [Render thread/WARN] (Minecraft) Ignoring player info update for unknown player de8e0050-5796-3a9e-92e9-d80f79520679 ([UPDATE_GAME_MODE])
[01:07:21] [Render thread/WARN] (Minecraft) Ignoring player info update for unknown player 5df60c77-37ae-3125-a1ac-c3744ea5617e ([UPDATE_GAME_MODE])
[01:07:21] [Render thread/WARN] (Minecraft) Ignoring player info update for unknown player 5df60c77-37ae-3125-a1ac-c3744ea5617e ([UPDATE_GAME_MODE])
[01:07:21] [Render thread/WARN] (Minecraft) Ignoring player info update for unknown player 5df60c77-37ae-3125-a1ac-c3744ea5617e ([UPDATE_GAME_MODE])
[01:07:21] [Render thread/WARN] (Minecraft) Ignoring player info update for unknown player 5df60c77-37ae-3125-a1ac-c3744ea5617e ([UPDATE_GAME_MODE])
[01:07:22] [Render thread/WARN] (Minecraft) Ignoring player info update for unknown player c7f7a590-9d85-3847-a070-e42ccf4c670c ([UPDATE_GAME_MODE])
[01:07:22] [Render thread/WARN] (Minecraft) Ignoring player info update for unknown player c7f7a590-9d85-3847-a070-e42ccf4c670c ([UPDATE_GAME_MODE])
[01:07:23] [Render thread/WARN] (Minecraft) Ignoring player info update for unknown player c165b05d-8560-36d0-8a58-3b4af26c5c18 ([UPDATE_GAME_MODE])
[01:07:23] [Render thread/WARN] (Minecraft) Ignoring player info update for unknown player c165b05d-8560-36d0-8a58-3b4af26c5c18 ([UPDATE_GAME_MODE])
[01:07:24] [Render thread/WARN] (Minecraft) Ignoring player info update for unknown player 639f7576-d5f4-3299-a47a-09b28dd39904 ([UPDATE_GAME_MODE])
[01:07:24] [Render thread/WARN] (Minecraft) Ignoring player info update for unknown player 639f7576-d5f4-3299-a47a-09b28dd39904 ([UPDATE_GAME_MODE])
[01:07:24] [Render thread/WARN] (Minecraft) Ignoring player info update for unknown player 639f7576-d5f4-3299-a47a-09b28dd39904 ([UPDATE_GAME_MODE])
[01:07:24] [Render thread/WARN] (Minecraft) Ignoring player info update for unknown player 639f7576-d5f4-3299-a47a-09b28dd39904 ([UPDATE_GAME_MODE])
[01:07:24] [Render thread/WARN] (Minecraft) Ignoring player info update for unknown player ccfeaeaa-fa76-373e-828d-cb28a205928f ([UPDATE_GAME_MODE])
[01:07:24] [Render thread/WARN] (Minecraft) Ignoring player info update for unknown player ccfeaeaa-fa76-373e-828d-cb28a205928f ([UPDATE_GAME_MODE])
[01:07:24] [Render thread/WARN] (Minecraft) Ignoring player info update for unknown player ccfeaeaa-fa76-373e-828d-cb28a205928f ([UPDATE_GAME_MODE])
[01:07:24] [Render thread/WARN] (Minecraft) Ignoring player info update for unknown player ccfeaeaa-fa76-373e-828d-cb28a205928f ([UPDATE_GAME_MODE])
[01:07:28] [Render thread/WARN] (Minecraft) Ignoring player info update for unknown player 19b11d7d-5a94-3687-9487-3fd7b856528d ([UPDATE_GAME_MODE])
[01:07:28] [Render thread/WARN] (Minecraft) Ignoring player info update for unknown player 19b11d7d-5a94-3687-9487-3fd7b856528d ([UPDATE_GAME_MODE])
[01:07:33] [Render thread/WARN] (Minecraft) Ignoring player info update for unknown player 7a7c3977-ab93-305a-9568-c4bd3f0c885e ([UPDATE_GAME_MODE])
[01:07:33] [Render thread/WARN] (Minecraft) Ignoring player info update for unknown player 7a7c3977-ab93-305a-9568-c4bd3f0c885e ([UPDATE_GAME_MODE])
[01:07:51] [Render thread/WARN] (Minecraft) Ignoring player info update for unknown player fd0babc4-b28d-3e6e-a407-92076cf662f0 ([UPDATE_GAME_MODE])
[01:07:51] [Render thread/WARN] (Minecraft) Ignoring player info update for unknown player fd0babc4-b28d-3e6e-a407-92076cf662f0 ([UPDATE_GAME_MODE])
[01:07:51] [Render thread/WARN] (Minecraft) Ignoring player info update for unknown player e0f3b026-c8f2-34d2-8b87-d3c5c027f3f2 ([UPDATE_GAME_MODE])
[01:07:51] [Render thread/WARN] (Minecraft) Ignoring player info update for unknown player e0f3b026-c8f2-34d2-8b87-d3c5c027f3f2 ([UPDATE_GAME_MODE])
[01:07:52] [Render thread/WARN] (Minecraft) Ignoring player info update for unknown player eec54532-a611-3cc8-8e04-b511c3c47247 ([UPDATE_GAME_MODE])
[01:07:52] [Render thread/WARN] (Minecraft) Ignoring player info update for unknown player eec54532-a611-3cc8-8e04-b511c3c47247 ([UPDATE_GAME_MODE])
[01:07:52] [Render thread/WARN] (Minecraft) Ignoring player info update for unknown player eec54532-a611-3cc8-8e04-b511c3c47247 ([UPDATE_GAME_MODE])
[01:07:52] [Render thread/WARN] (Minecraft) Ignoring player info update for unknown player eec54532-a611-3cc8-8e04-b511c3c47247 ([UPDATE_GAME_MODE])
[01:07:56] [Render thread/WARN] (Minecraft) Ignoring player info update for unknown player 9a747f5f-2083-3e52-b2cf-25b68e5b72c2 ([UPDATE_GAME_MODE])
[01:07:56] [Render thread/WARN] (Minecraft) Ignoring player info update for unknown player 9a747f5f-2083-3e52-b2cf-25b68e5b72c2 ([UPDATE_GAME_MODE])
[01:07:57] [Render thread/WARN] (Minecraft) Ignoring player info update for unknown player 1721fd4b-5909-3f11-9fd2-3e1d84ea2493 ([UPDATE_GAME_MODE])
[01:07:57] [Render thread/WARN] (Minecraft) Ignoring player info update for unknown player 1721fd4b-5909-3f11-9fd2-3e1d84ea2493 ([UPDATE_GAME_MODE])
[01:07:57] [Render thread/WARN] (Minecraft) Ignoring player info update for unknown player 1721fd4b-5909-3f11-9fd2-3e1d84ea2493 ([UPDATE_GAME_MODE])
[01:07:57] [Render thread/WARN] (Minecraft) Ignoring player info update for unknown player 1721fd4b-5909-3f11-9fd2-3e1d84ea2493 ([UPDATE_GAME_MODE])
[01:07:59] [Render thread/WARN] (Minecraft) Ignoring player info update for unknown player ccfeaeaa-fa76-373e-828d-cb28a205928f ([UPDATE_GAME_MODE])
[01:07:59] [Render thread/WARN] (Minecraft) Ignoring player info update for unknown player ccfeaeaa-fa76-373e-828d-cb28a205928f ([UPDATE_GAME_MODE])
[01:07:59] [Render thread/WARN] (Minecraft) Ignoring player info update for unknown player ccfeaeaa-fa76-373e-828d-cb28a205928f ([UPDATE_GAME_MODE])
[01:07:59] [Render thread/WARN] (Minecraft) Ignoring player info update for unknown player ccfeaeaa-fa76-373e-828d-cb28a205928f ([UPDATE_GAME_MODE])
[01:08:06] [Render thread/WARN] (Minecraft) Ignoring player info update for unknown player 6dc8be7b-2a01-3c95-94ab-e3945c1fa3ce ([UPDATE_GAME_MODE])
[01:08:06] [Render thread/WARN] (Minecraft) Ignoring player info update for unknown player 6dc8be7b-2a01-3c95-94ab-e3945c1fa3ce ([UPDATE_GAME_MODE])
[01:08:06] [Render thread/WARN] (Minecraft) Ignoring player info update for unknown player 6dc8be7b-2a01-3c95-94ab-e3945c1fa3ce ([UPDATE_GAME_MODE])
[01:08:06] [Render thread/WARN] (Minecraft) Ignoring player info update for unknown player 6dc8be7b-2a01-3c95-94ab-e3945c1fa3ce ([UPDATE_GAME_MODE])
[01:08:09] [Render thread/WARN] (Minecraft) Ignoring player info update for unknown player 51d326e0-0abd-3dd9-ab49-c53ea656e5e0 ([UPDATE_GAME_MODE])
[01:08:09] [Render thread/WARN] (Minecraft) Ignoring player info update for unknown player 51d326e0-0abd-3dd9-ab49-c53ea656e5e0 ([UPDATE_GAME_MODE])
[01:08:10] [Render thread/WARN] (Minecraft) Ignoring player info update for unknown player f3902f7c-70b5-3f4e-ba29-14bdd47d6187 ([UPDATE_GAME_MODE])
[01:08:10] [Render thread/WARN] (Minecraft) Ignoring player info update for unknown player f3902f7c-70b5-3f4e-ba29-14bdd47d6187 ([UPDATE_GAME_MODE])
[01:08:14] [Render thread/WARN] (Minecraft) Ignoring player info update for unknown player 99344d9f-cbd2-3cd0-8ac3-a14faee0a5b3 ([UPDATE_GAME_MODE])
[01:08:14] [Render thread/WARN] (Minecraft) Ignoring player info update for unknown player 99344d9f-cbd2-3cd0-8ac3-a14faee0a5b3 ([UPDATE_GAME_MODE])
[01:08:15] [Render thread/WARN] (Minecraft) Ignoring player info update for unknown player 414ceb24-388c-3e48-a4c7-6998a418ec63 ([UPDATE_GAME_MODE])
[01:08:15] [Render thread/WARN] (Minecraft) Ignoring player info update for unknown player 414ceb24-388c-3e48-a4c7-6998a418ec63 ([UPDATE_GAME_MODE])
[01:08:15] [Render thread/WARN] (Minecraft) Ignoring player info update for unknown player 6af292b4-2ced-3ae9-b8fb-1a95028d7d69 ([UPDATE_GAME_MODE])
[01:08:15] [Render thread/WARN] (Minecraft) Ignoring player info update for unknown player 6af292b4-2ced-3ae9-b8fb-1a95028d7d69 ([UPDATE_GAME_MODE])
[01:08:15] [Render thread/WARN] (Minecraft) Ignoring player info update for unknown player 6af292b4-2ced-3ae9-b8fb-1a95028d7d69 ([UPDATE_GAME_MODE])
[01:08:15] [Render thread/WARN] (Minecraft) Ignoring player info update for unknown player 6af292b4-2ced-3ae9-b8fb-1a95028d7d69 ([UPDATE_GAME_MODE])
[01:08:24] [Render thread/WARN] (Minecraft) Ignoring player info update for unknown player f9c46f9b-ca93-34a4-9419-30267aeaa977 ([UPDATE_GAME_MODE])
[01:08:24] [Render thread/WARN] (Minecraft) Ignoring player info update for unknown player f9c46f9b-ca93-34a4-9419-30267aeaa977 ([UPDATE_GAME_MODE])
[01:08:27] [Render thread/WARN] (Minecraft) Ignoring player info update for unknown player 3efc112a-60b1-3065-8b05-99c75e9ecb2d ([UPDATE_GAME_MODE])
[01:08:27] [Render thread/WARN] (Minecraft) Ignoring player info update for unknown player 3efc112a-60b1-3065-8b05-99c75e9ecb2d ([UPDATE_GAME_MODE])
[01:08:31] [Render thread/WARN] (Minecraft) Ignoring player info update for unknown player a559d64e-a199-361b-bc5b-178ee179d25e ([UPDATE_GAME_MODE])
[01:08:31] [Render thread/WARN] (Minecraft) Ignoring player info update for unknown player a559d64e-a199-361b-bc5b-178ee179d25e ([UPDATE_GAME_MODE])
[01:08:31] [Render thread/WARN] (Minecraft) Ignoring player info update for unknown player a559d64e-a199-361b-bc5b-178ee179d25e ([UPDATE_GAME_MODE])
[01:08:31] [Render thread/WARN] (Minecraft) Ignoring player info update for unknown player a559d64e-a199-361b-bc5b-178ee179d25e ([UPDATE_GAME_MODE])
[01:08:32] [Render thread/WARN] (Minecraft) Ignoring player info update for unknown player 61b339a8-546f-31f5-b23e-71a8daf755a6 ([UPDATE_GAME_MODE])
[01:08:32] [Render thread/WARN] (Minecraft) Ignoring player info update for unknown player 61b339a8-546f-31f5-b23e-71a8daf755a6 ([UPDATE_GAME_MODE])
[01:08:37] [Render thread/WARN] (Minecraft) Ignoring player info update for unknown player dd37f4eb-00f8-3810-be8d-dd74e55299c7 ([UPDATE_GAME_MODE])
[01:08:37] [Render thread/WARN] (Minecraft) Ignoring player info update for unknown player dd37f4eb-00f8-3810-be8d-dd74e55299c7 ([UPDATE_GAME_MODE])
[01:08:37] [Render thread/INFO] (Minecraft) [System] [CHAT] ╔
[01:08:37] [Render thread/INFO] (Minecraft) [System] [CHAT] ╠          ! ГОЛОСОВОЙ ЧАТ !
[01:08:37] [Render thread/INFO] (Minecraft) [System] [CHAT] ╠ Теперь на сервере можно говорить!
[01:08:37] [Render thread/INFO] (Minecraft) [System] [CHAT] ╠ Подробная информация /voice
[01:08:37] [Render thread/INFO] (Minecraft) [System] [CHAT] ╚
[01:08:38] [Render thread/WARN] (Minecraft) Ignoring player info update for unknown player d7f8a602-7424-3d6c-ae8b-9d8fc7488c2b ([UPDATE_GAME_MODE])
[01:08:38] [Render thread/WARN] (Minecraft) Ignoring player info update for unknown player d7f8a602-7424-3d6c-ae8b-9d8fc7488c2b ([UPDATE_GAME_MODE])
[01:08:38] [Render thread/WARN] (Minecraft) Ignoring player info update for unknown player d7f8a602-7424-3d6c-ae8b-9d8fc7488c2b ([UPDATE_GAME_MODE])
[01:08:38] [Render thread/WARN] (Minecraft) Ignoring player info update for unknown player d7f8a602-7424-3d6c-ae8b-9d8fc7488c2b ([UPDATE_GAME_MODE])
[01:08:42] [Render thread/WARN] (Minecraft) Ignoring player info update for unknown player a089d416-a43d-3b54-8779-450e5ec7af37 ([UPDATE_GAME_MODE])
[01:08:42] [Render thread/WARN] (Minecraft) Ignoring player info update for unknown player a089d416-a43d-3b54-8779-450e5ec7af37 ([UPDATE_GAME_MODE])
[01:08:42] [Render thread/WARN] (Minecraft) Ignoring player info update for unknown player a089d416-a43d-3b54-8779-450e5ec7af37 ([UPDATE_GAME_MODE])
[01:08:42] [Render thread/WARN] (Minecraft) Ignoring player info update for unknown player a089d416-a43d-3b54-8779-450e5ec7af37 ([UPDATE_GAME_MODE])
[01:08:42] [Render thread/WARN] (Minecraft) Ignoring player info update for unknown player b742094e-95b4-3cee-8a69-20d33c1dbab4 ([UPDATE_GAME_MODE])
[01:08:42] [Render thread/WARN] (Minecraft) Ignoring player info update for unknown player b742094e-95b4-3cee-8a69-20d33c1dbab4 ([UPDATE_GAME_MODE])
[01:08:42] [Render thread/WARN] (Minecraft) Ignoring player info update for unknown player b742094e-95b4-3cee-8a69-20d33c1dbab4 ([UPDATE_GAME_MODE])
[01:08:42] [Render thread/WARN] (Minecraft) Ignoring player info update for unknown player b742094e-95b4-3cee-8a69-20d33c1dbab4 ([UPDATE_GAME_MODE])
[01:08:42] [Render thread/WARN] (Minecraft) Ignoring player info update for unknown player 08de8732-5f31-36c7-911d-c78730162dd7 ([UPDATE_GAME_MODE])
[01:08:42] [Render thread/WARN] (Minecraft) Ignoring player info update for unknown player 08de8732-5f31-36c7-911d-c78730162dd7 ([UPDATE_GAME_MODE])
[01:08:42] [Render thread/WARN] (Minecraft) Ignoring player info update for unknown player 08de8732-5f31-36c7-911d-c78730162dd7 ([UPDATE_GAME_MODE])
[01:08:42] [Render thread/WARN] (Minecraft) Ignoring player info update for unknown player 08de8732-5f31-36c7-911d-c78730162dd7 ([UPDATE_GAME_MODE])
[01:08:44] [Render thread/WARN] (Minecraft) Ignoring player info update for unknown player 79d87add-1d6e-3602-8438-da17b5268fb1 ([UPDATE_GAME_MODE])
[01:08:44] [Render thread/WARN] (Minecraft) Ignoring player info update for unknown player 79d87add-1d6e-3602-8438-da17b5268fb1 ([UPDATE_GAME_MODE])
[01:08:44] [Render thread/WARN] (Minecraft) Ignoring player info update for unknown player 79d87add-1d6e-3602-8438-da17b5268fb1 ([UPDATE_GAME_MODE])
[01:08:44] [Render thread/WARN] (Minecraft) Ignoring player info update for unknown player 79d87add-1d6e-3602-8438-da17b5268fb1 ([UPDATE_GAME_MODE])
[01:08:46] [Render thread/WARN] (Minecraft) Ignoring player info update for unknown player a4dc68a8-c992-33e4-840a-92b5959cdfea ([UPDATE_GAME_MODE])
[01:08:46] [Render thread/WARN] (Minecraft) Ignoring player info update for unknown player a4dc68a8-c992-33e4-840a-92b5959cdfea ([UPDATE_GAME_MODE])
[01:08:46] [Render thread/WARN] (Minecraft) Ignoring player info update for unknown player a4dc68a8-c992-33e4-840a-92b5959cdfea ([UPDATE_GAME_MODE])
[01:08:46] [Render thread/WARN] (Minecraft) Ignoring player info update for unknown player a4dc68a8-c992-33e4-840a-92b5959cdfea ([UPDATE_GAME_MODE])
[01:08:51] [Render thread/WARN] (Minecraft) Ignoring player info update for unknown player 42da7e81-54d5-3cb9-ba8f-cb045af6a265 ([UPDATE_GAME_MODE])
[01:08:51] [Render thread/WARN] (Minecraft) Ignoring player info update for unknown player 42da7e81-54d5-3cb9-ba8f-cb045af6a265 ([UPDATE_GAME_MODE])
[01:08:51] [Render thread/WARN] (Minecraft) Ignoring player info update for unknown player 42da7e81-54d5-3cb9-ba8f-cb045af6a265 ([UPDATE_GAME_MODE])
[01:08:51] [Render thread/WARN] (Minecraft) Ignoring player info update for unknown player 42da7e81-54d5-3cb9-ba8f-cb045af6a265 ([UPDATE_GAME_MODE])
[01:08:51] [Render thread/INFO] (Minecraft) [System] [CHAT] Ⓛ [Игрок] vioout ⇨ phazo92 софт
[01:08:57] [Render thread/WARN] (Minecraft) Ignoring player info update for unknown player e26bea6e-a927-37e0-8f8d-088c42674756 ([UPDATE_GAME_MODE])
[01:08:57] [Render thread/WARN] (Minecraft) Ignoring player info update for unknown player e26bea6e-a927-37e0-8f8d-088c42674756 ([UPDATE_GAME_MODE])
[01:08:57] [Render thread/WARN] (Minecraft) Ignoring player info update for unknown player e26bea6e-a927-37e0-8f8d-088c42674756 ([UPDATE_GAME_MODE])
[01:08:57] [Render thread/WARN] (Minecraft) Ignoring player info update for unknown player e26bea6e-a927-37e0-8f8d-088c42674756 ([UPDATE_GAME_MODE])
[01:09:00] [Render thread/WARN] (Minecraft) Ignoring player info update for unknown player d0b1c808-6368-3d72-82bf-d5a229083680 ([UPDATE_GAME_MODE])
[01:09:00] [Render thread/WARN] (Minecraft) Ignoring player info update for unknown player d0b1c808-6368-3d72-82bf-d5a229083680 ([UPDATE_GAME_MODE])
[01:09:00] [Render thread/WARN] (Minecraft) Ignoring player info update for unknown player d0b1c808-6368-3d72-82bf-d5a229083680 ([UPDATE_GAME_MODE])
[01:09:00] [Render thread/WARN] (Minecraft) Ignoring player info update for unknown player d0b1c808-6368-3d72-82bf-d5a229083680 ([UPDATE_GAME_MODE])
[01:09:05] [Render thread/WARN] (Minecraft) Ignoring player info update for unknown player 35f09b89-7aaa-3435-9fd0-01b68c6d1571 ([UPDATE_GAME_MODE])
[01:09:05] [Render thread/WARN] (Minecraft) Ignoring player info update for unknown player 35f09b89-7aaa-3435-9fd0-01b68c6d1571 ([UPDATE_GAME_MODE])
[01:09:05] [Render thread/WARN] (Minecraft) Ignoring player info update for unknown player 35f09b89-7aaa-3435-9fd0-01b68c6d1571 ([UPDATE_GAME_MODE])
[01:09:05] [Render thread/WARN] (Minecraft) Ignoring player info update for unknown player 35f09b89-7aaa-3435-9fd0-01b68c6d1571 ([UPDATE_GAME_MODE])
[01:09:12] [Render thread/WARN] (Minecraft) Ignoring player info update for unknown player 5cffdafa-7bc2-396b-9a8a-2a8b5928a4b5 ([UPDATE_GAME_MODE])
[01:09:12] [Render thread/WARN] (Minecraft) Ignoring player info update for unknown player 5cffdafa-7bc2-396b-9a8a-2a8b5928a4b5 ([UPDATE_GAME_MODE])
[01:09:12] [Render thread/WARN] (Minecraft) Ignoring player info update for unknown player 5cffdafa-7bc2-396b-9a8a-2a8b5928a4b5 ([UPDATE_GAME_MODE])
[01:09:12] [Render thread/WARN] (Minecraft) Ignoring player info update for unknown player 5cffdafa-7bc2-396b-9a8a-2a8b5928a4b5 ([UPDATE_GAME_MODE])
[01:09:15] [Render thread/WARN] (Minecraft) Ignoring player info update for unknown player ca72354f-bce9-3c3b-b83a-15d24bda75ad ([UPDATE_GAME_MODE])
[01:09:15] [Render thread/WARN] (Minecraft) Ignoring player info update for unknown player ca72354f-bce9-3c3b-b83a-15d24bda75ad ([UPDATE_GAME_MODE])
[01:09:20] [Render thread/WARN] (Minecraft) Ignoring player info update for unknown player 0d82446d-4667-3441-8472-e59b5559f2f9 ([UPDATE_GAME_MODE])
[01:09:20] [Render thread/WARN] (Minecraft) Ignoring player info update for unknown player 0d82446d-4667-3441-8472-e59b5559f2f9 ([UPDATE_GAME_MODE])
[01:09:25] [Render thread/WARN] (Minecraft) Ignoring player info update for unknown player c29bf59c-25a4-33cd-856e-9b7cf158563a ([UPDATE_GAME_MODE])
[01:09:25] [Render thread/WARN] (Minecraft) Ignoring player info update for unknown player c29bf59c-25a4-33cd-856e-9b7cf158563a ([UPDATE_GAME_MODE])
[01:09:26] [Render thread/WARN] (Minecraft) Ignoring player info update for unknown player dfb3b91a-10c0-3430-af6c-21a73cce2dca ([UPDATE_GAME_MODE])
[01:09:26] [Render thread/WARN] (Minecraft) Ignoring player info update for unknown player dfb3b91a-10c0-3430-af6c-21a73cce2dca ([UPDATE_GAME_MODE])
[01:09:33] [Render thread/WARN] (Minecraft) Ignoring player info update for unknown player 4d47ac46-2743-3c79-994a-55e8ad5f2074 ([UPDATE_GAME_MODE])
[01:09:33] [Render thread/WARN] (Minecraft) Ignoring player info update for unknown player 4d47ac46-2743-3c79-994a-55e8ad5f2074 ([UPDATE_GAME_MODE])
[01:09:33] [Render thread/WARN] (Minecraft) Ignoring player info update for unknown player 4d47ac46-2743-3c79-994a-55e8ad5f2074 ([UPDATE_GAME_MODE])
[01:09:33] [Render thread/WARN] (Minecraft) Ignoring player info update for unknown player 4d47ac46-2743-3c79-994a-55e8ad5f2074 ([UPDATE_GAME_MODE])
[01:09:34] [Render thread/WARN] (Minecraft) Ignoring player info update for unknown player daf34637-bf1d-3133-83f3-04f228893fbd ([UPDATE_GAME_MODE])
[01:09:34] [Render thread/WARN] (Minecraft) Ignoring player info update for unknown player daf34637-bf1d-3133-83f3-04f228893fbd ([UPDATE_GAME_MODE])
[01:09:34] [Render thread/WARN] (Minecraft) Ignoring player info update for unknown player daf34637-bf1d-3133-83f3-04f228893fbd ([UPDATE_GAME_MODE])
[01:09:34] [Render thread/WARN] (Minecraft) Ignoring player info update for unknown player daf34637-bf1d-3133-83f3-04f228893fbd ([UPDATE_GAME_MODE])
[01:09:39] [Render thread/WARN] (Minecraft) Ignoring player info update for unknown player e165a7cf-df8a-394c-9566-67c2cb4f2977 ([UPDATE_GAME_MODE])
[01:09:39] [Render thread/WARN] (Minecraft) Ignoring player info update for unknown player e165a7cf-df8a-394c-9566-67c2cb4f2977 ([UPDATE_GAME_MODE])
[01:09:39] [Render thread/WARN] (Minecraft) Ignoring player info update for unknown player e165a7cf-df8a-394c-9566-67c2cb4f2977 ([UPDATE_GAME_MODE])
[01:09:39] [Render thread/WARN] (Minecraft) Ignoring player info update for unknown player e165a7cf-df8a-394c-9566-67c2cb4f2977 ([UPDATE_GAME_MODE])
[01:09:39] [Render thread/WARN] (Minecraft) Ignoring player info update for unknown player a559d64e-a199-361b-bc5b-178ee179d25e ([UPDATE_GAME_MODE])
[01:09:39] [Render thread/WARN] (Minecraft) Ignoring player info update for unknown player a559d64e-a199-361b-bc5b-178ee179d25e ([UPDATE_GAME_MODE])
[01:09:39] [Render thread/WARN] (Minecraft) Ignoring player info update for unknown player a559d64e-a199-361b-bc5b-178ee179d25e ([UPDATE_GAME_MODE])
[01:09:39] [Render thread/WARN] (Minecraft) Ignoring player info update for unknown player a559d64e-a199-361b-bc5b-178ee179d25e ([UPDATE_GAME_MODE])
[01:09:39] [Render thread/WARN] (Minecraft) Ignoring player info update for unknown player b7e2e71b-3402-34b0-8997-c918f18e195a ([UPDATE_GAME_MODE])
[01:09:39] [Render thread/WARN] (Minecraft) Ignoring player info update for unknown player b7e2e71b-3402-34b0-8997-c918f18e195a ([UPDATE_GAME_MODE])
[01:09:39] [Render thread/WARN] (Minecraft) Ignoring player info update for unknown player b7e2e71b-3402-34b0-8997-c918f18e195a ([UPDATE_GAME_MODE])
[01:09:39] [Render thread/WARN] (Minecraft) Ignoring player info update for unknown player b7e2e71b-3402-34b0-8997-c918f18e195a ([UPDATE_GAME_MODE])
[01:09:40] [Render thread/WARN] (Minecraft) Ignoring player info update for unknown player 87b74b82-50e4-3d39-bfe0-6e9eaafbd793 ([UPDATE_GAME_MODE])
[01:09:40] [Render thread/WARN] (Minecraft) Ignoring player info update for unknown player 87b74b82-50e4-3d39-bfe0-6e9eaafbd793 ([UPDATE_GAME_MODE])
[01:09:40] [Render thread/WARN] (Minecraft) Ignoring player info update for unknown player 87b74b82-50e4-3d39-bfe0-6e9eaafbd793 ([UPDATE_GAME_MODE])
[01:09:40] [Render thread/WARN] (Minecraft) Ignoring player info update for unknown player 87b74b82-50e4-3d39-bfe0-6e9eaafbd793 ([UPDATE_GAME_MODE])
[01:09:44] [Render thread/WARN] (Minecraft) Ignoring player info update for unknown player b9a99660-5d59-397d-b65e-4b0266eec746 ([UPDATE_GAME_MODE])
[01:09:44] [Render thread/WARN] (Minecraft) Ignoring player info update for unknown player b9a99660-5d59-397d-b65e-4b0266eec746 ([UPDATE_GAME_MODE])
[01:09:50] [Render thread/INFO] (Minecraft) [System] [CHAT] Ⓖ [Игрок] FortKitty ⇨ rem3683 ez by FortKitty
[01:09:50] [Render thread/WARN] (Minecraft) Ignoring player info update for unknown player f037cc7f-7f87-3f36-80be-7d22c6d7bbea ([UPDATE_GAME_MODE])
[01:09:50] [Render thread/WARN] (Minecraft) Ignoring player info update for unknown player f037cc7f-7f87-3f36-80be-7d22c6d7bbea ([UPDATE_GAME_MODE])
[01:09:50] [Render thread/WARN] (Minecraft) Ignoring player info update for unknown player f037cc7f-7f87-3f36-80be-7d22c6d7bbea ([UPDATE_GAME_MODE])
[01:09:50] [Render thread/WARN] (Minecraft) Ignoring player info update for unknown player f037cc7f-7f87-3f36-80be-7d22c6d7bbea ([UPDATE_GAME_MODE])
[01:09:51] [Render thread/WARN] (Minecraft) Ignoring player info update for unknown player 2f4458f7-4953-3f36-8243-21f4cee3c4c2 ([UPDATE_GAME_MODE])
[01:09:51] [Render thread/WARN] (Minecraft) Ignoring player info update for unknown player 2f4458f7-4953-3f36-8243-21f4cee3c4c2 ([UPDATE_GAME_MODE])
[01:09:54] [Render thread/WARN] (Minecraft) Ignoring player info update for unknown player 78af08e4-676a-3ce8-ac20-c8e50f4b9791 ([UPDATE_GAME_MODE])
[01:09:54] [Render thread/WARN] (Minecraft) Ignoring player info update for unknown player 78af08e4-676a-3ce8-ac20-c8e50f4b9791 ([UPDATE_GAME_MODE])
[01:09:54] [Render thread/WARN] (Minecraft) Ignoring player info update for unknown player 78af08e4-676a-3ce8-ac20-c8e50f4b9791 ([UPDATE_GAME_MODE])
[01:09:54] [Render thread/WARN] (Minecraft) Ignoring player info update for unknown player 78af08e4-676a-3ce8-ac20-c8e50f4b9791 ([UPDATE_GAME_MODE])
[01:09:58] [Render thread/WARN] (Minecraft) Ignoring player info update for unknown player d26179a7-13bd-3ba3-9042-092a93531b7a ([UPDATE_GAME_MODE])
[01:09:58] [Render thread/WARN] (Minecraft) Ignoring player info update for unknown player d26179a7-13bd-3ba3-9042-092a93531b7a ([UPDATE_GAME_MODE])
[01:09:58] [Render thread/WARN] (Minecraft) Ignoring player info update for unknown player d26179a7-13bd-3ba3-9042-092a93531b7a ([UPDATE_GAME_MODE])
[01:09:58] [Render thread/WARN] (Minecraft) Ignoring player info update for unknown player d26179a7-13bd-3ba3-9042-092a93531b7a ([UPDATE_GAME_MODE])
[01:09:59] [Render thread/WARN] (Minecraft) Ignoring player info update for unknown player 884205c3-d9b2-33f3-b4f2-8db404a3332d ([UPDATE_GAME_MODE])
[01:09:59] [Render thread/WARN] (Minecraft) Ignoring player info update for unknown player 884205c3-d9b2-33f3-b4f2-8db404a3332d ([UPDATE_GAME_MODE])
[01:10:06] [Render thread/WARN] (Minecraft) Ignoring player info update for unknown player 2f4458f7-4953-3f36-8243-21f4cee3c4c2 ([UPDATE_GAME_MODE])
[01:10:06] [Render thread/WARN] (Minecraft) Ignoring player info update for unknown player 2f4458f7-4953-3f36-8243-21f4cee3c4c2 ([UPDATE_GAME_MODE])
[01:10:06] [Render thread/WARN] (Minecraft) Ignoring player info update for unknown player 2f4458f7-4953-3f36-8243-21f4cee3c4c2 ([UPDATE_GAME_MODE])
[01:10:06] [Render thread/WARN] (Minecraft) Ignoring player info update for unknown player 2f4458f7-4953-3f36-8243-21f4cee3c4c2 ([UPDATE_GAME_MODE])
[01:10:07] [Render thread/INFO] (Minecraft) [System] [CHAT] ╔
[01:10:07] [Render thread/INFO] (Minecraft) [System] [CHAT] ╠ Подписывайтесь на наш ТТ - tiktok.com/@spookytime_tt
[01:10:07] [Render thread/INFO] (Minecraft) [System] [CHAT] ╚
[01:10:14] [Render thread/WARN] (Minecraft) Ignoring player info update for unknown player 7e20a402-1bd6-365a-8930-f0060239bc9e ([UPDATE_GAME_MODE])
[01:10:14] [Render thread/WARN] (Minecraft) Ignoring player info update for unknown player 7e20a402-1bd6-365a-8930-f0060239bc9e ([UPDATE_GAME_MODE])
[01:10:15] [Render thread/WARN] (Minecraft) Ignoring player info update for unknown player 6f9c6313-cf34-35e7-b759-16b4b5690f08 ([UPDATE_GAME_MODE])
[01:10:15] [Render thread/WARN] (Minecraft) Ignoring player info update for unknown player 6f9c6313-cf34-35e7-b759-16b4b5690f08 ([UPDATE_GAME_MODE])
[01:10:15] [Render thread/WARN] (Minecraft) Ignoring player info update for unknown player 6f9c6313-cf34-35e7-b759-16b4b5690f08 ([UPDATE_GAME_MODE])
[01:10:15] [Render thread/WARN] (Minecraft) Ignoring player info update for unknown player 6f9c6313-cf34-35e7-b759-16b4b5690f08 ([UPDATE_GAME_MODE])
[01:10:15] [Render thread/WARN] (Minecraft) Ignoring player info update for unknown player d83f7d62-38df-3e4c-b45e-8a6f58cf8493 ([UPDATE_GAME_MODE])
[01:10:15] [Render thread/WARN] (Minecraft) Ignoring player info update for unknown player d83f7d62-38df-3e4c-b45e-8a6f58cf8493 ([UPDATE_GAME_MODE])
[01:10:17] [Render thread/WARN] (Minecraft) Ignoring player info update for unknown player daf34637-bf1d-3133-83f3-04f228893fbd ([UPDATE_GAME_MODE])
[01:10:17] [Render thread/WARN] (Minecraft) Ignoring player info update for unknown player daf34637-bf1d-3133-83f3-04f228893fbd ([UPDATE_GAME_MODE])
[01:10:17] [Render thread/WARN] (Minecraft) Ignoring player info update for unknown player daf34637-bf1d-3133-83f3-04f228893fbd ([UPDATE_GAME_MODE])
[01:10:17] [Render thread/WARN] (Minecraft) Ignoring player info update for unknown player daf34637-bf1d-3133-83f3-04f228893fbd ([UPDATE_GAME_MODE])
[01:10:18] [Render thread/WARN] (Minecraft) Ignoring player info update for unknown player 6dc4792d-028b-3b2c-a6f1-31e222ee1c89 ([UPDATE_GAME_MODE])
[01:10:18] [Render thread/WARN] (Minecraft) Ignoring player info update for unknown player 6dc4792d-028b-3b2c-a6f1-31e222ee1c89 ([UPDATE_GAME_MODE])
[01:10:25] [Render thread/WARN] (Minecraft) Ignoring player info update for unknown player 825149c2-499b-37b5-87e0-6321b00cd6f0 ([UPDATE_GAME_MODE])
[01:10:25] [Render thread/WARN] (Minecraft) Ignoring player info update for unknown player 825149c2-499b-37b5-87e0-6321b00cd6f0 ([UPDATE_GAME_MODE])
[01:10:25] [Render thread/WARN] (Minecraft) Ignoring player info update for unknown player 825149c2-499b-37b5-87e0-6321b00cd6f0 ([UPDATE_GAME_MODE])
[01:10:25] [Render thread/WARN] (Minecraft) Ignoring player info update for unknown player 825149c2-499b-37b5-87e0-6321b00cd6f0 ([UPDATE_GAME_MODE])
[01:10:28] [Render thread/WARN] (Minecraft) Ignoring player info update for unknown player 29b2eb47-4c28-3e52-81fd-0d1cb6ac2e8b ([UPDATE_GAME_MODE])
[01:10:28] [Render thread/WARN] (Minecraft) Ignoring player info update for unknown player 29b2eb47-4c28-3e52-81fd-0d1cb6ac2e8b ([UPDATE_GAME_MODE])
[01:10:28] [Render thread/WARN] (Minecraft) Ignoring player info update for unknown player 29b2eb47-4c28-3e52-81fd-0d1cb6ac2e8b ([UPDATE_GAME_MODE])
[01:10:28] [Render thread/WARN] (Minecraft) Ignoring player info update for unknown player 29b2eb47-4c28-3e52-81fd-0d1cb6ac2e8b ([UPDATE_GAME_MODE])
[01:10:30] [Render thread/WARN] (Minecraft) Ignoring player info update for unknown player a4513ff4-5944-3cae-9d4b-b095c4d20047 ([UPDATE_GAME_MODE])
[01:10:30] [Render thread/WARN] (Minecraft) Ignoring player info update for unknown player a4513ff4-5944-3cae-9d4b-b095c4d20047 ([UPDATE_GAME_MODE])
[01:10:30] [Render thread/WARN] (Minecraft) Ignoring player info update for unknown player 34895fb3-7327-3a5e-8c4d-1ed5b8a06343 ([UPDATE_GAME_MODE])
[01:10:30] [Render thread/WARN] (Minecraft) Ignoring player info update for unknown player 34895fb3-7327-3a5e-8c4d-1ed5b8a06343 ([UPDATE_GAME_MODE])
[01:10:43] [Render thread/WARN] (Minecraft) Ignoring player info update for unknown player 6b4599ee-6846-3ba4-a43d-fbb8a2a0c4b8 ([UPDATE_GAME_MODE])
[01:10:43] [Render thread/WARN] (Minecraft) Ignoring player info update for unknown player 6b4599ee-6846-3ba4-a43d-fbb8a2a0c4b8 ([UPDATE_GAME_MODE])
[01:10:44] [Render thread/WARN] (Minecraft) Ignoring player info update for unknown player 305de09a-561c-3f41-b187-2fa6294be6b2 ([UPDATE_GAME_MODE])
[01:10:44] [Render thread/WARN] (Minecraft) Ignoring player info update for unknown player 305de09a-561c-3f41-b187-2fa6294be6b2 ([UPDATE_GAME_MODE])
[01:10:56] [Render thread/WARN] (Minecraft) Ignoring player info update for unknown player f20c2f35-41fc-359c-baa5-95c3be05d5ed ([UPDATE_GAME_MODE])
[01:10:56] [Render thread/WARN] (Minecraft) Ignoring player info update for unknown player f20c2f35-41fc-359c-baa5-95c3be05d5ed ([UPDATE_GAME_MODE])
[01:11:09] [Render thread/WARN] (Minecraft) Ignoring player info update for unknown player e3e4544d-545d-32fe-af1c-0df439915921 ([UPDATE_GAME_MODE])
[01:11:09] [Render thread/WARN] (Minecraft) Ignoring player info update for unknown player e3e4544d-545d-32fe-af1c-0df439915921 ([UPDATE_GAME_MODE])
[01:11:09] [Render thread/WARN] (Minecraft) Ignoring player info update for unknown player e3e4544d-545d-32fe-af1c-0df439915921 ([UPDATE_GAME_MODE])
[01:11:09] [Render thread/WARN] (Minecraft) Ignoring player info update for unknown player e3e4544d-545d-32fe-af1c-0df439915921 ([UPDATE_GAME_MODE])
[01:11:10] [Render thread/WARN] (Minecraft) Ignoring player info update for unknown player 66547269-e26e-3833-ac58-7453a92695d3 ([UPDATE_GAME_MODE])
[01:11:10] [Render thread/WARN] (Minecraft) Ignoring player info update for unknown player 66547269-e26e-3833-ac58-7453a92695d3 ([UPDATE_GAME_MODE])
[01:11:10] [Render thread/WARN] (Minecraft) Ignoring player info update for unknown player 66547269-e26e-3833-ac58-7453a92695d3 ([UPDATE_GAME_MODE])
[01:11:10] [Render thread/WARN] (Minecraft) Ignoring player info update for unknown player 66547269-e26e-3833-ac58-7453a92695d3 ([UPDATE_GAME_MODE])
[01:11:16] [Render thread/WARN] (Minecraft) Ignoring player info update for unknown player 48c6cee7-84c5-3232-b2fe-0102b391bc72 ([UPDATE_GAME_MODE])
[01:11:16] [Render thread/WARN] (Minecraft) Ignoring player info update for unknown player 48c6cee7-84c5-3232-b2fe-0102b391bc72 ([UPDATE_GAME_MODE])
[01:11:27] [Render thread/WARN] (Minecraft) Ignoring player info update for unknown player 2f4458f7-4953-3f36-8243-21f4cee3c4c2 ([UPDATE_GAME_MODE])
[01:11:27] [Render thread/WARN] (Minecraft) Ignoring player info update for unknown player 2f4458f7-4953-3f36-8243-21f4cee3c4c2 ([UPDATE_GAME_MODE])
[01:11:27] [Render thread/WARN] (Minecraft) Ignoring player info update for unknown player 2f4458f7-4953-3f36-8243-21f4cee3c4c2 ([UPDATE_GAME_MODE])
[01:11:27] [Render thread/WARN] (Minecraft) Ignoring player info update for unknown player 2f4458f7-4953-3f36-8243-21f4cee3c4c2 ([UPDATE_GAME_MODE])
[01:11:28] [Render thread/WARN] (Minecraft) Ignoring player info update for unknown player f2fa551d-1977-3fe4-b6bd-32b244d6887c ([UPDATE_GAME_MODE])
[01:11:28] [Render thread/WARN] (Minecraft) Ignoring player info update for unknown player f2fa551d-1977-3fe4-b6bd-32b244d6887c ([UPDATE_GAME_MODE])
[01:11:32] [Render thread/WARN] (Minecraft) Ignoring player info update for unknown player 149a815c-2ba6-3d0d-96ec-5adaaa7a579e ([UPDATE_GAME_MODE])
[01:11:32] [Render thread/WARN] (Minecraft) Ignoring player info update for unknown player 149a815c-2ba6-3d0d-96ec-5adaaa7a579e ([UPDATE_GAME_MODE])
[01:11:32] [Render thread/WARN] (Minecraft) Ignoring player info update for unknown player 149a815c-2ba6-3d0d-96ec-5adaaa7a579e ([UPDATE_GAME_MODE])
[01:11:32] [Render thread/WARN] (Minecraft) Ignoring player info update for unknown player 149a815c-2ba6-3d0d-96ec-5adaaa7a579e ([UPDATE_GAME_MODE])
[01:11:36] [Render thread/WARN] (Minecraft) Ignoring player info update for unknown player 62a3d1de-c35b-3272-a739-74758098eef0 ([UPDATE_GAME_MODE])
[01:11:36] [Render thread/WARN] (Minecraft) Ignoring player info update for unknown player 62a3d1de-c35b-3272-a739-74758098eef0 ([UPDATE_GAME_MODE])
[01:11:36] [Render thread/WARN] (Minecraft) Ignoring player info update for unknown player 62a3d1de-c35b-3272-a739-74758098eef0 ([UPDATE_GAME_MODE])
[01:11:36] [Render thread/WARN] (Minecraft) Ignoring player info update for unknown player 62a3d1de-c35b-3272-a739-74758098eef0 ([UPDATE_GAME_MODE])
[01:11:37] [Render thread/INFO] (Minecraft) [System] [CHAT] ╔
[01:11:37] [Render thread/INFO] (Minecraft) [System] [CHAT] ╠ Мы есть в ДС - discord.gg/spookytime
[01:11:37] [Render thread/INFO] (Minecraft) [System] [CHAT] ╚
[01:11:44] [Render thread/WARN] (Minecraft) Ignoring player info update for unknown player 58c48376-a495-3b27-b9a8-f227998e6d72 ([UPDATE_GAME_MODE])
[01:11:44] [Render thread/WARN] (Minecraft) Ignoring player info update for unknown player 58c48376-a495-3b27-b9a8-f227998e6d72 ([UPDATE_GAME_MODE])
[01:11:44] [Render thread/WARN] (Minecraft) Ignoring player info update for unknown player 58c48376-a495-3b27-b9a8-f227998e6d72 ([UPDATE_GAME_MODE])
[01:11:44] [Render thread/WARN] (Minecraft) Ignoring player info update for unknown player 58c48376-a495-3b27-b9a8-f227998e6d72 ([UPDATE_GAME_MODE])
[01:11:47] [Render thread/WARN] (Minecraft) Ignoring player info update for unknown player a84cb20a-d515-3a1a-8704-888fc24d3b55 ([UPDATE_GAME_MODE])
[01:11:47] [Render thread/WARN] (Minecraft) Ignoring player info update for unknown player a84cb20a-d515-3a1a-8704-888fc24d3b55 ([UPDATE_GAME_MODE])
[01:11:56] [Render thread/WARN] (Minecraft) Ignoring player info update for unknown player a5410282-7b96-393a-ba12-38480721ee3f ([UPDATE_GAME_MODE])
[01:11:56] [Render thread/WARN] (Minecraft) Ignoring player info update for unknown player a5410282-7b96-393a-ba12-38480721ee3f ([UPDATE_GAME_MODE])
[01:11:59] [Render thread/WARN] (Minecraft) Ignoring player info update for unknown player 69e96e6c-415b-3d2f-a913-c32aad217964 ([UPDATE_GAME_MODE])
[01:11:59] [Render thread/WARN] (Minecraft) Ignoring player info update for unknown player 69e96e6c-415b-3d2f-a913-c32aad217964 ([UPDATE_GAME_MODE])
[01:11:59] [Render thread/WARN] (Minecraft) Ignoring player info update for unknown player 69e96e6c-415b-3d2f-a913-c32aad217964 ([UPDATE_GAME_MODE])
[01:11:59] [Render thread/WARN] (Minecraft) Ignoring player info update for unknown player 69e96e6c-415b-3d2f-a913-c32aad217964 ([UPDATE_GAME_MODE])
[01:12:03] [Render thread/WARN] (Minecraft) Ignoring player info update for unknown player 46f0851d-25a9-3025-a9cb-324281ec63e4 ([UPDATE_GAME_MODE])
[01:12:03] [Render thread/WARN] (Minecraft) Ignoring player info update for unknown player 46f0851d-25a9-3025-a9cb-324281ec63e4 ([UPDATE_GAME_MODE])
[01:12:03] [Render thread/WARN] (Minecraft) Ignoring player info update for unknown player 46f0851d-25a9-3025-a9cb-324281ec63e4 ([UPDATE_GAME_MODE])
[01:12:03] [Render thread/WARN] (Minecraft) Ignoring player info update for unknown player 46f0851d-25a9-3025-a9cb-324281ec63e4 ([UPDATE_GAME_MODE])
[01:12:07] [Render thread/WARN] (Minecraft) Ignoring player info update for unknown player 53be61c8-a91b-3357-bbe4-b93b7c00a9fb ([UPDATE_GAME_MODE])
[01:12:07] [Render thread/WARN] (Minecraft) Ignoring player info update for unknown player 53be61c8-a91b-3357-bbe4-b93b7c00a9fb ([UPDATE_GAME_MODE])
[01:12:07] [Render thread/WARN] (Minecraft) Ignoring player info update for unknown player 53be61c8-a91b-3357-bbe4-b93b7c00a9fb ([UPDATE_GAME_MODE])
[01:12:07] [Render thread/WARN] (Minecraft) Ignoring player info update for unknown player 53be61c8-a91b-3357-bbe4-b93b7c00a9fb ([UPDATE_GAME_MODE])
[01:12:09] [Render thread/WARN] (Minecraft) Ignoring player info update for unknown player fa667542-16d8-32af-a991-a49e689ed214 ([UPDATE_GAME_MODE])
[01:12:09] [Render thread/WARN] (Minecraft) Ignoring player info update for unknown player fa667542-16d8-32af-a991-a49e689ed214 ([UPDATE_GAME_MODE])
[01:12:22] [Render thread/WARN] (Minecraft) Ignoring player info update for unknown player a82555a9-4f2d-3d20-b79a-909ca0536121 ([UPDATE_GAME_MODE])
[01:12:22] [Render thread/WARN] (Minecraft) Ignoring player info update for unknown player a82555a9-4f2d-3d20-b79a-909ca0536121 ([UPDATE_GAME_MODE])
[01:12:24] [Render thread/WARN] (Minecraft) Ignoring player info update for unknown player fcae4cf6-4f8b-36a9-802c-77eb7fc046b3 ([UPDATE_GAME_MODE])
[01:12:24] [Render thread/WARN] (Minecraft) Ignoring player info update for unknown player fcae4cf6-4f8b-36a9-802c-77eb7fc046b3 ([UPDATE_GAME_MODE])
[01:12:24] [Render thread/WARN] (Minecraft) Ignoring player info update for unknown player fcae4cf6-4f8b-36a9-802c-77eb7fc046b3 ([UPDATE_GAME_MODE])
[01:12:24] [Render thread/WARN] (Minecraft) Ignoring player info update for unknown player fcae4cf6-4f8b-36a9-802c-77eb7fc046b3 ([UPDATE_GAME_MODE])
[01:12:25] [Render thread/WARN] (Minecraft) Ignoring player info update for unknown player e26bea6e-a927-37e0-8f8d-088c42674756 ([UPDATE_GAME_MODE])
[01:12:25] [Render thread/WARN] (Minecraft) Ignoring player info update for unknown player e26bea6e-a927-37e0-8f8d-088c42674756 ([UPDATE_GAME_MODE])
[01:12:25] [Render thread/WARN] (Minecraft) Ignoring player info update for unknown player e26bea6e-a927-37e0-8f8d-088c42674756 ([UPDATE_GAME_MODE])
[01:12:25] [Render thread/WARN] (Minecraft) Ignoring player info update for unknown player e26bea6e-a927-37e0-8f8d-088c42674756 ([UPDATE_GAME_MODE])
[01:12:34] [Render thread/WARN] (Minecraft) Ignoring player info update for unknown player fc9a7538-1587-3df9-9101-f85b5a2bf6d1 ([UPDATE_GAME_MODE])
[01:12:34] [Render thread/WARN] (Minecraft) Ignoring player info update for unknown player fc9a7538-1587-3df9-9101-f85b5a2bf6d1 ([UPDATE_GAME_MODE])
[01:12:34] [Render thread/WARN] (Minecraft) Ignoring player info update for unknown player fc9a7538-1587-3df9-9101-f85b5a2bf6d1 ([UPDATE_GAME_MODE])
[01:12:34] [Render thread/WARN] (Minecraft) Ignoring player info update for unknown player fc9a7538-1587-3df9-9101-f85b5a2bf6d1 ([UPDATE_GAME_MODE])
[01:12:35] [Render thread/INFO] (Minecraft) [System] [CHAT] Ⓛ [Игрок] Minceder ⇨ 12
[01:12:36] [Render thread/WARN] (Minecraft) Ignoring player info update for unknown player b76ca7a5-6c05-3312-8804-820014bfac1f ([UPDATE_GAME_MODE])
[01:12:36] [Render thread/WARN] (Minecraft) Ignoring player info update for unknown player b76ca7a5-6c05-3312-8804-820014bfac1f ([UPDATE_GAME_MODE])
[01:12:36] [Render thread/WARN] (Minecraft) Ignoring player info update for unknown player b76ca7a5-6c05-3312-8804-820014bfac1f ([UPDATE_GAME_MODE])
[01:12:36] [Render thread/WARN] (Minecraft) Ignoring player info update for unknown player b76ca7a5-6c05-3312-8804-820014bfac1f ([UPDATE_GAME_MODE])
[01:12:36] [Render thread/WARN] (Minecraft) Ignoring player info update for unknown player ad91420a-053a-3070-98f3-c79d4a673152 ([UPDATE_GAME_MODE])
[01:12:36] [Render thread/WARN] (Minecraft) Ignoring player info update for unknown player ad91420a-053a-3070-98f3-c79d4a673152 ([UPDATE_GAME_MODE])
[01:12:36] [Render thread/WARN] (Minecraft) Ignoring player info update for unknown player ad91420a-053a-3070-98f3-c79d4a673152 ([UPDATE_GAME_MODE])
[01:12:36] [Render thread/WARN] (Minecraft) Ignoring player info update for unknown player ad91420a-053a-3070-98f3-c79d4a673152 ([UPDATE_GAME_MODE])
[01:12:39] [Render thread/WARN] (Minecraft) Ignoring player info update for unknown player 97139b09-e9ea-3c3d-82f4-b8b647b6a510 ([UPDATE_GAME_MODE])
[01:12:39] [Render thread/WARN] (Minecraft) Ignoring player info update for unknown player 97139b09-e9ea-3c3d-82f4-b8b647b6a510 ([UPDATE_GAME_MODE])
[01:12:41] [Render thread/WARN] (Minecraft) Ignoring player info update for unknown player 36fb51f8-f979-3bc6-ad3a-5d8ba3b91fc4 ([UPDATE_GAME_MODE])
[01:12:41] [Render thread/WARN] (Minecraft) Ignoring player info update for unknown player 36fb51f8-f979-3bc6-ad3a-5d8ba3b91fc4 ([UPDATE_GAME_MODE])
[01:12:47] [Render thread/WARN] (Minecraft) Ignoring player info update for unknown player f4de6056-ce42-33f8-905b-2a226b6b3ef2 ([UPDATE_GAME_MODE])
[01:12:47] [Render thread/WARN] (Minecraft) Ignoring player info update for unknown player f4de6056-ce42-33f8-905b-2a226b6b3ef2 ([UPDATE_GAME_MODE])
[01:12:47] [Render thread/WARN] (Minecraft) Ignoring player info update for unknown player f4de6056-ce42-33f8-905b-2a226b6b3ef2 ([UPDATE_GAME_MODE])
[01:12:47] [Render thread/WARN] (Minecraft) Ignoring player info update for unknown player f4de6056-ce42-33f8-905b-2a226b6b3ef2 ([UPDATE_GAME_MODE])
[01:12:53] [Render thread/WARN] (Minecraft) Ignoring player info update for unknown player 97e2cb92-e97d-35fb-858c-fb9eb99b2649 ([UPDATE_GAME_MODE])
[01:12:53] [Render thread/WARN] (Minecraft) Ignoring player info update for unknown player 97e2cb92-e97d-35fb-858c-fb9eb99b2649 ([UPDATE_GAME_MODE])
[01:12:59] [Render thread/WARN] (Minecraft) Ignoring player info update for unknown player dc4a0791-c509-3229-832b-f93c22d6d971 ([UPDATE_GAME_MODE])
[01:12:59] [Render thread/WARN] (Minecraft) Ignoring player info update for unknown player dc4a0791-c509-3229-832b-f93c22d6d971 ([UPDATE_GAME_MODE])
[01:13:03] [Render thread/WARN] (Minecraft) Ignoring player info update for unknown player c36f1d2e-2786-3e18-86f0-734ef1772acc ([UPDATE_GAME_MODE])
[01:13:03] [Render thread/WARN] (Minecraft) Ignoring player info update for unknown player c36f1d2e-2786-3e18-86f0-734ef1772acc ([UPDATE_GAME_MODE])
[01:13:03] [Render thread/WARN] (Minecraft) Ignoring player info update for unknown player 8b112635-4475-3e76-964f-0983c9e4489e ([UPDATE_GAME_MODE])
[01:13:03] [Render thread/WARN] (Minecraft) Ignoring player info update for unknown player 8b112635-4475-3e76-964f-0983c9e4489e ([UPDATE_GAME_MODE])
[01:13:03] [Render thread/WARN] (Minecraft) Ignoring player info update for unknown player 8b112635-4475-3e76-964f-0983c9e4489e ([UPDATE_GAME_MODE])
[01:13:03] [Render thread/WARN] (Minecraft) Ignoring player info update for unknown player 8b112635-4475-3e76-964f-0983c9e4489e ([UPDATE_GAME_MODE])
[01:13:06] [Render thread/WARN] (Minecraft) Ignoring player info update for unknown player 36fb51f8-f979-3bc6-ad3a-5d8ba3b91fc4 ([UPDATE_GAME_MODE])
[01:13:06] [Render thread/WARN] (Minecraft) Ignoring player info update for unknown player 36fb51f8-f979-3bc6-ad3a-5d8ba3b91fc4 ([UPDATE_GAME_MODE])
[01:13:06] [Render thread/WARN] (Minecraft) Ignoring player info update for unknown player 36fb51f8-f979-3bc6-ad3a-5d8ba3b91fc4 ([UPDATE_GAME_MODE])
[01:13:06] [Render thread/WARN] (Minecraft) Ignoring player info update for unknown player 36fb51f8-f979-3bc6-ad3a-5d8ba3b91fc4 ([UPDATE_GAME_MODE])
[01:13:06] [Render thread/WARN] (Minecraft) Ignoring player info update for unknown player efb9a580-f817-32bf-b1e3-b6361e8b08e8 ([UPDATE_GAME_MODE])
[01:13:06] [Render thread/WARN] (Minecraft) Ignoring player info update for unknown player efb9a580-f817-32bf-b1e3-b6361e8b08e8 ([UPDATE_GAME_MODE])
[01:13:07] [Render thread/INFO] (Minecraft) [System] [CHAT] ╔
[01:13:07] [Render thread/INFO] (Minecraft) [System] [CHAT] ╠       ! НАБОР В КОМАНДУ ПРОЕКТА !
[01:13:07] [Render thread/INFO] (Minecraft) [System] [CHAT] ╠ Открыт осенний набор в Команду Проекта
[01:13:07] [Render thread/INFO] (Minecraft) [System] [CHAT] ╠ Давай бороться с читерами вместе!
[01:13:07] [Render thread/INFO] (Minecraft) [System] [CHAT] ╠ Подавай заявку и ты: vk.cc/cCSS5u
[01:13:07] [Render thread/INFO] (Minecraft) [System] [CHAT] ╚
[01:13:14] [Render thread/WARN] (Minecraft) Ignoring player info update for unknown player a45a8d33-62ad-3c4e-8a58-2e7f33756f4a ([UPDATE_GAME_MODE])
[01:13:14] [Render thread/WARN] (Minecraft) Ignoring player info update for unknown player a45a8d33-62ad-3c4e-8a58-2e7f33756f4a ([UPDATE_GAME_MODE])
[01:13:14] [Render thread/WARN] (Minecraft) Ignoring player info update for unknown player a45a8d33-62ad-3c4e-8a58-2e7f33756f4a ([UPDATE_GAME_MODE])
[01:13:14] [Render thread/WARN] (Minecraft) Ignoring player info update for unknown player a45a8d33-62ad-3c4e-8a58-2e7f33756f4a ([UPDATE_GAME_MODE])
[01:13:17] [Render thread/WARN] (Minecraft) Ignoring player info update for unknown player 0b1903b9-6ab4-3b6a-865a-1936c7006382 ([UPDATE_GAME_MODE])
[01:13:17] [Render thread/WARN] (Minecraft) Ignoring player info update for unknown player 0b1903b9-6ab4-3b6a-865a-1936c7006382 ([UPDATE_GAME_MODE])
[01:13:17] [Render thread/WARN] (Minecraft) Ignoring player info update for unknown player 0b1903b9-6ab4-3b6a-865a-1936c7006382 ([UPDATE_GAME_MODE])
[01:13:17] [Render thread/WARN] (Minecraft) Ignoring player info update for unknown player 0b1903b9-6ab4-3b6a-865a-1936c7006382 ([UPDATE_GAME_MODE])
[01:13:19] [Render thread/WARN] (Minecraft) Ignoring player info update for unknown player ef0bf6eb-a57a-305c-81ad-cdc7da59c645 ([UPDATE_GAME_MODE])
[01:13:19] [Render thread/WARN] (Minecraft) Ignoring player info update for unknown player ef0bf6eb-a57a-305c-81ad-cdc7da59c645 ([UPDATE_GAME_MODE])
[01:13:19] [Render thread/WARN] (Minecraft) Ignoring player info update for unknown player ef0bf6eb-a57a-305c-81ad-cdc7da59c645 ([UPDATE_GAME_MODE])
[01:13:19] [Render thread/WARN] (Minecraft) Ignoring player info update for unknown player ef0bf6eb-a57a-305c-81ad-cdc7da59c645 ([UPDATE_GAME_MODE])
[01:13:34] [Render thread/WARN] (Minecraft) Ignoring player info update for unknown player e04bfe75-a168-3fa9-b994-2f9d6978c591 ([UPDATE_GAME_MODE])
[01:13:34] [Render thread/WARN] (Minecraft) Ignoring player info update for unknown player e04bfe75-a168-3fa9-b994-2f9d6978c591 ([UPDATE_GAME_MODE])
[01:13:36] [Render thread/WARN] (Minecraft) Ignoring player info update for unknown player 21dc0369-e04c-3823-9420-f71b5c8db1e8 ([UPDATE_GAME_MODE])
[01:13:36] [Render thread/WARN] (Minecraft) Ignoring player info update for unknown player 21dc0369-e04c-3823-9420-f71b5c8db1e8 ([UPDATE_GAME_MODE])
[01:13:43] [Render thread/WARN] (Minecraft) Ignoring player info update for unknown player 6539273f-07c7-3da7-8797-c6d08cfae0f3 ([UPDATE_GAME_MODE])
[01:13:43] [Render thread/WARN] (Minecraft) Ignoring player info update for unknown player 6539273f-07c7-3da7-8797-c6d08cfae0f3 ([UPDATE_GAME_MODE])
[01:13:44] [Render thread/WARN] (Minecraft) Ignoring player info update for unknown player 62a3d1de-c35b-3272-a739-74758098eef0 ([UPDATE_GAME_MODE])
[01:13:44] [Render thread/WARN] (Minecraft) Ignoring player info update for unknown player 62a3d1de-c35b-3272-a739-74758098eef0 ([UPDATE_GAME_MODE])
[01:13:44] [Render thread/WARN] (Minecraft) Ignoring player info update for unknown player 62a3d1de-c35b-3272-a739-74758098eef0 ([UPDATE_GAME_MODE])
[01:13:44] [Render thread/WARN] (Minecraft) Ignoring player info update for unknown player 62a3d1de-c35b-3272-a739-74758098eef0 ([UPDATE_GAME_MODE])
[01:13:46] [Render thread/INFO] (Minecraft) [System] [CHAT] Ⓛ [Игрок] wdhadihawygdytfa ⇨ ez
[01:13:47] [Render thread/WARN] (Minecraft) Ignoring player info update for unknown player 1a6644f8-96b7-3f12-a9b8-301d97ce8341 ([UPDATE_GAME_MODE])
[01:13:47] [Render thread/WARN] (Minecraft) Ignoring player info update for unknown player 1a6644f8-96b7-3f12-a9b8-301d97ce8341 ([UPDATE_GAME_MODE])
[01:13:47] [Render thread/WARN] (Minecraft) Ignoring player info update for unknown player 1a6644f8-96b7-3f12-a9b8-301d97ce8341 ([UPDATE_GAME_MODE])
[01:13:47] [Render thread/WARN] (Minecraft) Ignoring player info update for unknown player 1a6644f8-96b7-3f12-a9b8-301d97ce8341 ([UPDATE_GAME_MODE])
[01:13:47] [Render thread/WARN] (Minecraft) Ignoring player info update for unknown player 611b6522-9283-3ee1-b273-f2f192cc7055 ([UPDATE_GAME_MODE])
[01:13:47] [Render thread/WARN] (Minecraft) Ignoring player info update for unknown player 611b6522-9283-3ee1-b273-f2f192cc7055 ([UPDATE_GAME_MODE])
[01:13:49] [Render thread/WARN] (Minecraft) Ignoring player info update for unknown player 248b2cec-ca46-3c1b-9c7d-88886a9b0942 ([UPDATE_GAME_MODE])
[01:13:49] [Render thread/WARN] (Minecraft) Ignoring player info update for unknown player 248b2cec-ca46-3c1b-9c7d-88886a9b0942 ([UPDATE_GAME_MODE])
[01:13:50] [Render thread/WARN] (Minecraft) Ignoring player info update for unknown player 69e96e6c-415b-3d2f-a913-c32aad217964 ([UPDATE_GAME_MODE])
[01:13:50] [Render thread/WARN] (Minecraft) Ignoring player info update for unknown player 69e96e6c-415b-3d2f-a913-c32aad217964 ([UPDATE_GAME_MODE])
[01:13:50] [Render thread/WARN] (Minecraft) Ignoring player info update for unknown player 69e96e6c-415b-3d2f-a913-c32aad217964 ([UPDATE_GAME_MODE])
[01:13:50] [Render thread/WARN] (Minecraft) Ignoring player info update for unknown player 69e96e6c-415b-3d2f-a913-c32aad217964 ([UPDATE_GAME_MODE])
[01:13:52] [Render thread/WARN] (Minecraft) Ignoring player info update for unknown player 7ce77944-2570-309f-a953-92703500cd2f ([UPDATE_GAME_MODE])
[01:13:52] [Render thread/WARN] (Minecraft) Ignoring player info update for unknown player 7ce77944-2570-309f-a953-92703500cd2f ([UPDATE_GAME_MODE])
[01:13:55] [Render thread/WARN] (Minecraft) Ignoring player info update for unknown player ec9cc617-eac6-3725-8cb6-a6fc65b93ba5 ([UPDATE_GAME_MODE])
[01:13:55] [Render thread/WARN] (Minecraft) Ignoring player info update for unknown player ec9cc617-eac6-3725-8cb6-a6fc65b93ba5 ([UPDATE_GAME_MODE])
[01:14:02] [Render thread/WARN] (Minecraft) Ignoring player info update for unknown player 71a4a7e5-e7f8-3d53-880b-6e75ca528e2d ([UPDATE_GAME_MODE])
[01:14:02] [Render thread/WARN] (Minecraft) Ignoring player info update for unknown player 71a4a7e5-e7f8-3d53-880b-6e75ca528e2d ([UPDATE_GAME_MODE])
[01:14:02] [Render thread/WARN] (Minecraft) Ignoring player info update for unknown player 71a4a7e5-e7f8-3d53-880b-6e75ca528e2d ([UPDATE_GAME_MODE])
[01:14:02] [Render thread/WARN] (Minecraft) Ignoring player info update for unknown player 71a4a7e5-e7f8-3d53-880b-6e75ca528e2d ([UPDATE_GAME_MODE])
[01:14:04] [Render thread/WARN] (Minecraft) Ignoring player info update for unknown player c898c016-d336-3f68-b3f4-46bda9a581a0 ([UPDATE_GAME_MODE])
[01:14:04] [Render thread/WARN] (Minecraft) Ignoring player info update for unknown player c898c016-d336-3f68-b3f4-46bda9a581a0 ([UPDATE_GAME_MODE])
[01:14:05] [Render thread/WARN] (Minecraft) Ignoring player info update for unknown player 53c4df89-7994-3eae-9cf7-bd0c9e4f6e89 ([UPDATE_GAME_MODE])
[01:14:05] [Render thread/WARN] (Minecraft) Ignoring player info update for unknown player 53c4df89-7994-3eae-9cf7-bd0c9e4f6e89 ([UPDATE_GAME_MODE])
[01:14:07] [Render thread/WARN] (Minecraft) Ignoring player info update for unknown player be817b4c-7f8c-3f51-9b19-f967d7731ffa ([UPDATE_GAME_MODE])
[01:14:07] [Render thread/WARN] (Minecraft) Ignoring player info update for unknown player be817b4c-7f8c-3f51-9b19-f967d7731ffa ([UPDATE_GAME_MODE])
[01:14:09] [Render thread/WARN] (Minecraft) Ignoring player info update for unknown player 8c1c005c-81bc-387c-b76a-a1765b6824a0 ([UPDATE_GAME_MODE])
[01:14:09] [Render thread/WARN] (Minecraft) Ignoring player info update for unknown player 8c1c005c-81bc-387c-b76a-a1765b6824a0 ([UPDATE_GAME_MODE])
[01:14:14] [Render thread/WARN] (Minecraft) Ignoring player info update for unknown player 1b3acfa8-47b5-3794-a70c-1d77bee5d8c2 ([UPDATE_GAME_MODE])
[01:14:14] [Render thread/WARN] (Minecraft) Ignoring player info update for unknown player 1b3acfa8-47b5-3794-a70c-1d77bee5d8c2 ([UPDATE_GAME_MODE])
[01:14:16] [Render thread/WARN] (Minecraft) Ignoring player info update for unknown player f4e32cfb-a8d3-3f4b-8c9c-23126a504fd1 ([UPDATE_GAME_MODE])
[01:14:16] [Render thread/WARN] (Minecraft) Ignoring player info update for unknown player f4e32cfb-a8d3-3f4b-8c9c-23126a504fd1 ([UPDATE_GAME_MODE])
[01:14:22] [Render thread/WARN] (Minecraft) Ignoring player info update for unknown player f037cc7f-7f87-3f36-80be-7d22c6d7bbea ([UPDATE_GAME_MODE])
[01:14:22] [Render thread/WARN] (Minecraft) Ignoring player info update for unknown player f037cc7f-7f87-3f36-80be-7d22c6d7bbea ([UPDATE_GAME_MODE])
[01:14:22] [Render thread/WARN] (Minecraft) Ignoring player info update for unknown player f037cc7f-7f87-3f36-80be-7d22c6d7bbea ([UPDATE_GAME_MODE])
[01:14:22] [Render thread/WARN] (Minecraft) Ignoring player info update for unknown player f037cc7f-7f87-3f36-80be-7d22c6d7bbea ([UPDATE_GAME_MODE])
[01:14:25] [Render thread/WARN] (Minecraft) Ignoring player info update for unknown player 2f4458f7-4953-3f36-8243-21f4cee3c4c2 ([UPDATE_GAME_MODE])
[01:14:25] [Render thread/WARN] (Minecraft) Ignoring player info update for unknown player 2f4458f7-4953-3f36-8243-21f4cee3c4c2 ([UPDATE_GAME_MODE])
[01:14:25] [Render thread/WARN] (Minecraft) Ignoring player info update for unknown player 2f4458f7-4953-3f36-8243-21f4cee3c4c2 ([UPDATE_GAME_MODE])
[01:14:25] [Render thread/WARN] (Minecraft) Ignoring player info update for unknown player 2f4458f7-4953-3f36-8243-21f4cee3c4c2 ([UPDATE_GAME_MODE])
[01:14:28] [Render thread/INFO] (Minecraft) [System] [CHAT] Ⓖ [Игрок] JotsesPVP ⇨ ебать тут хоть ктото есть ансофт ето п****ц 7 игор и 7 софтом
[01:14:28] [Render thread/WARN] (Minecraft) Ignoring player info update for unknown player e6748fe1-baa7-3df2-8b19-eb660a3b30a3 ([UPDATE_GAME_MODE])
[01:14:28] [Render thread/WARN] (Minecraft) Ignoring player info update for unknown player e6748fe1-baa7-3df2-8b19-eb660a3b30a3 ([UPDATE_GAME_MODE])
[01:14:28] [Render thread/WARN] (Minecraft) Ignoring player info update for unknown player e6748fe1-baa7-3df2-8b19-eb660a3b30a3 ([UPDATE_GAME_MODE])
[01:14:28] [Render thread/WARN] (Minecraft) Ignoring player info update for unknown player e6748fe1-baa7-3df2-8b19-eb660a3b30a3 ([UPDATE_GAME_MODE])
[01:14:31] [Render thread/INFO] (Minecraft) [System] [CHAT] Ⓛ [ɢᴏᴅ] Rulo_Skinov WIN ⇨ et
[01:14:31] [Render thread/WARN] (Minecraft) Ignoring player info update for unknown player 1b039a6d-e34d-3620-ac93-304a82b18df7 ([UPDATE_GAME_MODE])
[01:14:31] [Render thread/WARN] (Minecraft) Ignoring player info update for unknown player 1b039a6d-e34d-3620-ac93-304a82b18df7 ([UPDATE_GAME_MODE])
[01:14:31] [Render thread/WARN] (Minecraft) Ignoring player info update for unknown player 1b039a6d-e34d-3620-ac93-304a82b18df7 ([UPDATE_GAME_MODE])
[01:14:31] [Render thread/WARN] (Minecraft) Ignoring player info update for unknown player 1b039a6d-e34d-3620-ac93-304a82b18df7 ([UPDATE_GAME_MODE])
[01:14:37] [Render thread/INFO] (Minecraft) [System] [CHAT] ╔
[01:14:37] [Render thread/INFO] (Minecraft) [System] [CHAT] ╠ Подписывайтесь на наш ТГ - telegram.me/spookytimenet
[01:14:37] [Render thread/INFO] (Minecraft) [System] [CHAT] ╚
[01:14:44] [Render thread/WARN] (Minecraft) Ignoring player info update for unknown player bf59cd02-b850-3adc-aa38-77007d5c8c8c ([UPDATE_GAME_MODE])
[01:14:44] [Render thread/WARN] (Minecraft) Ignoring player info update for unknown player bf59cd02-b850-3adc-aa38-77007d5c8c8c ([UPDATE_GAME_MODE])
[01:14:52] [Render thread/WARN] (Minecraft) Ignoring player info update for unknown player 87b74b82-50e4-3d39-bfe0-6e9eaafbd793 ([UPDATE_GAME_MODE])
[01:14:52] [Render thread/WARN] (Minecraft) Ignoring player info update for unknown player 87b74b82-50e4-3d39-bfe0-6e9eaafbd793 ([UPDATE_GAME_MODE])
[01:14:52] [Render thread/WARN] (Minecraft) Ignoring player info update for unknown player 87b74b82-50e4-3d39-bfe0-6e9eaafbd793 ([UPDATE_GAME_MODE])
[01:14:52] [Render thread/WARN] (Minecraft) Ignoring player info update for unknown player 87b74b82-50e4-3d39-bfe0-6e9eaafbd793 ([UPDATE_GAME_MODE])
[01:14:53] [Render thread/WARN] (Minecraft) Ignoring player info update for unknown player 53c4df89-7994-3eae-9cf7-bd0c9e4f6e89 ([UPDATE_GAME_MODE])
[01:14:53] [Render thread/WARN] (Minecraft) Ignoring player info update for unknown player 53c4df89-7994-3eae-9cf7-bd0c9e4f6e89 ([UPDATE_GAME_MODE])
[01:14:53] [Render thread/WARN] (Minecraft) Ignoring player info update for unknown player 53c4df89-7994-3eae-9cf7-bd0c9e4f6e89 ([UPDATE_GAME_MODE])
[01:14:53] [Render thread/WARN] (Minecraft) Ignoring player info update for unknown player 53c4df89-7994-3eae-9cf7-bd0c9e4f6e89 ([UPDATE_GAME_MODE])
[01:14:57] [Render thread/WARN] (Minecraft) Ignoring player info update for unknown player f33272b3-e477-3027-8276-32d64576fa3c ([UPDATE_GAME_MODE])
[01:14:57] [Render thread/WARN] (Minecraft) Ignoring player info update for unknown player f33272b3-e477-3027-8276-32d64576fa3c ([UPDATE_GAME_MODE])
[01:14:57] [Render thread/WARN] (Minecraft) Ignoring player info update for unknown player f33272b3-e477-3027-8276-32d64576fa3c ([UPDATE_GAME_MODE])
[01:14:57] [Render thread/WARN] (Minecraft) Ignoring player info update for unknown player f33272b3-e477-3027-8276-32d64576fa3c ([UPDATE_GAME_MODE])
[01:14:58] [Render thread/WARN] (Minecraft) Ignoring player info update for unknown player 5cc56a95-0a44-39e8-abb4-8b721f3de9ac ([UPDATE_GAME_MODE])
[01:14:58] [Render thread/WARN] (Minecraft) Ignoring player info update for unknown player 5cc56a95-0a44-39e8-abb4-8b721f3de9ac ([UPDATE_GAME_MODE])
[01:14:58] [Render thread/WARN] (Minecraft) Ignoring player info update for unknown player 5cc56a95-0a44-39e8-abb4-8b721f3de9ac ([UPDATE_GAME_MODE])
[01:14:58] [Render thread/WARN] (Minecraft) Ignoring player info update for unknown player 5cc56a95-0a44-39e8-abb4-8b721f3de9ac ([UPDATE_GAME_MODE])
[01:15:03] [Render thread/WARN] (Minecraft) Ignoring player info update for unknown player f26eaaeb-ff22-3e64-9903-67bc2966f9a6 ([UPDATE_GAME_MODE])
[01:15:03] [Render thread/WARN] (Minecraft) Ignoring player info update for unknown player f26eaaeb-ff22-3e64-9903-67bc2966f9a6 ([UPDATE_GAME_MODE])
[01:15:03] [Render thread/WARN] (Minecraft) Ignoring player info update for unknown player f26eaaeb-ff22-3e64-9903-67bc2966f9a6 ([UPDATE_GAME_MODE])
[01:15:03] [Render thread/WARN] (Minecraft) Ignoring player info update for unknown player f26eaaeb-ff22-3e64-9903-67bc2966f9a6 ([UPDATE_GAME_MODE])
[01:15:14] [Render thread/WARN] (Minecraft) Ignoring player info update for unknown player 36206cbc-dc2a-3cc0-8f7c-3cb5bc4ac855 ([UPDATE_GAME_MODE])
[01:15:14] [Render thread/WARN] (Minecraft) Ignoring player info update for unknown player 36206cbc-dc2a-3cc0-8f7c-3cb5bc4ac855 ([UPDATE_GAME_MODE])
[01:15:16] [Render thread/WARN] (Minecraft) Ignoring player info update for unknown player 62a3d1de-c35b-3272-a739-74758098eef0 ([UPDATE_GAME_MODE])
[01:15:16] [Render thread/WARN] (Minecraft) Ignoring player info update for unknown player 62a3d1de-c35b-3272-a739-74758098eef0 ([UPDATE_GAME_MODE])
[01:15:16] [Render thread/WARN] (Minecraft) Ignoring player info update for unknown player 62a3d1de-c35b-3272-a739-74758098eef0 ([UPDATE_GAME_MODE])
[01:15:16] [Render thread/WARN] (Minecraft) Ignoring player info update for unknown player 62a3d1de-c35b-3272-a739-74758098eef0 ([UPDATE_GAME_MODE])
[01:15:17] [Render thread/WARN] (Minecraft) Ignoring player info update for unknown player 54d5f201-aa18-35b9-a0e3-6dbbd9339879 ([UPDATE_GAME_MODE])
[01:15:17] [Render thread/WARN] (Minecraft) Ignoring player info update for unknown player 54d5f201-aa18-35b9-a0e3-6dbbd9339879 ([UPDATE_GAME_MODE])
[01:15:18] [Render thread/WARN] (Minecraft) Ignoring player info update for unknown player 158def59-54df-3b3c-9468-80e24cf52709 ([UPDATE_GAME_MODE])
[01:15:18] [Render thread/WARN] (Minecraft) Ignoring player info update for unknown player 158def59-54df-3b3c-9468-80e24cf52709 ([UPDATE_GAME_MODE])
[01:15:18] [Render thread/WARN] (Minecraft) Ignoring player info update for unknown player 158def59-54df-3b3c-9468-80e24cf52709 ([UPDATE_GAME_MODE])
[01:15:18] [Render thread/WARN] (Minecraft) Ignoring player info update for unknown player 158def59-54df-3b3c-9468-80e24cf52709 ([UPDATE_GAME_MODE])
[01:15:26] [Render thread/WARN] (Minecraft) Ignoring player info update for unknown player 199901a3-39f8-305a-af4e-9e1118cee45a ([UPDATE_GAME_MODE])
[01:15:26] [Render thread/WARN] (Minecraft) Ignoring player info update for unknown player 199901a3-39f8-305a-af4e-9e1118cee45a ([UPDATE_GAME_MODE])
[01:15:27] [Render thread/WARN] (Minecraft) Ignoring player info update for unknown player f33272b3-e477-3027-8276-32d64576fa3c ([UPDATE_GAME_MODE])
[01:15:27] [Render thread/WARN] (Minecraft) Ignoring player info update for unknown player f33272b3-e477-3027-8276-32d64576fa3c ([UPDATE_GAME_MODE])
[01:15:27] [Render thread/WARN] (Minecraft) Ignoring player info update for unknown player f33272b3-e477-3027-8276-32d64576fa3c ([UPDATE_GAME_MODE])
[01:15:27] [Render thread/WARN] (Minecraft) Ignoring player info update for unknown player f33272b3-e477-3027-8276-32d64576fa3c ([UPDATE_GAME_MODE])
[01:15:28] [Render thread/WARN] (Minecraft) Ignoring player info update for unknown player 74288e98-c40e-3e5e-b1ae-3759ec669482 ([UPDATE_GAME_MODE])
[01:15:28] [Render thread/WARN] (Minecraft) Ignoring player info update for unknown player 74288e98-c40e-3e5e-b1ae-3759ec669482 ([UPDATE_GAME_MODE])
[01:15:28] [Render thread/WARN] (Minecraft) Ignoring player info update for unknown player 74288e98-c40e-3e5e-b1ae-3759ec669482 ([UPDATE_GAME_MODE])
[01:15:28] [Render thread/WARN] (Minecraft) Ignoring player info update for unknown player 74288e98-c40e-3e5e-b1ae-3759ec669482 ([UPDATE_GAME_MODE])
[01:15:50] [Render thread/WARN] (Minecraft) Ignoring player info update for unknown player de165f75-af02-3b4a-a64e-c075d1781f05 ([UPDATE_GAME_MODE])
[01:15:50] [Render thread/WARN] (Minecraft) Ignoring player info update for unknown player de165f75-af02-3b4a-a64e-c075d1781f05 ([UPDATE_GAME_MODE])
[01:15:50] [Render thread/WARN] (Minecraft) Ignoring player info update for unknown player 9be5e597-14ad-32bc-bf25-df721259c76b ([UPDATE_GAME_MODE])
[01:15:50] [Render thread/WARN] (Minecraft) Ignoring player info update for unknown player 9be5e597-14ad-32bc-bf25-df721259c76b ([UPDATE_GAME_MODE])
[01:15:50] [Render thread/WARN] (Minecraft) Ignoring player info update for unknown player 9be5e597-14ad-32bc-bf25-df721259c76b ([UPDATE_GAME_MODE])
[01:15:50] [Render thread/WARN] (Minecraft) Ignoring player info update for unknown player 9be5e597-14ad-32bc-bf25-df721259c76b ([UPDATE_GAME_MODE])
[01:15:54] [Render thread/WARN] (Minecraft) Ignoring player info update for unknown player e990c957-4cd8-34af-a576-93b98cc14e03 ([UPDATE_GAME_MODE])
[01:15:54] [Render thread/WARN] (Minecraft) Ignoring player info update for unknown player e990c957-4cd8-34af-a576-93b98cc14e03 ([UPDATE_GAME_MODE])
[01:15:57] [Render thread/WARN] (Minecraft) Ignoring player info update for unknown player f7f2ecc6-04b8-3f52-ab2a-135380fb145d ([UPDATE_GAME_MODE])
[01:15:57] [Render thread/WARN] (Minecraft) Ignoring player info update for unknown player f7f2ecc6-04b8-3f52-ab2a-135380fb145d ([UPDATE_GAME_MODE])
[01:16:01] [Render thread/WARN] (Minecraft) Ignoring player info update for unknown player 42a648d9-6b22-3a9a-856a-4762fff19998 ([UPDATE_GAME_MODE])
[01:16:01] [Render thread/WARN] (Minecraft) Ignoring player info update for unknown player 42a648d9-6b22-3a9a-856a-4762fff19998 ([UPDATE_GAME_MODE])
[01:16:01] [Render thread/WARN] (Minecraft) Ignoring player info update for unknown player 42a648d9-6b22-3a9a-856a-4762fff19998 ([UPDATE_GAME_MODE])
[01:16:01] [Render thread/WARN] (Minecraft) Ignoring player info update for unknown player 42a648d9-6b22-3a9a-856a-4762fff19998 ([UPDATE_GAME_MODE])
[01:16:05] [Render thread/WARN] (Minecraft) Ignoring player info update for unknown player 15f987a7-f600-3db7-9597-16a8f7e95d06 ([UPDATE_GAME_MODE])
[01:16:05] [Render thread/WARN] (Minecraft) Ignoring player info update for unknown player 15f987a7-f600-3db7-9597-16a8f7e95d06 ([UPDATE_GAME_MODE])
[01:16:05] [Render thread/WARN] (Minecraft) Ignoring player info update for unknown player 15459ebf-edae-3f62-89e5-0e0c872c5721 ([UPDATE_GAME_MODE])
[01:16:05] [Render thread/WARN] (Minecraft) Ignoring player info update for unknown player 15459ebf-edae-3f62-89e5-0e0c872c5721 ([UPDATE_GAME_MODE])
[01:16:05] [Render thread/WARN] (Minecraft) Ignoring player info update for unknown player 15459ebf-edae-3f62-89e5-0e0c872c5721 ([UPDATE_GAME_MODE])
[01:16:05] [Render thread/WARN] (Minecraft) Ignoring player info update for unknown player 15459ebf-edae-3f62-89e5-0e0c872c5721 ([UPDATE_GAME_MODE])
[01:16:07] [Render thread/INFO] (Minecraft) [System] [CHAT] ╔
[01:16:07] [Render thread/INFO] (Minecraft) [System] [CHAT] ╠ Подключайся к нашим сообществам /links
[01:16:07] [Render thread/INFO] (Minecraft) [System] [CHAT] ╚
[01:16:09] [Render thread/WARN] (Minecraft) Ignoring player info update for unknown player f36eb12a-a0c9-3785-a28f-df1c0f4741e4 ([UPDATE_GAME_MODE])
[01:16:09] [Render thread/WARN] (Minecraft) Ignoring player info update for unknown player f36eb12a-a0c9-3785-a28f-df1c0f4741e4 ([UPDATE_GAME_MODE])
[01:16:09] [Render thread/WARN] (Minecraft) Ignoring player info update for unknown player f36eb12a-a0c9-3785-a28f-df1c0f4741e4 ([UPDATE_GAME_MODE])
[01:16:09] [Render thread/WARN] (Minecraft) Ignoring player info update for unknown player f36eb12a-a0c9-3785-a28f-df1c0f4741e4 ([UPDATE_GAME_MODE])
[01:16:16] [Render thread/WARN] (Minecraft) Ignoring player info update for unknown player a333308d-40d7-3eaf-a0e9-8396cdb9b5ba ([UPDATE_GAME_MODE])
[01:16:16] [Render thread/WARN] (Minecraft) Ignoring player info update for unknown player a333308d-40d7-3eaf-a0e9-8396cdb9b5ba ([UPDATE_GAME_MODE])
[01:16:16] [Render thread/WARN] (Minecraft) Ignoring player info update for unknown player a333308d-40d7-3eaf-a0e9-8396cdb9b5ba ([UPDATE_GAME_MODE])
[01:16:16] [Render thread/WARN] (Minecraft) Ignoring player info update for unknown player a333308d-40d7-3eaf-a0e9-8396cdb9b5ba ([UPDATE_GAME_MODE])
[01:16:18] [Render thread/WARN] (Minecraft) Ignoring player info update for unknown player 3fe390ef-a155-3335-9d1c-6f89a41baec3 ([UPDATE_GAME_MODE])
[01:16:18] [Render thread/WARN] (Minecraft) Ignoring player info update for unknown player 3fe390ef-a155-3335-9d1c-6f89a41baec3 ([UPDATE_GAME_MODE])
[01:16:18] [Render thread/WARN] (Minecraft) Ignoring player info update for unknown player 3fe390ef-a155-3335-9d1c-6f89a41baec3 ([UPDATE_GAME_MODE])
[01:16:18] [Render thread/WARN] (Minecraft) Ignoring player info update for unknown player 3fe390ef-a155-3335-9d1c-6f89a41baec3 ([UPDATE_GAME_MODE])
[01:16:30] [Render thread/INFO] (Minecraft) [System] [CHAT] Ⓖ [ɢᴜᴀʀᴅɪᴀɴ] lorkxd111 ⇨ ez
[01:16:35] [Render thread/WARN] (Minecraft) Ignoring player info update for unknown player 9cd83687-bfaf-372f-8bf5-bd321797905f ([UPDATE_GAME_MODE])
[01:16:35] [Render thread/WARN] (Minecraft) Ignoring player info update for unknown player 9cd83687-bfaf-372f-8bf5-bd321797905f ([UPDATE_GAME_MODE])
[01:16:35] [Render thread/WARN] (Minecraft) Ignoring player info update for unknown player 9cd83687-bfaf-372f-8bf5-bd321797905f ([UPDATE_GAME_MODE])
[01:16:35] [Render thread/WARN] (Minecraft) Ignoring player info update for unknown player 9cd83687-bfaf-372f-8bf5-bd321797905f ([UPDATE_GAME_MODE])
[01:16:38] [Render thread/WARN] (Minecraft) Ignoring player info update for unknown player e26bea6e-a927-37e0-8f8d-088c42674756 ([UPDATE_GAME_MODE])
[01:16:38] [Render thread/WARN] (Minecraft) Ignoring player info update for unknown player e26bea6e-a927-37e0-8f8d-088c42674756 ([UPDATE_GAME_MODE])
[01:16:38] [Render thread/WARN] (Minecraft) Ignoring player info update for unknown player e26bea6e-a927-37e0-8f8d-088c42674756 ([UPDATE_GAME_MODE])
[01:16:38] [Render thread/WARN] (Minecraft) Ignoring player info update for unknown player e26bea6e-a927-37e0-8f8d-088c42674756 ([UPDATE_GAME_MODE])
[01:16:41] [Render thread/WARN] (Minecraft) Ignoring player info update for unknown player 2ef6b2a3-914b-3437-84e2-31882620e53f ([UPDATE_GAME_MODE])
[01:16:41] [Render thread/WARN] (Minecraft) Ignoring player info update for unknown player 2ef6b2a3-914b-3437-84e2-31882620e53f ([UPDATE_GAME_MODE])
[01:16:41] [Render thread/WARN] (Minecraft) Ignoring player info update for unknown player 2ef6b2a3-914b-3437-84e2-31882620e53f ([UPDATE_GAME_MODE])
[01:16:41] [Render thread/WARN] (Minecraft) Ignoring player info update for unknown player 2ef6b2a3-914b-3437-84e2-31882620e53f ([UPDATE_GAME_MODE])
[01:16:55] [Render thread/WARN] (Minecraft) Ignoring player info update for unknown player c253d864-9e72-36ff-beff-f703feac9b05 ([UPDATE_GAME_MODE])
[01:16:55] [Render thread/WARN] (Minecraft) Ignoring player info update for unknown player c253d864-9e72-36ff-beff-f703feac9b05 ([UPDATE_GAME_MODE])
[01:17:01] [Render thread/WARN] (Minecraft) Ignoring player info update for unknown player 1721fd4b-5909-3f11-9fd2-3e1d84ea2493 ([UPDATE_GAME_MODE])
[01:17:01] [Render thread/WARN] (Minecraft) Ignoring player info update for unknown player 1721fd4b-5909-3f11-9fd2-3e1d84ea2493 ([UPDATE_GAME_MODE])
[01:17:01] [Render thread/WARN] (Minecraft) Ignoring player info update for unknown player 1721fd4b-5909-3f11-9fd2-3e1d84ea2493 ([UPDATE_GAME_MODE])
[01:17:01] [Render thread/WARN] (Minecraft) Ignoring player info update for unknown player 1721fd4b-5909-3f11-9fd2-3e1d84ea2493 ([UPDATE_GAME_MODE])
[01:17:04] [Render thread/WARN] (Minecraft) Ignoring player info update for unknown player 4b192c6f-ff04-3d0c-904c-75c5388f3347 ([UPDATE_GAME_MODE])
[01:17:04] [Render thread/WARN] (Minecraft) Ignoring player info update for unknown player 4b192c6f-ff04-3d0c-904c-75c5388f3347 ([UPDATE_GAME_MODE])
[01:17:04] [Render thread/WARN] (Minecraft) Ignoring player info update for unknown player 4b192c6f-ff04-3d0c-904c-75c5388f3347 ([UPDATE_GAME_MODE])
[01:17:04] [Render thread/WARN] (Minecraft) Ignoring player info update for unknown player 4b192c6f-ff04-3d0c-904c-75c5388f3347 ([UPDATE_GAME_MODE])
[01:17:12] [Render thread/WARN] (Minecraft) Ignoring player info update for unknown player f94fbe8b-8995-3671-8498-1dcac524ef0c ([UPDATE_GAME_MODE])
[01:17:12] [Render thread/WARN] (Minecraft) Ignoring player info update for unknown player f94fbe8b-8995-3671-8498-1dcac524ef0c ([UPDATE_GAME_MODE])
[01:17:16] [Render thread/WARN] (Minecraft) Ignoring player info update for unknown player f2abb6c4-ffe4-35b3-a0cc-81ea8a72aab3 ([UPDATE_GAME_MODE])
[01:17:16] [Render thread/WARN] (Minecraft) Ignoring player info update for unknown player f2abb6c4-ffe4-35b3-a0cc-81ea8a72aab3 ([UPDATE_GAME_MODE])
[01:17:24] [Render thread/WARN] (Minecraft) Ignoring player info update for unknown player 792ca1fe-660a-3f1f-a6bc-4a24b8e53b16 ([UPDATE_GAME_MODE])
[01:17:24] [Render thread/WARN] (Minecraft) Ignoring player info update for unknown player 792ca1fe-660a-3f1f-a6bc-4a24b8e53b16 ([UPDATE_GAME_MODE])
[01:17:26] [Render thread/WARN] (Minecraft) Ignoring player info update for unknown player 5173a134-f2f1-3ccf-9f5b-d6346912b0a3 ([UPDATE_GAME_MODE])
[01:17:26] [Render thread/WARN] (Minecraft) Ignoring player info update for unknown player 5173a134-f2f1-3ccf-9f5b-d6346912b0a3 ([UPDATE_GAME_MODE])
[01:17:26] [Render thread/WARN] (Minecraft) Ignoring player info update for unknown player 2f79b94c-6dd4-39e5-9a03-4dd201e51f82 ([UPDATE_GAME_MODE])
[01:17:26] [Render thread/WARN] (Minecraft) Ignoring player info update for unknown player 2f79b94c-6dd4-39e5-9a03-4dd201e51f82 ([UPDATE_GAME_MODE])
[01:17:26] [Render thread/WARN] (Minecraft) Ignoring player info update for unknown player 2f79b94c-6dd4-39e5-9a03-4dd201e51f82 ([UPDATE_GAME_MODE])
[01:17:26] [Render thread/WARN] (Minecraft) Ignoring player info update for unknown player 2f79b94c-6dd4-39e5-9a03-4dd201e51f82 ([UPDATE_GAME_MODE])
[01:17:27] [Render thread/WARN] (Minecraft) Ignoring player info update for unknown player 1b3822fb-2d81-3dd4-a05e-c9b29c297a84 ([UPDATE_GAME_MODE])
[01:17:27] [Render thread/WARN] (Minecraft) Ignoring player info update for unknown player 1b3822fb-2d81-3dd4-a05e-c9b29c297a84 ([UPDATE_GAME_MODE])
[01:17:27] [Render thread/WARN] (Minecraft) Ignoring player info update for unknown player 1b3822fb-2d81-3dd4-a05e-c9b29c297a84 ([UPDATE_GAME_MODE])
[01:17:27] [Render thread/WARN] (Minecraft) Ignoring player info update for unknown player 1b3822fb-2d81-3dd4-a05e-c9b29c297a84 ([UPDATE_GAME_MODE])
[01:17:31] [Render thread/WARN] (Minecraft) Ignoring player info update for unknown player 1fe62e78-be57-3c8a-a4b7-8b74e4219321 ([UPDATE_GAME_MODE])
[01:17:31] [Render thread/WARN] (Minecraft) Ignoring player info update for unknown player 1fe62e78-be57-3c8a-a4b7-8b74e4219321 ([UPDATE_GAME_MODE])
[01:17:37] [Render thread/INFO] (Minecraft) [System] [CHAT] ╔
[01:17:37] [Render thread/INFO] (Minecraft) [System] [CHAT] ╠ Мы есть в ВК - vk.com/spookytimenet
[01:17:37] [Render thread/INFO] (Minecraft) [System] [CHAT] ╚
[01:17:37] [Render thread/WARN] (Minecraft) Ignoring player info update for unknown player cba9c786-c499-3880-918c-4edae78c6637 ([UPDATE_GAME_MODE])
[01:17:37] [Render thread/WARN] (Minecraft) Ignoring player info update for unknown player cba9c786-c499-3880-918c-4edae78c6637 ([UPDATE_GAME_MODE])
[01:17:53] [Render thread/WARN] (Minecraft) Ignoring player info update for unknown player 5d60fecc-bfe9-374a-8e5f-ddef78630e12 ([UPDATE_GAME_MODE])
[01:17:53] [Render thread/WARN] (Minecraft) Ignoring player info update for unknown player 5d60fecc-bfe9-374a-8e5f-ddef78630e12 ([UPDATE_GAME_MODE])
[01:17:53] [Render thread/WARN] (Minecraft) Ignoring player info update for unknown player 5d60fecc-bfe9-374a-8e5f-ddef78630e12 ([UPDATE_GAME_MODE])
[01:17:53] [Render thread/WARN] (Minecraft) Ignoring player info update for unknown player 5d60fecc-bfe9-374a-8e5f-ddef78630e12 ([UPDATE_GAME_MODE])
[01:18:00] [Render thread/WARN] (Minecraft) Ignoring player info update for unknown player 756fbcde-d169-39a5-8f19-5cd2644bd8b8 ([UPDATE_GAME_MODE])
[01:18:00] [Render thread/WARN] (Minecraft) Ignoring player info update for unknown player 756fbcde-d169-39a5-8f19-5cd2644bd8b8 ([UPDATE_GAME_MODE])
[01:18:00] [Render thread/WARN] (Minecraft) Ignoring player info update for unknown player 756fbcde-d169-39a5-8f19-5cd2644bd8b8 ([UPDATE_GAME_MODE])
[01:18:00] [Render thread/WARN] (Minecraft) Ignoring player info update for unknown player 756fbcde-d169-39a5-8f19-5cd2644bd8b8 ([UPDATE_GAME_MODE])
[01:18:04] [Render thread/WARN] (Minecraft) Ignoring player info update for unknown player e850d304-544a-3848-b60e-29cb03afad7a ([UPDATE_GAME_MODE])
[01:18:04] [Render thread/WARN] (Minecraft) Ignoring player info update for unknown player e850d304-544a-3848-b60e-29cb03afad7a ([UPDATE_GAME_MODE])
[01:18:07] [Render thread/WARN] (Minecraft) Ignoring player info update for unknown player 487ae8e4-f6e7-39b8-ab85-69bc703615b5 ([UPDATE_GAME_MODE])
[01:18:07] [Render thread/WARN] (Minecraft) Ignoring player info update for unknown player 487ae8e4-f6e7-39b8-ab85-69bc703615b5 ([UPDATE_GAME_MODE])
[01:18:10] [Render thread/WARN] (Minecraft) Ignoring player info update for unknown player ce7e7a96-d838-30d4-859d-911741d79af1 ([UPDATE_GAME_MODE])
[01:18:10] [Render thread/WARN] (Minecraft) Ignoring player info update for unknown player ce7e7a96-d838-30d4-859d-911741d79af1 ([UPDATE_GAME_MODE])
[01:18:10] [Render thread/WARN] (Minecraft) Ignoring player info update for unknown player ce7e7a96-d838-30d4-859d-911741d79af1 ([UPDATE_GAME_MODE])
[01:18:10] [Render thread/WARN] (Minecraft) Ignoring player info update for unknown player ce7e7a96-d838-30d4-859d-911741d79af1 ([UPDATE_GAME_MODE])
[01:18:13] [Render thread/WARN] (Minecraft) Ignoring player info update for unknown player bfcf0831-713a-33f7-8fd5-1c276251ef92 ([UPDATE_GAME_MODE])
[01:18:13] [Render thread/WARN] (Minecraft) Ignoring player info update for unknown player bfcf0831-713a-33f7-8fd5-1c276251ef92 ([UPDATE_GAME_MODE])
[01:18:16] [Render thread/WARN] (Minecraft) Ignoring player info update for unknown player 25cd7a0b-a7ce-3c31-86d0-905b5419709d ([UPDATE_GAME_MODE])
[01:18:16] [Render thread/WARN] (Minecraft) Ignoring player info update for unknown player 25cd7a0b-a7ce-3c31-86d0-905b5419709d ([UPDATE_GAME_MODE])
[01:18:16] [Render thread/WARN] (Minecraft) Ignoring player info update for unknown player 25cd7a0b-a7ce-3c31-86d0-905b5419709d ([UPDATE_GAME_MODE])
[01:18:16] [Render thread/WARN] (Minecraft) Ignoring player info update for unknown player 25cd7a0b-a7ce-3c31-86d0-905b5419709d ([UPDATE_GAME_MODE])
[01:18:23] [Render thread/WARN] (Minecraft) Ignoring player info update for unknown player ce7e7a96-d838-30d4-859d-911741d79af1 ([UPDATE_GAME_MODE])
[01:18:23] [Render thread/WARN] (Minecraft) Ignoring player info update for unknown player ce7e7a96-d838-30d4-859d-911741d79af1 ([UPDATE_GAME_MODE])
[01:18:23] [Render thread/WARN] (Minecraft) Ignoring player info update for unknown player ce7e7a96-d838-30d4-859d-911741d79af1 ([UPDATE_GAME_MODE])
[01:18:23] [Render thread/WARN] (Minecraft) Ignoring player info update for unknown player ce7e7a96-d838-30d4-859d-911741d79af1 ([UPDATE_GAME_MODE])
[01:18:23] [Render thread/WARN] (Minecraft) Ignoring player info update for unknown player 07f3a8c0-6b0b-3530-b9e6-b63c2a8d5775 ([UPDATE_GAME_MODE])
[01:18:23] [Render thread/WARN] (Minecraft) Ignoring player info update for unknown player 07f3a8c0-6b0b-3530-b9e6-b63c2a8d5775 ([UPDATE_GAME_MODE])
[01:18:23] [Render thread/WARN] (Minecraft) Ignoring player info update for unknown player 07f3a8c0-6b0b-3530-b9e6-b63c2a8d5775 ([UPDATE_GAME_MODE])
[01:18:23] [Render thread/WARN] (Minecraft) Ignoring player info update for unknown player 07f3a8c0-6b0b-3530-b9e6-b63c2a8d5775 ([UPDATE_GAME_MODE])
[01:18:24] [Render thread/WARN] (Minecraft) Ignoring player info update for unknown player fee7481d-f1d9-34f8-a155-28970660c9cb ([UPDATE_GAME_MODE])
[01:18:24] [Render thread/WARN] (Minecraft) Ignoring player info update for unknown player fee7481d-f1d9-34f8-a155-28970660c9cb ([UPDATE_GAME_MODE])
[01:18:24] [Render thread/WARN] (Minecraft) Ignoring player info update for unknown player fee7481d-f1d9-34f8-a155-28970660c9cb ([UPDATE_GAME_MODE])
[01:18:24] [Render thread/WARN] (Minecraft) Ignoring player info update for unknown player fee7481d-f1d9-34f8-a155-28970660c9cb ([UPDATE_GAME_MODE])
[01:18:25] [Render thread/WARN] (Minecraft) Ignoring player info update for unknown player e57c4ca1-e592-327c-b0d5-a5d5f0d002b6 ([UPDATE_GAME_MODE])
[01:18:25] [Render thread/WARN] (Minecraft) Ignoring player info update for unknown player e57c4ca1-e592-327c-b0d5-a5d5f0d002b6 ([UPDATE_GAME_MODE])
[01:18:29] [Render thread/WARN] (Minecraft) Ignoring player info update for unknown player 4359544d-457a-392f-aa3d-911f5de723bb ([UPDATE_GAME_MODE])
[01:18:29] [Render thread/WARN] (Minecraft) Ignoring player info update for unknown player 4359544d-457a-392f-aa3d-911f5de723bb ([UPDATE_GAME_MODE])
[01:18:34] [Render thread/WARN] (Minecraft) Ignoring player info update for unknown player e26bea6e-a927-37e0-8f8d-088c42674756 ([UPDATE_GAME_MODE])
[01:18:34] [Render thread/WARN] (Minecraft) Ignoring player info update for unknown player e26bea6e-a927-37e0-8f8d-088c42674756 ([UPDATE_GAME_MODE])
[01:18:34] [Render thread/WARN] (Minecraft) Ignoring player info update for unknown player e26bea6e-a927-37e0-8f8d-088c42674756 ([UPDATE_GAME_MODE])
[01:18:34] [Render thread/WARN] (Minecraft) Ignoring player info update for unknown player e26bea6e-a927-37e0-8f8d-088c42674756 ([UPDATE_GAME_MODE])
[01:18:35] [Render thread/WARN] (Minecraft) Ignoring player info update for unknown player a6a0501c-c2ab-3c9e-aa2f-1834b8a0ad8f ([UPDATE_GAME_MODE])
[01:18:35] [Render thread/WARN] (Minecraft) Ignoring player info update for unknown player a6a0501c-c2ab-3c9e-aa2f-1834b8a0ad8f ([UPDATE_GAME_MODE])
[01:18:37] [Render thread/WARN] (Minecraft) Ignoring player info update for unknown player 87d7ea09-2411-3eb0-8cbb-51004b71b72e ([UPDATE_GAME_MODE])
[01:18:37] [Render thread/WARN] (Minecraft) Ignoring player info update for unknown player 87d7ea09-2411-3eb0-8cbb-51004b71b72e ([UPDATE_GAME_MODE])
[01:18:38] [Render thread/WARN] (Minecraft) Ignoring player info update for unknown player eec54532-a611-3cc8-8e04-b511c3c47247 ([UPDATE_GAME_MODE])
[01:18:38] [Render thread/WARN] (Minecraft) Ignoring player info update for unknown player eec54532-a611-3cc8-8e04-b511c3c47247 ([UPDATE_GAME_MODE])
[01:18:38] [Render thread/WARN] (Minecraft) Ignoring player info update for unknown player eec54532-a611-3cc8-8e04-b511c3c47247 ([UPDATE_GAME_MODE])
[01:18:38] [Render thread/WARN] (Minecraft) Ignoring player info update for unknown player eec54532-a611-3cc8-8e04-b511c3c47247 ([UPDATE_GAME_MODE])
[01:18:40] [Render thread/WARN] (Minecraft) Ignoring player info update for unknown player f38f94df-3966-3932-8fa3-bbc97f78639d ([UPDATE_GAME_MODE])
[01:18:40] [Render thread/WARN] (Minecraft) Ignoring player info update for unknown player f38f94df-3966-3932-8fa3-bbc97f78639d ([UPDATE_GAME_MODE])
[01:18:40] [Render thread/WARN] (Minecraft) Ignoring player info update for unknown player f38f94df-3966-3932-8fa3-bbc97f78639d ([UPDATE_GAME_MODE])
[01:18:40] [Render thread/WARN] (Minecraft) Ignoring player info update for unknown player f38f94df-3966-3932-8fa3-bbc97f78639d ([UPDATE_GAME_MODE])
[01:18:41] [Render thread/WARN] (Minecraft) Ignoring player info update for unknown player daeb5a41-aca3-396e-bec5-31b43c5c056f ([UPDATE_GAME_MODE])
[01:18:41] [Render thread/WARN] (Minecraft) Ignoring player info update for unknown player daeb5a41-aca3-396e-bec5-31b43c5c056f ([UPDATE_GAME_MODE])
[01:18:46] [Render thread/WARN] (Minecraft) Ignoring player info update for unknown player fd809b7a-07ce-37e7-bb92-cf54c652c5ab ([UPDATE_GAME_MODE])
[01:18:46] [Render thread/WARN] (Minecraft) Ignoring player info update for unknown player fd809b7a-07ce-37e7-bb92-cf54c652c5ab ([UPDATE_GAME_MODE])
[01:18:46] [Render thread/WARN] (Minecraft) Ignoring player info update for unknown player fd809b7a-07ce-37e7-bb92-cf54c652c5ab ([UPDATE_GAME_MODE])
[01:18:46] [Render thread/WARN] (Minecraft) Ignoring player info update for unknown player fd809b7a-07ce-37e7-bb92-cf54c652c5ab ([UPDATE_GAME_MODE])
[01:18:50] [Render thread/INFO] (Minecraft) [System] [CHAT] Ⓖ [Игрок] fukingS03dedeb ⇨ wez
[01:18:52] [Render thread/WARN] (Minecraft) Ignoring player info update for unknown player 710630f8-3cca-3dcb-a58b-6e5f36ba994a ([UPDATE_GAME_MODE])
[01:18:52] [Render thread/WARN] (Minecraft) Ignoring player info update for unknown player 710630f8-3cca-3dcb-a58b-6e5f36ba994a ([UPDATE_GAME_MODE])
[01:18:58] [Render thread/WARN] (Minecraft) Ignoring player info update for unknown player 821de0f1-f7cd-32d2-8ff1-d38aef5405a9 ([UPDATE_GAME_MODE])
[01:18:58] [Render thread/WARN] (Minecraft) Ignoring player info update for unknown player 821de0f1-f7cd-32d2-8ff1-d38aef5405a9 ([UPDATE_GAME_MODE])
[01:18:58] [Render thread/WARN] (Minecraft) Ignoring player info update for unknown player 821de0f1-f7cd-32d2-8ff1-d38aef5405a9 ([UPDATE_GAME_MODE])
[01:18:58] [Render thread/WARN] (Minecraft) Ignoring player info update for unknown player 821de0f1-f7cd-32d2-8ff1-d38aef5405a9 ([UPDATE_GAME_MODE])
[01:19:06] [Render thread/WARN] (Minecraft) Ignoring player info update for unknown player 2f856564-a714-3bf8-a5d9-7760e76d54c0 ([UPDATE_GAME_MODE])
[01:19:06] [Render thread/WARN] (Minecraft) Ignoring player info update for unknown player 2f856564-a714-3bf8-a5d9-7760e76d54c0 ([UPDATE_GAME_MODE])
[01:19:06] [Render thread/WARN] (Minecraft) Ignoring player info update for unknown player 2f856564-a714-3bf8-a5d9-7760e76d54c0 ([UPDATE_GAME_MODE])
[01:19:06] [Render thread/WARN] (Minecraft) Ignoring player info update for unknown player 2f856564-a714-3bf8-a5d9-7760e76d54c0 ([UPDATE_GAME_MODE])
[01:19:07] [Render thread/INFO] (Minecraft) [System] [CHAT] ╔
[01:19:07] [Render thread/INFO] (Minecraft) [System] [CHAT] ╠          ! ГОЛОСОВОЙ ЧАТ !
[01:19:07] [Render thread/INFO] (Minecraft) [System] [CHAT] ╠ Теперь на сервере можно говорить!
[01:19:07] [Render thread/INFO] (Minecraft) [System] [CHAT] ╠ Подробная информация /voice
[01:19:07] [Render thread/INFO] (Minecraft) [System] [CHAT] ╚
[01:19:07] [Render thread/INFO] (Minecraft) [System] [CHAT] Вы были кикнуты с сервера 1duels: \n[AntiAFK] Недопустимо стоять в афк столько времени
[01:19:07] [Netty NIO IO #0/WARN] (fabric-networking-api-v1) Received invalid channel identifier "legacy:minecraft:brand"
[01:19:07] [Netty NIO IO #0/WARN] (fabric-networking-api-v1) Received invalid channel identifier "legacy:mc|brand"
[01:19:07] [Render thread/WARN] (Minecraft) Ignoring player info update for unknown player 23d9c218-6e3a-3006-8ea5-d8175adc3e80 ([UPDATE_GAME_MODE])
[01:19:07] [Render thread/WARN] (Minecraft) Ignoring player info update for unknown player 23d9c218-6e3a-3006-8ea5-d8175adc3e80 ([UPDATE_GAME_MODE])
[01:19:07] [Render thread/WARN] (Minecraft) Ignoring player info update for unknown player 23d9c218-6e3a-3006-8ea5-d8175adc3e80 ([UPDATE_GAME_MODE])
[01:19:07] [Render thread/WARN] (Minecraft) Ignoring player info update for unknown player 23d9c218-6e3a-3006-8ea5-d8175adc3e80 ([UPDATE_GAME_MODE])
[01:19:07] [Render thread/WARN] (Minecraft) Ignoring player info update for unknown player 23d9c218-6e3a-3006-8ea5-d8175adc3e80 ([UPDATE_GAME_MODE])
[01:19:07] [Render thread/WARN] (Minecraft) Ignoring player info update for unknown player 23d9c218-6e3a-3006-8ea5-d8175adc3e80 ([UPDATE_GAME_MODE])
[01:19:07] [Render thread/INFO] (Minecraft) Loaded 0 advancements
[01:19:08] [Render thread/INFO] (Minecraft) [System] [CHAT] 
[01:19:08] [Render thread/INFO] (Minecraft) [System] [CHAT]  ⚡ Проблема/Вопрос? vk.com/kol_kola
[01:19:08] [Render thread/INFO] (Minecraft) [System] [CHAT] 
[01:19:11] [Render thread/WARN] (Minecraft) Ignoring player info update for unknown player 0f35b1a6-5d57-322d-a6f0-33db53a9f979 ([UPDATE_GAME_MODE])
[01:19:11] [Render thread/WARN] (Minecraft) Ignoring player info update for unknown player 0f35b1a6-5d57-322d-a6f0-33db53a9f979 ([UPDATE_GAME_MODE])
[01:19:11] [Render thread/WARN] (Minecraft) Ignoring player info update for unknown player 0f35b1a6-5d57-322d-a6f0-33db53a9f979 ([UPDATE_GAME_MODE])
[01:19:11] [Render thread/WARN] (Minecraft) Ignoring player info update for unknown player 0f35b1a6-5d57-322d-a6f0-33db53a9f979 ([UPDATE_GAME_MODE])
[01:19:11] [Render thread/WARN] (Minecraft) Ignoring player info update for unknown player 0f35b1a6-5d57-322d-a6f0-33db53a9f979 ([UPDATE_GAME_MODE])
[01:19:11] [Render thread/WARN] (Minecraft) Ignoring player info update for unknown player 0f35b1a6-5d57-322d-a6f0-33db53a9f979 ([UPDATE_GAME_MODE])
[01:19:11] [Render thread/WARN] (Minecraft) Ignoring player info update for unknown player 0f35b1a6-5d57-322d-a6f0-33db53a9f979 ([UPDATE_GAME_MODE])
[01:19:11] [Render thread/WARN] (Minecraft) Ignoring player info update for unknown player 0f35b1a6-5d57-322d-a6f0-33db53a9f979 ([UPDATE_GAME_MODE])
[01:19:12] [Render thread/WARN] (Minecraft) Ignoring player info update for unknown player 5c87bb54-ed9a-31ea-b89b-45c0ed7ccd1f ([UPDATE_GAME_MODE])
[01:19:12] [Render thread/WARN] (Minecraft) Ignoring player info update for unknown player 5c87bb54-ed9a-31ea-b89b-45c0ed7ccd1f ([UPDATE_GAME_MODE])
[01:19:12] [Render thread/WARN] (Minecraft) Ignoring player info update for unknown player 5c87bb54-ed9a-31ea-b89b-45c0ed7ccd1f ([UPDATE_GAME_MODE])
[01:19:12] [Render thread/WARN] (Minecraft) Ignoring player info update for unknown player 5c87bb54-ed9a-31ea-b89b-45c0ed7ccd1f ([UPDATE_GAME_MODE])
[01:19:12] [Render thread/WARN] (Minecraft) Ignoring player info update for unknown player 5c87bb54-ed9a-31ea-b89b-45c0ed7ccd1f ([UPDATE_GAME_MODE])
[01:19:12] [Render thread/WARN] (Minecraft) Ignoring player info update for unknown player 5c87bb54-ed9a-31ea-b89b-45c0ed7ccd1f ([UPDATE_GAME_MODE])
[01:19:12] [Render thread/WARN] (Minecraft) Ignoring player info update for unknown player 5c87bb54-ed9a-31ea-b89b-45c0ed7ccd1f ([UPDATE_GAME_MODE])
[01:19:12] [Render thread/WARN] (Minecraft) Ignoring player info update for unknown player 5c87bb54-ed9a-31ea-b89b-45c0ed7ccd1f ([UPDATE_GAME_MODE])
[01:19:12] [Render thread/WARN] (Minecraft) Ignoring player info update for unknown player 94dcbd02-2c45-3083-942d-0c4de935e0ab ([UPDATE_GAME_MODE])
[01:19:12] [Render thread/WARN] (Minecraft) Ignoring player info update for unknown player 94dcbd02-2c45-3083-942d-0c4de935e0ab ([UPDATE_GAME_MODE])
[01:19:12] [Render thread/WARN] (Minecraft) Ignoring player info update for unknown player 94dcbd02-2c45-3083-942d-0c4de935e0ab ([UPDATE_GAME_MODE])
[01:19:12] [Render thread/WARN] (Minecraft) Ignoring player info update for unknown player 94dcbd02-2c45-3083-942d-0c4de935e0ab ([UPDATE_GAME_MODE])
[01:19:12] [Render thread/WARN] (Minecraft) Ignoring player info update for unknown player 94dcbd02-2c45-3083-942d-0c4de935e0ab ([UPDATE_GAME_MODE])
[01:19:12] [Render thread/WARN] (Minecraft) Ignoring player info update for unknown player 94dcbd02-2c45-3083-942d-0c4de935e0ab ([UPDATE_GAME_MODE])
[01:19:12] [Render thread/WARN] (Minecraft) Ignoring player info update for unknown player 94dcbd02-2c45-3083-942d-0c4de935e0ab ([UPDATE_GAME_MODE])
[01:19:12] [Render thread/WARN] (Minecraft) Ignoring player info update for unknown player 94dcbd02-2c45-3083-942d-0c4de935e0ab ([UPDATE_GAME_MODE])
[01:19:13] [Render thread/WARN] (Minecraft) Ignoring player info update for unknown player ec016c6d-da7b-3f0b-851b-72cb2e235c36 ([UPDATE_GAME_MODE])
[01:19:13] [Render thread/WARN] (Minecraft) Ignoring player info update for unknown player ec016c6d-da7b-3f0b-851b-72cb2e235c36 ([UPDATE_GAME_MODE])
[01:19:13] [Render thread/WARN] (Minecraft) Ignoring player info update for unknown player ec016c6d-da7b-3f0b-851b-72cb2e235c36 ([UPDATE_GAME_MODE])
[01:19:13] [Render thread/WARN] (Minecraft) Ignoring player info update for unknown player ec016c6d-da7b-3f0b-851b-72cb2e235c36 ([UPDATE_GAME_MODE])
[01:19:13] [Render thread/WARN] (Minecraft) Ignoring player info update for unknown player ec016c6d-da7b-3f0b-851b-72cb2e235c36 ([UPDATE_GAME_MODE])
[01:19:13] [Render thread/WARN] (Minecraft) Ignoring player info update for unknown player ec016c6d-da7b-3f0b-851b-72cb2e235c36 ([UPDATE_GAME_MODE])
[01:19:13] [Render thread/WARN] (Minecraft) Ignoring player info update for unknown player ec016c6d-da7b-3f0b-851b-72cb2e235c36 ([UPDATE_GAME_MODE])
[01:19:13] [Render thread/WARN] (Minecraft) Ignoring player info update for unknown player ec016c6d-da7b-3f0b-851b-72cb2e235c36 ([UPDATE_GAME_MODE])
[01:19:13] [Render thread/WARN] (Minecraft) Ignoring player info update for unknown player 1da55f11-a3ce-3687-b3b4-b006cdfb85c5 ([UPDATE_GAME_MODE])
[01:19:13] [Render thread/WARN] (Minecraft) Ignoring player info update for unknown player 1da55f11-a3ce-3687-b3b4-b006cdfb85c5 ([UPDATE_GAME_MODE])
[01:19:13] [Render thread/WARN] (Minecraft) Ignoring player info update for unknown player 1da55f11-a3ce-3687-b3b4-b006cdfb85c5 ([UPDATE_GAME_MODE])
[01:19:13] [Render thread/WARN] (Minecraft) Ignoring player info update for unknown player 1da55f11-a3ce-3687-b3b4-b006cdfb85c5 ([UPDATE_GAME_MODE])
[01:19:13] [Render thread/WARN] (Minecraft) Ignoring player info update for unknown player 1da55f11-a3ce-3687-b3b4-b006cdfb85c5 ([UPDATE_GAME_MODE])
[01:19:13] [Render thread/WARN] (Minecraft) Ignoring player info update for unknown player 1da55f11-a3ce-3687-b3b4-b006cdfb85c5 ([UPDATE_GAME_MODE])
[01:19:13] [Render thread/WARN] (Minecraft) Ignoring player info update for unknown player 1da55f11-a3ce-3687-b3b4-b006cdfb85c5 ([UPDATE_GAME_MODE])
[01:19:13] [Render thread/WARN] (Minecraft) Ignoring player info update for unknown player 1da55f11-a3ce-3687-b3b4-b006cdfb85c5 ([UPDATE_GAME_MODE])
[01:19:14] [Render thread/WARN] (Minecraft) Ignoring player info update for unknown player 4ea5cb59-8cfe-3f1c-bb2d-8bf68b101c17 ([UPDATE_GAME_MODE])
[01:19:14] [Render thread/WARN] (Minecraft) Ignoring player info update for unknown player 4ea5cb59-8cfe-3f1c-bb2d-8bf68b101c17 ([UPDATE_GAME_MODE])
[01:19:14] [Render thread/WARN] (Minecraft) Ignoring player info update for unknown player 4ea5cb59-8cfe-3f1c-bb2d-8bf68b101c17 ([UPDATE_GAME_MODE])
[01:19:14] [Render thread/WARN] (Minecraft) Ignoring player info update for unknown player 4ea5cb59-8cfe-3f1c-bb2d-8bf68b101c17 ([UPDATE_GAME_MODE])
[01:19:14] [Render thread/WARN] (Minecraft) Ignoring player info update for unknown player 4ea5cb59-8cfe-3f1c-bb2d-8bf68b101c17 ([UPDATE_GAME_MODE])
[01:19:14] [Render thread/WARN] (Minecraft) Ignoring player info update for unknown player 4ea5cb59-8cfe-3f1c-bb2d-8bf68b101c17 ([UPDATE_GAME_MODE])
[01:19:14] [Render thread/WARN] (Minecraft) Ignoring player info update for unknown player 4ea5cb59-8cfe-3f1c-bb2d-8bf68b101c17 ([UPDATE_GAME_MODE])
[01:19:14] [Render thread/WARN] (Minecraft) Ignoring player info update for unknown player 4ea5cb59-8cfe-3f1c-bb2d-8bf68b101c17 ([UPDATE_GAME_MODE])
[01:19:17] [Render thread/WARN] (Minecraft) Ignoring player info update for unknown player 6f60d060-28ef-3690-ac4a-ebd789b8e3bb ([UPDATE_GAME_MODE])
[01:19:17] [Render thread/WARN] (Minecraft) Ignoring player info update for unknown player 6f60d060-28ef-3690-ac4a-ebd789b8e3bb ([UPDATE_GAME_MODE])
[01:19:17] [Render thread/WARN] (Minecraft) Ignoring player info update for unknown player 6f60d060-28ef-3690-ac4a-ebd789b8e3bb ([UPDATE_GAME_MODE])
[01:19:17] [Render thread/WARN] (Minecraft) Ignoring player info update for unknown player 6f60d060-28ef-3690-ac4a-ebd789b8e3bb ([UPDATE_GAME_MODE])
[01:19:17] [Render thread/WARN] (Minecraft) Ignoring player info update for unknown player 6f60d060-28ef-3690-ac4a-ebd789b8e3bb ([UPDATE_GAME_MODE])
[01:19:17] [Render thread/WARN] (Minecraft) Ignoring player info update for unknown player 6f60d060-28ef-3690-ac4a-ebd789b8e3bb ([UPDATE_GAME_MODE])
[01:19:17] [Render thread/WARN] (Minecraft) Ignoring player info update for unknown player 6f60d060-28ef-3690-ac4a-ebd789b8e3bb ([UPDATE_GAME_MODE])
[01:19:17] [Render thread/WARN] (Minecraft) Ignoring player info update for unknown player 6f60d060-28ef-3690-ac4a-ebd789b8e3bb ([UPDATE_GAME_MODE])
[01:19:19] [Render thread/WARN] (Minecraft) Ignoring player info update for unknown player 283972f7-1d2e-3845-9353-dfa6d337226c ([UPDATE_GAME_MODE])
[01:19:19] [Render thread/WARN] (Minecraft) Ignoring player info update for unknown player 283972f7-1d2e-3845-9353-dfa6d337226c ([UPDATE_GAME_MODE])
[01:19:19] [Render thread/WARN] (Minecraft) Ignoring player info update for unknown player 283972f7-1d2e-3845-9353-dfa6d337226c ([UPDATE_GAME_MODE])
[01:19:19] [Render thread/WARN] (Minecraft) Ignoring player info update for unknown player 283972f7-1d2e-3845-9353-dfa6d337226c ([UPDATE_GAME_MODE])
[01:19:19] [Render thread/WARN] (Minecraft) Ignoring player info update for unknown player 283972f7-1d2e-3845-9353-dfa6d337226c ([UPDATE_GAME_MODE])
[01:19:19] [Render thread/WARN] (Minecraft) Ignoring player info update for unknown player 283972f7-1d2e-3845-9353-dfa6d337226c ([UPDATE_GAME_MODE])
[01:19:19] [Render thread/WARN] (Minecraft) Ignoring player info update for unknown player 283972f7-1d2e-3845-9353-dfa6d337226c ([UPDATE_GAME_MODE])
[01:19:19] [Render thread/WARN] (Minecraft) Ignoring player info update for unknown player 283972f7-1d2e-3845-9353-dfa6d337226c ([UPDATE_GAME_MODE])
[01:19:22] [Render thread/WARN] (Minecraft) Ignoring player info update for unknown player d00af52c-62d8-3bda-93fa-a0e7746e516d ([UPDATE_GAME_MODE])
[01:19:22] [Render thread/WARN] (Minecraft) Ignoring player info update for unknown player d00af52c-62d8-3bda-93fa-a0e7746e516d ([UPDATE_GAME_MODE])
[01:19:22] [Render thread/WARN] (Minecraft) Ignoring player info update for unknown player d00af52c-62d8-3bda-93fa-a0e7746e516d ([UPDATE_GAME_MODE])
[01:19:22] [Render thread/WARN] (Minecraft) Ignoring player info update for unknown player d00af52c-62d8-3bda-93fa-a0e7746e516d ([UPDATE_GAME_MODE])
[01:19:23] [Render thread/INFO] (Minecraft) [System] [CHAT] 
[01:19:23] [Render thread/INFO] (Minecraft) [System] [CHAT]  ⚡ Наш Сайт shop.Spookytime.net
[01:19:23] [Render thread/INFO] (Minecraft) [System] [CHAT] 
[01:19:25] [Render thread/WARN] (Minecraft) Ignoring player info update for unknown player bd56bcf0-23c5-30f5-8a00-9c85283b9c97 ([UPDATE_GAME_MODE])
[01:19:25] [Render thread/WARN] (Minecraft) Ignoring player info update for unknown player bd56bcf0-23c5-30f5-8a00-9c85283b9c97 ([UPDATE_GAME_MODE])
[01:19:25] [Render thread/WARN] (Minecraft) Ignoring player info update for unknown player 39036665-be73-3421-b351-d50f5bb5bccb ([UPDATE_GAME_MODE])
[01:19:25] [Render thread/WARN] (Minecraft) Ignoring player info update for unknown player 39036665-be73-3421-b351-d50f5bb5bccb ([UPDATE_GAME_MODE])
[01:19:25] [Render thread/WARN] (Minecraft) Ignoring player info update for unknown player 39036665-be73-3421-b351-d50f5bb5bccb ([UPDATE_GAME_MODE])
[01:19:25] [Render thread/WARN] (Minecraft) Ignoring player info update for unknown player 39036665-be73-3421-b351-d50f5bb5bccb ([UPDATE_GAME_MODE])
[01:19:28] [Render thread/WARN] (Minecraft) Ignoring player info update for unknown player fcb849a2-43e8-3aea-afaf-b241cf7582d0 ([UPDATE_GAME_MODE])
[01:19:28] [Render thread/WARN] (Minecraft) Ignoring player info update for unknown player fcb849a2-43e8-3aea-afaf-b241cf7582d0 ([UPDATE_GAME_MODE])
[01:19:28] [Render thread/WARN] (Minecraft) Ignoring player info update for unknown player fcb849a2-43e8-3aea-afaf-b241cf7582d0 ([UPDATE_GAME_MODE])
[01:19:28] [Render thread/WARN] (Minecraft) Ignoring player info update for unknown player fcb849a2-43e8-3aea-afaf-b241cf7582d0 ([UPDATE_GAME_MODE])
[01:19:28] [Render thread/WARN] (Minecraft) Ignoring player info update for unknown player fcb849a2-43e8-3aea-afaf-b241cf7582d0 ([UPDATE_GAME_MODE])
[01:19:28] [Render thread/WARN] (Minecraft) Ignoring player info update for unknown player fcb849a2-43e8-3aea-afaf-b241cf7582d0 ([UPDATE_GAME_MODE])
[01:19:28] [Render thread/WARN] (Minecraft) Ignoring player info update for unknown player fcb849a2-43e8-3aea-afaf-b241cf7582d0 ([UPDATE_GAME_MODE])
[01:19:28] [Render thread/WARN] (Minecraft) Ignoring player info update for unknown player fcb849a2-43e8-3aea-afaf-b241cf7582d0 ([UPDATE_GAME_MODE])
[01:19:32] [Render thread/WARN] (Minecraft) Ignoring player info update for unknown player 99c3c6fe-30b6-3966-b4fd-4a1243abc646 ([UPDATE_GAME_MODE])
[01:19:32] [Render thread/WARN] (Minecraft) Ignoring player info update for unknown player 99c3c6fe-30b6-3966-b4fd-4a1243abc646 ([UPDATE_GAME_MODE])
[01:19:32] [Render thread/WARN] (Minecraft) Ignoring player info update for unknown player 99c3c6fe-30b6-3966-b4fd-4a1243abc646 ([UPDATE_GAME_MODE])
[01:19:32] [Render thread/WARN] (Minecraft) Ignoring player info update for unknown player 99c3c6fe-30b6-3966-b4fd-4a1243abc646 ([UPDATE_GAME_MODE])
[01:19:32] [Render thread/WARN] (Minecraft) Ignoring player info update for unknown player 99c3c6fe-30b6-3966-b4fd-4a1243abc646 ([UPDATE_GAME_MODE])
[01:19:32] [Render thread/WARN] (Minecraft) Ignoring player info update for unknown player 99c3c6fe-30b6-3966-b4fd-4a1243abc646 ([UPDATE_GAME_MODE])
[01:19:32] [Render thread/WARN] (Minecraft) Ignoring player info update for unknown player 99c3c6fe-30b6-3966-b4fd-4a1243abc646 ([UPDATE_GAME_MODE])
[01:19:32] [Render thread/WARN] (Minecraft) Ignoring player info update for unknown player 99c3c6fe-30b6-3966-b4fd-4a1243abc646 ([UPDATE_GAME_MODE])
[01:19:32] [Render thread/WARN] (Minecraft) Ignoring player info update for unknown player 004cbf1f-b1d9-39d7-b02a-c4e3c43688af ([UPDATE_GAME_MODE])
[01:19:32] [Render thread/WARN] (Minecraft) Ignoring player info update for unknown player 004cbf1f-b1d9-39d7-b02a-c4e3c43688af ([UPDATE_GAME_MODE])
[01:19:32] [Render thread/WARN] (Minecraft) Ignoring player info update for unknown player 004cbf1f-b1d9-39d7-b02a-c4e3c43688af ([UPDATE_GAME_MODE])
[01:19:32] [Render thread/WARN] (Minecraft) Ignoring player info update for unknown player 004cbf1f-b1d9-39d7-b02a-c4e3c43688af ([UPDATE_GAME_MODE])
[01:19:32] [Render thread/WARN] (Minecraft) Ignoring player info update for unknown player 53d5f072-c364-37ff-bccb-ada0d0c2c33b ([UPDATE_GAME_MODE])
[01:19:32] [Render thread/WARN] (Minecraft) Ignoring player info update for unknown player 53d5f072-c364-37ff-bccb-ada0d0c2c33b ([UPDATE_GAME_MODE])
[01:19:32] [Render thread/WARN] (Minecraft) Ignoring player info update for unknown player 004cbf1f-b1d9-39d7-b02a-c4e3c43688af ([UPDATE_GAME_MODE])
[01:19:32] [Render thread/WARN] (Minecraft) Ignoring player info update for unknown player 004cbf1f-b1d9-39d7-b02a-c4e3c43688af ([UPDATE_GAME_MODE])
[01:19:32] [Render thread/WARN] (Minecraft) Ignoring player info update for unknown player 004cbf1f-b1d9-39d7-b02a-c4e3c43688af ([UPDATE_GAME_MODE])
[01:19:32] [Render thread/WARN] (Minecraft) Ignoring player info update for unknown player 004cbf1f-b1d9-39d7-b02a-c4e3c43688af ([UPDATE_GAME_MODE])
[01:19:32] [Render thread/WARN] (Minecraft) Ignoring player info update for unknown player 53d5f072-c364-37ff-bccb-ada0d0c2c33b ([UPDATE_GAME_MODE])
[01:19:32] [Render thread/WARN] (Minecraft) Ignoring player info update for unknown player 53d5f072-c364-37ff-bccb-ada0d0c2c33b ([UPDATE_GAME_MODE])
[01:19:32] [Render thread/WARN] (Minecraft) Ignoring player info update for unknown player 53d5f072-c364-37ff-bccb-ada0d0c2c33b ([UPDATE_GAME_MODE])
[01:19:32] [Render thread/WARN] (Minecraft) Ignoring player info update for unknown player 53d5f072-c364-37ff-bccb-ada0d0c2c33b ([UPDATE_GAME_MODE])
[01:19:32] [Render thread/WARN] (Minecraft) Ignoring player info update for unknown player 53d5f072-c364-37ff-bccb-ada0d0c2c33b ([UPDATE_GAME_MODE])
[01:19:32] [Render thread/WARN] (Minecraft) Ignoring player info update for unknown player 53d5f072-c364-37ff-bccb-ada0d0c2c33b ([UPDATE_GAME_MODE])
[01:19:32] [Render thread/WARN] (Minecraft) Ignoring player info update for unknown player f6a79d02-f8c5-36cc-96ab-3e0b22a4c651 ([UPDATE_GAME_MODE])
[01:19:32] [Render thread/WARN] (Minecraft) Ignoring player info update for unknown player f6a79d02-f8c5-36cc-96ab-3e0b22a4c651 ([UPDATE_GAME_MODE])
[01:19:32] [Render thread/WARN] (Minecraft) Ignoring player info update for unknown player f6a79d02-f8c5-36cc-96ab-3e0b22a4c651 ([UPDATE_GAME_MODE])
[01:19:32] [Render thread/WARN] (Minecraft) Ignoring player info update for unknown player f6a79d02-f8c5-36cc-96ab-3e0b22a4c651 ([UPDATE_GAME_MODE])
[01:19:32] [Render thread/WARN] (Minecraft) Ignoring player info update for unknown player f6a79d02-f8c5-36cc-96ab-3e0b22a4c651 ([UPDATE_GAME_MODE])
[01:19:32] [Render thread/WARN] (Minecraft) Ignoring player info update for unknown player f6a79d02-f8c5-36cc-96ab-3e0b22a4c651 ([UPDATE_GAME_MODE])
[01:19:32] [Render thread/WARN] (Minecraft) Ignoring player info update for unknown player f6a79d02-f8c5-36cc-96ab-3e0b22a4c651 ([UPDATE_GAME_MODE])
[01:19:32] [Render thread/WARN] (Minecraft) Ignoring player info update for unknown player f6a79d02-f8c5-36cc-96ab-3e0b22a4c651 ([UPDATE_GAME_MODE])
[01:19:33] [Render thread/WARN] (Minecraft) Ignoring player info update for unknown player 342d455c-837f-3a6e-9e2f-0c2d3ab1b6b6 ([UPDATE_GAME_MODE])
[01:19:33] [Render thread/WARN] (Minecraft) Ignoring player info update for unknown player 342d455c-837f-3a6e-9e2f-0c2d3ab1b6b6 ([UPDATE_GAME_MODE])
[01:19:33] [Render thread/WARN] (Minecraft) Ignoring player info update for unknown player 342d455c-837f-3a6e-9e2f-0c2d3ab1b6b6 ([UPDATE_GAME_MODE])
[01:19:33] [Render thread/WARN] (Minecraft) Ignoring player info update for unknown player 342d455c-837f-3a6e-9e2f-0c2d3ab1b6b6 ([UPDATE_GAME_MODE])
[01:19:33] [Render thread/WARN] (Minecraft) Ignoring player info update for unknown player 342d455c-837f-3a6e-9e2f-0c2d3ab1b6b6 ([UPDATE_GAME_MODE])
[01:19:33] [Render thread/WARN] (Minecraft) Ignoring player info update for unknown player 342d455c-837f-3a6e-9e2f-0c2d3ab1b6b6 ([UPDATE_GAME_MODE])
[01:19:33] [Render thread/WARN] (Minecraft) Ignoring player info update for unknown player 342d455c-837f-3a6e-9e2f-0c2d3ab1b6b6 ([UPDATE_GAME_MODE])
[01:19:33] [Render thread/WARN] (Minecraft) Ignoring player info update for unknown player 342d455c-837f-3a6e-9e2f-0c2d3ab1b6b6 ([UPDATE_GAME_MODE])
[01:19:35] [Render thread/WARN] (Minecraft) Ignoring player info update for unknown player 40f608a4-25aa-33e0-82a3-5930a7fe08df ([UPDATE_GAME_MODE])
[01:19:35] [Render thread/WARN] (Minecraft) Ignoring player info update for unknown player 40f608a4-25aa-33e0-82a3-5930a7fe08df ([UPDATE_GAME_MODE])
[01:19:35] [Render thread/WARN] (Minecraft) Ignoring player info update for unknown player 40f608a4-25aa-33e0-82a3-5930a7fe08df ([UPDATE_GAME_MODE])
[01:19:35] [Render thread/WARN] (Minecraft) Ignoring player info update for unknown player 40f608a4-25aa-33e0-82a3-5930a7fe08df ([UPDATE_GAME_MODE])
[01:19:38] [Render thread/WARN] (Minecraft) Ignoring player info update for unknown player 33b74212-8595-3aa2-85d7-2dbd3935a69e ([UPDATE_GAME_MODE])
[01:19:38] [Render thread/WARN] (Minecraft) Ignoring player info update for unknown player 33b74212-8595-3aa2-85d7-2dbd3935a69e ([UPDATE_GAME_MODE])
[01:19:38] [Render thread/WARN] (Minecraft) Ignoring player info update for unknown player 33b74212-8595-3aa2-85d7-2dbd3935a69e ([UPDATE_GAME_MODE])
[01:19:38] [Render thread/WARN] (Minecraft) Ignoring player info update for unknown player 33b74212-8595-3aa2-85d7-2dbd3935a69e ([UPDATE_GAME_MODE])
[01:19:38] [Render thread/WARN] (Minecraft) Ignoring player info update for unknown player 33b74212-8595-3aa2-85d7-2dbd3935a69e ([UPDATE_GAME_MODE])
[01:19:38] [Render thread/WARN] (Minecraft) Ignoring player info update for unknown player 33b74212-8595-3aa2-85d7-2dbd3935a69e ([UPDATE_GAME_MODE])
[01:19:38] [Render thread/WARN] (Minecraft) Ignoring player info update for unknown player 33b74212-8595-3aa2-85d7-2dbd3935a69e ([UPDATE_GAME_MODE])
[01:19:38] [Render thread/WARN] (Minecraft) Ignoring player info update for unknown player 33b74212-8595-3aa2-85d7-2dbd3935a69e ([UPDATE_GAME_MODE])
[01:19:38] [Render thread/INFO] (Minecraft) [System] [CHAT] 
[01:19:38] [Render thread/INFO] (Minecraft) [System] [CHAT]  ⚡ Наша группа ВК vk.com/spookytimenet
[01:19:38] [Render thread/INFO] (Minecraft) [System] [CHAT] 
[01:19:39] [Render thread/WARN] (Minecraft) Ignoring player info update for unknown player 63c2e37c-3168-3def-a24f-719d46772276 ([UPDATE_GAME_MODE])
[01:19:39] [Render thread/WARN] (Minecraft) Ignoring player info update for unknown player 63c2e37c-3168-3def-a24f-719d46772276 ([UPDATE_GAME_MODE])
[01:19:39] [Render thread/WARN] (Minecraft) Ignoring player info update for unknown player 63c2e37c-3168-3def-a24f-719d46772276 ([UPDATE_GAME_MODE])
[01:19:39] [Render thread/WARN] (Minecraft) Ignoring player info update for unknown player 63c2e37c-3168-3def-a24f-719d46772276 ([UPDATE_GAME_MODE])
[01:19:39] [Render thread/WARN] (Minecraft) Ignoring player info update for unknown player 63c2e37c-3168-3def-a24f-719d46772276 ([UPDATE_GAME_MODE])
[01:19:39] [Render thread/WARN] (Minecraft) Ignoring player info update for unknown player 63c2e37c-3168-3def-a24f-719d46772276 ([UPDATE_GAME_MODE])
[01:19:39] [Render thread/WARN] (Minecraft) Ignoring player info update for unknown player 63c2e37c-3168-3def-a24f-719d46772276 ([UPDATE_GAME_MODE])
[01:19:39] [Render thread/WARN] (Minecraft) Ignoring player info update for unknown player 63c2e37c-3168-3def-a24f-719d46772276 ([UPDATE_GAME_MODE])
[01:19:40] [Render thread/WARN] (Minecraft) Ignoring player info update for unknown player 6e6e8d3d-666a-3868-b8a6-638d0bafebf0 ([UPDATE_GAME_MODE])
[01:19:40] [Render thread/WARN] (Minecraft) Ignoring player info update for unknown player 6e6e8d3d-666a-3868-b8a6-638d0bafebf0 ([UPDATE_GAME_MODE])
[01:19:40] [Render thread/WARN] (Minecraft) Ignoring player info update for unknown player 6e6e8d3d-666a-3868-b8a6-638d0bafebf0 ([UPDATE_GAME_MODE])
[01:19:40] [Render thread/WARN] (Minecraft) Ignoring player info update for unknown player 6e6e8d3d-666a-3868-b8a6-638d0bafebf0 ([UPDATE_GAME_MODE])
[01:19:40] [Render thread/WARN] (Minecraft) Ignoring player info update for unknown player 80ef9566-2b47-3942-aaed-acd5c9d3f514 ([UPDATE_GAME_MODE])
[01:19:40] [Render thread/WARN] (Minecraft) Ignoring player info update for unknown player 80ef9566-2b47-3942-aaed-acd5c9d3f514 ([UPDATE_GAME_MODE])
[01:19:40] [Render thread/WARN] (Minecraft) Ignoring player info update for unknown player 6e6e8d3d-666a-3868-b8a6-638d0bafebf0 ([UPDATE_GAME_MODE])
[01:19:40] [Render thread/WARN] (Minecraft) Ignoring player info update for unknown player 6e6e8d3d-666a-3868-b8a6-638d0bafebf0 ([UPDATE_GAME_MODE])
[01:19:40] [Render thread/WARN] (Minecraft) Ignoring player info update for unknown player 6e6e8d3d-666a-3868-b8a6-638d0bafebf0 ([UPDATE_GAME_MODE])
[01:19:40] [Render thread/WARN] (Minecraft) Ignoring player info update for unknown player 6e6e8d3d-666a-3868-b8a6-638d0bafebf0 ([UPDATE_GAME_MODE])
[01:19:40] [Render thread/WARN] (Minecraft) Ignoring player info update for unknown player 80ef9566-2b47-3942-aaed-acd5c9d3f514 ([UPDATE_GAME_MODE])
[01:19:40] [Render thread/WARN] (Minecraft) Ignoring player info update for unknown player 80ef9566-2b47-3942-aaed-acd5c9d3f514 ([UPDATE_GAME_MODE])
[01:19:40] [Render thread/WARN] (Minecraft) Ignoring player info update for unknown player 80ef9566-2b47-3942-aaed-acd5c9d3f514 ([UPDATE_GAME_MODE])
[01:19:40] [Render thread/WARN] (Minecraft) Ignoring player info update for unknown player 80ef9566-2b47-3942-aaed-acd5c9d3f514 ([UPDATE_GAME_MODE])
[01:19:40] [Render thread/WARN] (Minecraft) Ignoring player info update for unknown player 80ef9566-2b47-3942-aaed-acd5c9d3f514 ([UPDATE_GAME_MODE])
[01:19:40] [Render thread/WARN] (Minecraft) Ignoring player info update for unknown player 80ef9566-2b47-3942-aaed-acd5c9d3f514 ([UPDATE_GAME_MODE])
[01:19:41] [Render thread/WARN] (Minecraft) Ignoring player info update for unknown player ea303fb2-ded2-3a07-8251-6006ff78e4c4 ([UPDATE_GAME_MODE])
[01:19:41] [Render thread/WARN] (Minecraft) Ignoring player info update for unknown player ea303fb2-ded2-3a07-8251-6006ff78e4c4 ([UPDATE_GAME_MODE])
[01:19:41] [Render thread/WARN] (Minecraft) Ignoring player info update for unknown player ea303fb2-ded2-3a07-8251-6006ff78e4c4 ([UPDATE_GAME_MODE])
[01:19:41] [Render thread/WARN] (Minecraft) Ignoring player info update for unknown player ea303fb2-ded2-3a07-8251-6006ff78e4c4 ([UPDATE_GAME_MODE])
[01:19:41] [Render thread/WARN] (Minecraft) Ignoring player info update for unknown player 1f2b963c-bd13-3b20-b4f5-42bd825a3ebf ([UPDATE_GAME_MODE])
[01:19:41] [Render thread/WARN] (Minecraft) Ignoring player info update for unknown player 1f2b963c-bd13-3b20-b4f5-42bd825a3ebf ([UPDATE_GAME_MODE])
[01:19:41] [Render thread/WARN] (Minecraft) Ignoring player info update for unknown player ea303fb2-ded2-3a07-8251-6006ff78e4c4 ([UPDATE_GAME_MODE])
[01:19:41] [Render thread/WARN] (Minecraft) Ignoring player info update for unknown player ea303fb2-ded2-3a07-8251-6006ff78e4c4 ([UPDATE_GAME_MODE])
[01:19:41] [Render thread/WARN] (Minecraft) Ignoring player info update for unknown player ea303fb2-ded2-3a07-8251-6006ff78e4c4 ([UPDATE_GAME_MODE])
[01:19:41] [Render thread/WARN] (Minecraft) Ignoring player info update for unknown player ea303fb2-ded2-3a07-8251-6006ff78e4c4 ([UPDATE_GAME_MODE])
[01:19:41] [Render thread/WARN] (Minecraft) Ignoring player info update for unknown player 1f2b963c-bd13-3b20-b4f5-42bd825a3ebf ([UPDATE_GAME_MODE])
[01:19:41] [Render thread/WARN] (Minecraft) Ignoring player info update for unknown player 1f2b963c-bd13-3b20-b4f5-42bd825a3ebf ([UPDATE_GAME_MODE])
[01:19:41] [Render thread/WARN] (Minecraft) Ignoring player info update for unknown player 1f2b963c-bd13-3b20-b4f5-42bd825a3ebf ([UPDATE_GAME_MODE])
[01:19:41] [Render thread/WARN] (Minecraft) Ignoring player info update for unknown player 1f2b963c-bd13-3b20-b4f5-42bd825a3ebf ([UPDATE_GAME_MODE])
[01:19:41] [Render thread/WARN] (Minecraft) Ignoring player info update for unknown player 1f2b963c-bd13-3b20-b4f5-42bd825a3ebf ([UPDATE_GAME_MODE])
[01:19:41] [Render thread/WARN] (Minecraft) Ignoring player info update for unknown player 1f2b963c-bd13-3b20-b4f5-42bd825a3ebf ([UPDATE_GAME_MODE])
[01:19:42] [Render thread/WARN] (Minecraft) Ignoring player info update for unknown player 61b7ad7f-0d9d-3f68-b7c8-e054840ce750 ([UPDATE_GAME_MODE])
[01:19:42] [Render thread/WARN] (Minecraft) Ignoring player info update for unknown player 61b7ad7f-0d9d-3f68-b7c8-e054840ce750 ([UPDATE_GAME_MODE])
[01:19:42] [Render thread/WARN] (Minecraft) Ignoring player info update for unknown player 61b7ad7f-0d9d-3f68-b7c8-e054840ce750 ([UPDATE_GAME_MODE])
[01:19:42] [Render thread/WARN] (Minecraft) Ignoring player info update for unknown player 61b7ad7f-0d9d-3f68-b7c8-e054840ce750 ([UPDATE_GAME_MODE])
[01:19:42] [Render thread/WARN] (Minecraft) Ignoring player info update for unknown player 61b7ad7f-0d9d-3f68-b7c8-e054840ce750 ([UPDATE_GAME_MODE])
[01:19:42] [Render thread/WARN] (Minecraft) Ignoring player info update for unknown player 61b7ad7f-0d9d-3f68-b7c8-e054840ce750 ([UPDATE_GAME_MODE])
[01:19:42] [Render thread/WARN] (Minecraft) Ignoring player info update for unknown player 61b7ad7f-0d9d-3f68-b7c8-e054840ce750 ([UPDATE_GAME_MODE])
[01:19:42] [Render thread/WARN] (Minecraft) Ignoring player info update for unknown player 61b7ad7f-0d9d-3f68-b7c8-e054840ce750 ([UPDATE_GAME_MODE])
[01:19:44] [Render thread/WARN] (Minecraft) Ignoring player info update for unknown player a534de11-2e2c-3912-9305-ea1889ffc5e2 ([UPDATE_GAME_MODE])
[01:19:44] [Render thread/WARN] (Minecraft) Ignoring player info update for unknown player a534de11-2e2c-3912-9305-ea1889ffc5e2 ([UPDATE_GAME_MODE])
[01:19:44] [Render thread/WARN] (Minecraft) Ignoring player info update for unknown player a534de11-2e2c-3912-9305-ea1889ffc5e2 ([UPDATE_GAME_MODE])
[01:19:44] [Render thread/WARN] (Minecraft) Ignoring player info update for unknown player a534de11-2e2c-3912-9305-ea1889ffc5e2 ([UPDATE_GAME_MODE])
[01:19:44] [Render thread/WARN] (Minecraft) Ignoring player info update for unknown player d2aed469-036a-351d-a233-3601557ba6ca ([UPDATE_GAME_MODE])
[01:19:44] [Render thread/WARN] (Minecraft) Ignoring player info update for unknown player d2aed469-036a-351d-a233-3601557ba6ca ([UPDATE_GAME_MODE])
[01:19:44] [Render thread/WARN] (Minecraft) Ignoring player info update for unknown player d2aed469-036a-351d-a233-3601557ba6ca ([UPDATE_GAME_MODE])
[01:19:44] [Render thread/WARN] (Minecraft) Ignoring player info update for unknown player d2aed469-036a-351d-a233-3601557ba6ca ([UPDATE_GAME_MODE])
[01:19:44] [Render thread/WARN] (Minecraft) Ignoring player info update for unknown player d2aed469-036a-351d-a233-3601557ba6ca ([UPDATE_GAME_MODE])
[01:19:44] [Render thread/WARN] (Minecraft) Ignoring player info update for unknown player d2aed469-036a-351d-a233-3601557ba6ca ([UPDATE_GAME_MODE])
[01:19:44] [Render thread/WARN] (Minecraft) Ignoring player info update for unknown player d2aed469-036a-351d-a233-3601557ba6ca ([UPDATE_GAME_MODE])
[01:19:44] [Render thread/WARN] (Minecraft) Ignoring player info update for unknown player d2aed469-036a-351d-a233-3601557ba6ca ([UPDATE_GAME_MODE])
[01:19:45] [Render thread/WARN] (Minecraft) Ignoring player info update for unknown player 519e63a1-04d8-3e8c-899d-eba5ee85e4de ([UPDATE_GAME_MODE])
[01:19:45] [Render thread/WARN] (Minecraft) Ignoring player info update for unknown player 519e63a1-04d8-3e8c-899d-eba5ee85e4de ([UPDATE_GAME_MODE])
[01:19:45] [Render thread/WARN] (Minecraft) Ignoring player info update for unknown player 519e63a1-04d8-3e8c-899d-eba5ee85e4de ([UPDATE_GAME_MODE])
[01:19:45] [Render thread/WARN] (Minecraft) Ignoring player info update for unknown player 519e63a1-04d8-3e8c-899d-eba5ee85e4de ([UPDATE_GAME_MODE])
[01:19:45] [Render thread/WARN] (Minecraft) Ignoring player info update for unknown player 519e63a1-04d8-3e8c-899d-eba5ee85e4de ([UPDATE_GAME_MODE])
[01:19:45] [Render thread/WARN] (Minecraft) Ignoring player info update for unknown player 519e63a1-04d8-3e8c-899d-eba5ee85e4de ([UPDATE_GAME_MODE])
[01:19:45] [Render thread/WARN] (Minecraft) Ignoring player info update for unknown player 519e63a1-04d8-3e8c-899d-eba5ee85e4de ([UPDATE_GAME_MODE])
[01:19:45] [Render thread/WARN] (Minecraft) Ignoring player info update for unknown player 519e63a1-04d8-3e8c-899d-eba5ee85e4de ([UPDATE_GAME_MODE])
[01:19:46] [Render thread/WARN] (Minecraft) Ignoring player info update for unknown player 863043e9-6dbe-3d74-99c9-a62cb8f752b9 ([UPDATE_GAME_MODE])
[01:19:46] [Render thread/WARN] (Minecraft) Ignoring player info update for unknown player 863043e9-6dbe-3d74-99c9-a62cb8f752b9 ([UPDATE_GAME_MODE])
[01:19:46] [Render thread/WARN] (Minecraft) Ignoring player info update for unknown player 2d183ecb-6040-3698-96e9-d1d8e57cb388 ([UPDATE_GAME_MODE])
[01:19:46] [Render thread/WARN] (Minecraft) Ignoring player info update for unknown player 2d183ecb-6040-3698-96e9-d1d8e57cb388 ([UPDATE_GAME_MODE])
[01:19:46] [Render thread/WARN] (Minecraft) Ignoring player info update for unknown player 863043e9-6dbe-3d74-99c9-a62cb8f752b9 ([UPDATE_GAME_MODE])
[01:19:46] [Render thread/WARN] (Minecraft) Ignoring player info update for unknown player 863043e9-6dbe-3d74-99c9-a62cb8f752b9 ([UPDATE_GAME_MODE])
[01:19:46] [Render thread/WARN] (Minecraft) Ignoring player info update for unknown player 863043e9-6dbe-3d74-99c9-a62cb8f752b9 ([UPDATE_GAME_MODE])
[01:19:46] [Render thread/WARN] (Minecraft) Ignoring player info update for unknown player 863043e9-6dbe-3d74-99c9-a62cb8f752b9 ([UPDATE_GAME_MODE])
[01:19:46] [Render thread/WARN] (Minecraft) Ignoring player info update for unknown player 863043e9-6dbe-3d74-99c9-a62cb8f752b9 ([UPDATE_GAME_MODE])
[01:19:46] [Render thread/WARN] (Minecraft) Ignoring player info update for unknown player 863043e9-6dbe-3d74-99c9-a62cb8f752b9 ([UPDATE_GAME_MODE])
[01:19:46] [Render thread/WARN] (Minecraft) Ignoring player info update for unknown player 2d183ecb-6040-3698-96e9-d1d8e57cb388 ([UPDATE_GAME_MODE])
[01:19:46] [Render thread/WARN] (Minecraft) Ignoring player info update for unknown player 2d183ecb-6040-3698-96e9-d1d8e57cb388 ([UPDATE_GAME_MODE])
[01:19:46] [Render thread/WARN] (Minecraft) Ignoring player info update for unknown player 2d183ecb-6040-3698-96e9-d1d8e57cb388 ([UPDATE_GAME_MODE])
[01:19:46] [Render thread/WARN] (Minecraft) Ignoring player info update for unknown player 2d183ecb-6040-3698-96e9-d1d8e57cb388 ([UPDATE_GAME_MODE])
[01:19:46] [Render thread/WARN] (Minecraft) Ignoring player info update for unknown player 2d183ecb-6040-3698-96e9-d1d8e57cb388 ([UPDATE_GAME_MODE])
[01:19:46] [Render thread/WARN] (Minecraft) Ignoring player info update for unknown player 2d183ecb-6040-3698-96e9-d1d8e57cb388 ([UPDATE_GAME_MODE])
[01:19:47] [Render thread/WARN] (Minecraft) Ignoring player info update for unknown player f8dbd8ae-ae8f-3eb1-9c87-6805c5b7814a ([UPDATE_GAME_MODE])
[01:19:47] [Render thread/WARN] (Minecraft) Ignoring player info update for unknown player f8dbd8ae-ae8f-3eb1-9c87-6805c5b7814a ([UPDATE_GAME_MODE])
[01:19:47] [Render thread/WARN] (Minecraft) Ignoring player info update for unknown player f8dbd8ae-ae8f-3eb1-9c87-6805c5b7814a ([UPDATE_GAME_MODE])
[01:19:47] [Render thread/WARN] (Minecraft) Ignoring player info update for unknown player f8dbd8ae-ae8f-3eb1-9c87-6805c5b7814a ([UPDATE_GAME_MODE])
[01:19:47] [Render thread/WARN] (Minecraft) Ignoring player info update for unknown player f8dbd8ae-ae8f-3eb1-9c87-6805c5b7814a ([UPDATE_GAME_MODE])
[01:19:47] [Render thread/WARN] (Minecraft) Ignoring player info update for unknown player f8dbd8ae-ae8f-3eb1-9c87-6805c5b7814a ([UPDATE_GAME_MODE])
[01:19:47] [Render thread/WARN] (Minecraft) Ignoring player info update for unknown player f8dbd8ae-ae8f-3eb1-9c87-6805c5b7814a ([UPDATE_GAME_MODE])
[01:19:47] [Render thread/WARN] (Minecraft) Ignoring player info update for unknown player f8dbd8ae-ae8f-3eb1-9c87-6805c5b7814a ([UPDATE_GAME_MODE])
[01:19:48] [Render thread/WARN] (Minecraft) Ignoring player info update for unknown player a8b8f790-f435-3f3c-bdce-efcd7da85e84 ([UPDATE_GAME_MODE])
[01:19:48] [Render thread/WARN] (Minecraft) Ignoring player info update for unknown player a8b8f790-f435-3f3c-bdce-efcd7da85e84 ([UPDATE_GAME_MODE])
[01:19:48] [Render thread/WARN] (Minecraft) Ignoring player info update for unknown player a8b8f790-f435-3f3c-bdce-efcd7da85e84 ([UPDATE_GAME_MODE])
[01:19:48] [Render thread/WARN] (Minecraft) Ignoring player info update for unknown player a8b8f790-f435-3f3c-bdce-efcd7da85e84 ([UPDATE_GAME_MODE])
[01:19:48] [Render thread/WARN] (Minecraft) Ignoring player info update for unknown player a8b8f790-f435-3f3c-bdce-efcd7da85e84 ([UPDATE_GAME_MODE])
[01:19:48] [Render thread/WARN] (Minecraft) Ignoring player info update for unknown player a8b8f790-f435-3f3c-bdce-efcd7da85e84 ([UPDATE_GAME_MODE])
[01:19:48] [Render thread/WARN] (Minecraft) Ignoring player info update for unknown player a8b8f790-f435-3f3c-bdce-efcd7da85e84 ([UPDATE_GAME_MODE])
[01:19:48] [Render thread/WARN] (Minecraft) Ignoring player info update for unknown player a8b8f790-f435-3f3c-bdce-efcd7da85e84 ([UPDATE_GAME_MODE])
[01:19:52] [Render thread/WARN] (Minecraft) Ignoring player info update for unknown player 004cbf1f-b1d9-39d7-b02a-c4e3c43688af ([UPDATE_GAME_MODE])
[01:19:52] [Render thread/WARN] (Minecraft) Ignoring player info update for unknown player 004cbf1f-b1d9-39d7-b02a-c4e3c43688af ([UPDATE_GAME_MODE])
[01:19:52] [Render thread/WARN] (Minecraft) Ignoring player info update for unknown player 004cbf1f-b1d9-39d7-b02a-c4e3c43688af ([UPDATE_GAME_MODE])
[01:19:52] [Render thread/WARN] (Minecraft) Ignoring player info update for unknown player 004cbf1f-b1d9-39d7-b02a-c4e3c43688af ([UPDATE_GAME_MODE])
[01:19:53] [Render thread/INFO] (Minecraft) [System] [CHAT] 
[01:19:53] [Render thread/INFO] (Minecraft) [System] [CHAT]  ⚡ Наши сообщества и соц. сети /links
[01:19:53] [Render thread/INFO] (Minecraft) [System] [CHAT] 
[01:19:53] [Render thread/WARN] (Minecraft) Ignoring player info update for unknown player d2aed469-036a-351d-a233-3601557ba6ca ([UPDATE_GAME_MODE])
[01:19:53] [Render thread/WARN] (Minecraft) Ignoring player info update for unknown player d2aed469-036a-351d-a233-3601557ba6ca ([UPDATE_GAME_MODE])
[01:19:53] [Render thread/WARN] (Minecraft) Ignoring player info update for unknown player d2aed469-036a-351d-a233-3601557ba6ca ([UPDATE_GAME_MODE])
[01:19:53] [Render thread/WARN] (Minecraft) Ignoring player info update for unknown player d2aed469-036a-351d-a233-3601557ba6ca ([UPDATE_GAME_MODE])
[01:19:53] [Render thread/WARN] (Minecraft) Ignoring player info update for unknown player b68eed08-4c3c-39aa-a70d-a415431730ee ([UPDATE_GAME_MODE])
[01:19:53] [Render thread/WARN] (Minecraft) Ignoring player info update for unknown player b68eed08-4c3c-39aa-a70d-a415431730ee ([UPDATE_GAME_MODE])
[01:19:53] [Render thread/WARN] (Minecraft) Ignoring player info update for unknown player d2aed469-036a-351d-a233-3601557ba6ca ([UPDATE_GAME_MODE])
[01:19:53] [Render thread/WARN] (Minecraft) Ignoring player info update for unknown player d2aed469-036a-351d-a233-3601557ba6ca ([UPDATE_GAME_MODE])
[01:19:53] [Render thread/WARN] (Minecraft) Ignoring player info update for unknown player d2aed469-036a-351d-a233-3601557ba6ca ([UPDATE_GAME_MODE])
[01:19:53] [Render thread/WARN] (Minecraft) Ignoring player info update for unknown player d2aed469-036a-351d-a233-3601557ba6ca ([UPDATE_GAME_MODE])
[01:19:53] [Render thread/WARN] (Minecraft) Ignoring player info update for unknown player b68eed08-4c3c-39aa-a70d-a415431730ee ([UPDATE_GAME_MODE])
[01:19:53] [Render thread/WARN] (Minecraft) Ignoring player info update for unknown player b68eed08-4c3c-39aa-a70d-a415431730ee ([UPDATE_GAME_MODE])
[01:19:53] [Render thread/WARN] (Minecraft) Ignoring player info update for unknown player b68eed08-4c3c-39aa-a70d-a415431730ee ([UPDATE_GAME_MODE])
[01:19:53] [Render thread/WARN] (Minecraft) Ignoring player info update for unknown player b68eed08-4c3c-39aa-a70d-a415431730ee ([UPDATE_GAME_MODE])
[01:19:53] [Render thread/WARN] (Minecraft) Ignoring player info update for unknown player b68eed08-4c3c-39aa-a70d-a415431730ee ([UPDATE_GAME_MODE])
[01:19:53] [Render thread/WARN] (Minecraft) Ignoring player info update for unknown player b68eed08-4c3c-39aa-a70d-a415431730ee ([UPDATE_GAME_MODE])
[01:19:55] [Render thread/WARN] (Minecraft) Ignoring player info update for unknown player 4067ae98-f7d7-3fbf-862d-4db710cf00b1 ([UPDATE_GAME_MODE])
[01:19:55] [Render thread/WARN] (Minecraft) Ignoring player info update for unknown player 4067ae98-f7d7-3fbf-862d-4db710cf00b1 ([UPDATE_GAME_MODE])
[01:19:55] [Render thread/WARN] (Minecraft) Ignoring player info update for unknown player 4067ae98-f7d7-3fbf-862d-4db710cf00b1 ([UPDATE_GAME_MODE])
[01:19:55] [Render thread/WARN] (Minecraft) Ignoring player info update for unknown player 4067ae98-f7d7-3fbf-862d-4db710cf00b1 ([UPDATE_GAME_MODE])
[01:19:55] [Render thread/WARN] (Minecraft) Ignoring player info update for unknown player 4067ae98-f7d7-3fbf-862d-4db710cf00b1 ([UPDATE_GAME_MODE])
[01:19:55] [Render thread/WARN] (Minecraft) Ignoring player info update for unknown player 4067ae98-f7d7-3fbf-862d-4db710cf00b1 ([UPDATE_GAME_MODE])
[01:19:55] [Render thread/WARN] (Minecraft) Ignoring player info update for unknown player 4067ae98-f7d7-3fbf-862d-4db710cf00b1 ([UPDATE_GAME_MODE])
[01:19:55] [Render thread/WARN] (Minecraft) Ignoring player info update for unknown player 4067ae98-f7d7-3fbf-862d-4db710cf00b1 ([UPDATE_GAME_MODE])
[01:19:56] [Render thread/WARN] (Minecraft) Ignoring player info update for unknown player df49aebd-430a-3970-bcd5-7232fae8056d ([UPDATE_GAME_MODE])
[01:19:56] [Render thread/WARN] (Minecraft) Ignoring player info update for unknown player df49aebd-430a-3970-bcd5-7232fae8056d ([UPDATE_GAME_MODE])
[01:19:56] [Render thread/WARN] (Minecraft) Ignoring player info update for unknown player df49aebd-430a-3970-bcd5-7232fae8056d ([UPDATE_GAME_MODE])
[01:19:56] [Render thread/WARN] (Minecraft) Ignoring player info update for unknown player df49aebd-430a-3970-bcd5-7232fae8056d ([UPDATE_GAME_MODE])
[01:19:56] [Render thread/WARN] (Minecraft) Ignoring player info update for unknown player df49aebd-430a-3970-bcd5-7232fae8056d ([UPDATE_GAME_MODE])
[01:19:56] [Render thread/WARN] (Minecraft) Ignoring player info update for unknown player df49aebd-430a-3970-bcd5-7232fae8056d ([UPDATE_GAME_MODE])
[01:19:56] [Render thread/WARN] (Minecraft) Ignoring player info update for unknown player df49aebd-430a-3970-bcd5-7232fae8056d ([UPDATE_GAME_MODE])
[01:19:56] [Render thread/WARN] (Minecraft) Ignoring player info update for unknown player df49aebd-430a-3970-bcd5-7232fae8056d ([UPDATE_GAME_MODE])
[01:19:58] [Render thread/WARN] (Minecraft) Ignoring player info update for unknown player 66754782-9663-3b8e-ae5f-6edeeb6b6c7a ([UPDATE_GAME_MODE])
[01:19:58] [Render thread/WARN] (Minecraft) Ignoring player info update for unknown player 66754782-9663-3b8e-ae5f-6edeeb6b6c7a ([UPDATE_GAME_MODE])
[01:19:58] [Render thread/WARN] (Minecraft) Ignoring player info update for unknown player 66754782-9663-3b8e-ae5f-6edeeb6b6c7a ([UPDATE_GAME_MODE])
[01:19:58] [Render thread/WARN] (Minecraft) Ignoring player info update for unknown player 66754782-9663-3b8e-ae5f-6edeeb6b6c7a ([UPDATE_GAME_MODE])
[01:19:59] [Render thread/WARN] (Minecraft) Ignoring player info update for unknown player 66754782-9663-3b8e-ae5f-6edeeb6b6c7a ([UPDATE_GAME_MODE])
[01:19:59] [Render thread/WARN] (Minecraft) Ignoring player info update for unknown player 66754782-9663-3b8e-ae5f-6edeeb6b6c7a ([UPDATE_GAME_MODE])
[01:19:59] [Render thread/WARN] (Minecraft) Ignoring player info update for unknown player 66754782-9663-3b8e-ae5f-6edeeb6b6c7a ([UPDATE_GAME_MODE])
[01:19:59] [Render thread/WARN] (Minecraft) Ignoring player info update for unknown player 66754782-9663-3b8e-ae5f-6edeeb6b6c7a ([UPDATE_GAME_MODE])
[01:19:59] [Render thread/WARN] (Minecraft) Ignoring player info update for unknown player b3464643-cb81-38db-b484-868aed79e36e ([UPDATE_GAME_MODE])
[01:19:59] [Render thread/WARN] (Minecraft) Ignoring player info update for unknown player b3464643-cb81-38db-b484-868aed79e36e ([UPDATE_GAME_MODE])
[01:19:59] [Render thread/WARN] (Minecraft) Ignoring player info update for unknown player b3464643-cb81-38db-b484-868aed79e36e ([UPDATE_GAME_MODE])
[01:19:59] [Render thread/WARN] (Minecraft) Ignoring player info update for unknown player b3464643-cb81-38db-b484-868aed79e36e ([UPDATE_GAME_MODE])
[01:19:59] [Render thread/WARN] (Minecraft) Ignoring player info update for unknown player b3464643-cb81-38db-b484-868aed79e36e ([UPDATE_GAME_MODE])
[01:19:59] [Render thread/WARN] (Minecraft) Ignoring player info update for unknown player b3464643-cb81-38db-b484-868aed79e36e ([UPDATE_GAME_MODE])
[01:19:59] [Render thread/WARN] (Minecraft) Ignoring player info update for unknown player b3464643-cb81-38db-b484-868aed79e36e ([UPDATE_GAME_MODE])
[01:19:59] [Render thread/WARN] (Minecraft) Ignoring player info update for unknown player b3464643-cb81-38db-b484-868aed79e36e ([UPDATE_GAME_MODE])
[01:20:00] [Render thread/WARN] (Minecraft) Ignoring player info update for unknown player c600115b-7b96-300d-82d6-500222e179f6 ([UPDATE_GAME_MODE])
[01:20:00] [Render thread/WARN] (Minecraft) Ignoring player info update for unknown player c600115b-7b96-300d-82d6-500222e179f6 ([UPDATE_GAME_MODE])
[01:20:00] [Render thread/WARN] (Minecraft) Ignoring player info update for unknown player c600115b-7b96-300d-82d6-500222e179f6 ([UPDATE_GAME_MODE])
[01:20:00] [Render thread/WARN] (Minecraft) Ignoring player info update for unknown player c600115b-7b96-300d-82d6-500222e179f6 ([UPDATE_GAME_MODE])
[01:20:00] [Render thread/WARN] (Minecraft) Ignoring player info update for unknown player c600115b-7b96-300d-82d6-500222e179f6 ([UPDATE_GAME_MODE])
[01:20:00] [Render thread/WARN] (Minecraft) Ignoring player info update for unknown player c600115b-7b96-300d-82d6-500222e179f6 ([UPDATE_GAME_MODE])
[01:20:00] [Render thread/WARN] (Minecraft) Ignoring player info update for unknown player c600115b-7b96-300d-82d6-500222e179f6 ([UPDATE_GAME_MODE])
[01:20:00] [Render thread/WARN] (Minecraft) Ignoring player info update for unknown player c600115b-7b96-300d-82d6-500222e179f6 ([UPDATE_GAME_MODE])
[01:20:02] [Render thread/WARN] (Minecraft) Ignoring player info update for unknown player 1f2b963c-bd13-3b20-b4f5-42bd825a3ebf ([UPDATE_GAME_MODE])
[01:20:02] [Render thread/WARN] (Minecraft) Ignoring player info update for unknown player 1f2b963c-bd13-3b20-b4f5-42bd825a3ebf ([UPDATE_GAME_MODE])
[01:20:02] [Render thread/WARN] (Minecraft) Ignoring player info update for unknown player 1f2b963c-bd13-3b20-b4f5-42bd825a3ebf ([UPDATE_GAME_MODE])
[01:20:02] [Render thread/WARN] (Minecraft) Ignoring player info update for unknown player 1f2b963c-bd13-3b20-b4f5-42bd825a3ebf ([UPDATE_GAME_MODE])
[01:20:06] [Render thread/INFO] (Minecraft) Stopping!
